Country_Code,Total_Points,Previous_Rank,Year
BRA,839,1,2006
CZE,796,2,2006
NED,790,3,2006
ARG,772,4,2006
ESP,768,5,2006
FRA,768,5,2006
MEX,767,5,2006
USA,767,8,2006
ENG,757,9,2006
POR,753,10,2006
TUR,748,11,2006
ITA,741,12,2006
DEN,733,13,2006
SWE,731,14,2006
JPN,714,15,2006
GRE,708,16,2006
GER,707,16,2006
URU,705,18,2006
IRN,703,19,2006
CRO,701,20,2006
CRC,700,21,2006
POL,695,22,2006
CMR,694,23,2006
COL,692,24,2006
NGA,692,24,2006
IRL,691,24,2006
ROU,686,27,2006
TUN,685,28,2006
KOR,680,29,2006
PAR,672,30,2006
SEN,672,30,2006
EGY,666,32,2006
KSA,663,33,2006
RUS,661,34,2006
MAR,660,36,2006
SUI,655,35,2006
NOR,649,38,2006
ECU,647,37,2006
BUL,638,39,2006
UKR,629,40,2006
HON,628,41,2006
CIV,626,42,2006
JAM,626,42,2006
ISR,621,44,2006
SVK,621,45,2006
FIN,614,46,2006
SRB,612,47,2006
AUS,610,48,2006
RSA,609,49,2006
GHA,608,50,2006
TRI,608,50,2006
BHR,603,52,2006
ZIM,599,53,2006
IRQ,597,54,2006
BEL,595,55,2006
GUA,585,56,2006
TOG,585,56,2006
ZAM,584,58,2006
UZB,573,59,2006
SCO,572,60,2006
BLR,570,61,2006
MLI,569,63,2006
ANG,568,61,2006
BIH,561,65,2006
CHI,561,64,2006
PER,560,66,2006
LVA,560,69,2006
VEN,555,67,2006
SVN,553,68,2006
HUN,552,74,2006
AUT,550,69,2006
WAL,549,71,2006
CHN,547,72,2006
KUW,547,72,2006
CUB,546,75,2006
EST,543,76,2006
GUI,541,79,2006
COD,536,77,2006
PAN,536,78,2006
ALG,522,80,2006
LBY,522,80,2006
PRK,520,82,2006
ALB,517,82,2006
CAN,511,84,2006
UAE,509,85,2006
JOR,503,86,2006
BFA,502,87,2006
MKD,502,87,2006
QAT,493,95,2006
KEN,487,89,2006
RWA,487,89,2006
OMA,483,91,2006
SGP,483,92,2006
SDN,483,92,2006
ISL,482,94,2006
UGA,475,101,2006
BOL,472,96,2006
CYP,472,96,2006
BOT,466,101,2006
HAI,465,98,2006
SYR,465,98,2006
LTU,463,100,2006
NIR,460,103,2006
GAB,459,104,2006
GEO,458,104,2006
MWI,451,106,2006
MDA,441,107,2006
ARM,431,108,2006
THA,422,111,2006
IDN,417,109,2006
CGO,411,110,2006
ETH,399,112,2006
BEN,396,113,2006
AZE,394,114,2006
BRB,386,115,2006
TKM,385,116,2006
HKG,383,117,2006
IND,381,127,2006
MLT,371,118,2006
CPV,371,118,2006
NZL,368,120,2006
VIE,368,120,2006
LIE,366,122,2006
MAS,358,123,2006
SLV,357,124,2006
LBN,356,125,2006
AND,356,125,2006
LCA,344,128,2006
SKN,337,129,2006
MOZ,336,130,2006
VIN,335,130,2006
FRO,324,132,2006
MDV,323,133,2006
SWZ,322,134,2006
FIJ,317,135,2006
LBR,317,135,2006
KAZ,314,137,2006
PLE,314,137,2006
YEM,310,139,2006
SOL,303,140,2006
TAH,299,141,2006
TJK,299,141,2006
BAN,296,160,2006
MRI,283,143,2006
SRI,281,144,2006
LES,267,145,2006
VAN,266,146,2006
BDI,265,147,2006
MYA,265,147,2006
MAD,264,149,2006
LUX,256,150,2006
GRN,249,151,2006
NCA,244,152,2006
SUR,244,152,2006
ATG,242,154,2006
TPE,237,156,2006
SMR,237,155,2006
PAK,236,158,2006
KGZ,235,157,2006
CHA,229,159,2006
BER,219,161,2006
NAM,219,161,2006
SLE,213,163,2006
GAM,205,164,2006
TAN,196,165,2006
PNG,190,166,2006
GUY,185,167,2006
ERI,182,169,2006
LAO,180,170,2006
VGB,176,171,2006
DMA,171,172,2006
EQG,168,173,2006
DOM,157,174,2006
NEP,153,175,2006
SEY,152,176,2006
NIG,144,177,2006
MTN,139,178,2006
MNG,137,179,2006
BLZ,134,180,2006
CAY,133,181,2006
SAM,131,182,2006
CTA,128,183,2006
SOM,111,184,2006
TGA,110,185,2006
GNB,109,186,2006
NCL,104,187,2006
CAM,95,188,2006
AFG,85,189,2006
BHU,84,190,2006
PHI,77,191,2006
MAC,75,192,2006
BAH,68,193,2006
COK,65,194,2006
PUR,62,195,2006
VIR,58,196,2006
STP,55,197,2006
AIA,52,198,2006
BRU,49,199,2006
ARU,46,200,2006
DJI,46,200,2006
MSR,30,202,2006
TCA,22,203,2006
GUM,20,204,2006
ASA,15,205,2006
BRA,1588,1,2007
ITA,1560,2,2007
ARG,1551,3,2007
FRA,1523,4,2007
GER,1363,6,2007
ENG,1359,5,2007
NED,1305,7,2007
POR,1258,8,2007
NGA,1244,9,2007
CZE,1190,10,2007
CMR,1160,11,2007
ESP,1154,12,2007
UKR,1054,13,2007
SWE,958,14,2007
CRO,948,15,2007
GRE,945,16,2007
SUI,937,17,2007
CIV,919,18,2007
EGY,918,27,2007
ROU,912,19,2007
MEX,883,20,2007
GUI,881,23,2007
DEN,865,21,2007
RUS,858,22,2007
POL,854,24,2007
SCO,847,25,2007
TUR,845,26,2007
GHA,828,28,2007
ECU,822,30,2007
URU,806,29,2007
USA,792,31,2007
TUN,784,32,2007
SRB,765,33,2007
COL,755,34,2007
PAR,745,35,2007
MLI,731,36,2007
SVK,720,37,2007
IRN,720,38,2007
AUS,703,39,2007
CHI,700,41,2007
SEN,699,41,2007
MAR,684,39,2007
BUL,684,43,2007
ISR,667,44,2007
UZB,645,45,2007
JPN,640,47,2007
NIR,625,48,2007
CUB,619,46,2007
IRL,596,49,2007
NOR,587,50,2007
KOR,574,51,2007
FIN,569,52,2007
BEL,563,53,2007
MKD,545,54,2007
ANG,540,55,2007
HON,538,56,2007
JAM,527,57,2007
BIH,511,59,2007
QAT,503,58,2007
COD,502,66,2007
HUN,494,62,2007
BFA,491,61,2007
ZAM,485,62,2007
KSA,482,64,2007
AUT,473,65,2007
TOG,460,60,2007
CRC,460,68,2007
LTU,455,69,2007
RSA,454,67,2007
BLR,447,70,2007
PER,447,70,2007
ZIM,436,76,2007
VEN,434,73,2007
WAL,428,73,2007
CYP,428,73,2007
KUW,417,78,2007
SVN,414,77,2007
CPV,413,78,2007
ALG,413,80,2007
PAN,411,81,2007
CAN,399,82,2007
IRQ,394,83,2007
CHN,389,84,2007
OMA,383,72,2007
MDA,382,86,2007
ALB,375,87,2007
TRI,372,91,2007
UAE,371,87,2007
CGO,370,89,2007
LVA,357,90,2007
ETH,356,92,2007
HAI,346,102,2007
ISL,335,93,2007
JOR,334,95,2007
GEO,327,94,2007
GAB,326,95,2007
BHR,321,97,2007
LBY,318,99,2007
BRB,309,98,2007
GUY,303,100,2007
BOL,300,101,2007
UGA,292,103,2007
MWI,287,104,2007
VIN,285,85,2007
GUA,282,105,2007
EST,279,106,2007
BOT,269,108,2007
EQG,262,109,2007
TAN,251,110,2007
LBN,232,126,2007
SYR,231,112,2007
LBR,230,115,2007
SDN,230,120,2007
SUR,229,122,2007
BEN,227,114,2007
NAM,227,116,2007
HKG,225,117,2007
MLT,223,119,2007
RWA,219,121,2007
BDI,218,117,2007
BER,206,107,2007
MTN,202,133,2007
ARM,196,123,2007
THA,192,137,2007
TJK,190,124,2007
SGP,189,111,2007
AZE,182,125,2007
KEN,180,127,2007
MOZ,174,128,2007
SEY,173,130,2007
PLE,172,128,2007
NZL,172,131,2007
PRK,169,113,2007
VIE,167,172,2007
GAM,163,134,2007
DOM,157,136,2007
ATG,153,132,2007
KGZ,149,139,2007
ERI,146,140,2007
YEM,143,141,2007
CHA,142,142,2007
KAZ,139,135,2007
SKN,137,143,2007
MRI,131,138,2007
SRI,118,145,2007
MYA,118,154,2007
BAH,113,146,2007
NIG,112,147,2007
IDN,111,153,2007
LAO,109,151,2007
BAN,108,144,2007
SWZ,108,148,2007
SLE,108,148,2007
FIJ,107,150,2007
TKM,96,155,2007
SLV,91,156,2007
MAS,90,152,2007
IND,90,157,2007
LIE,84,158,2007
MDV,81,158,2007
LES,81,160,2007
SOL,81,160,2007
GRN,78,163,2007
LCA,77,160,2007
AND,76,164,2007
TPE,73,166,2007
VAN,70,167,2007
NCA,69,168,2007
TCA,64,169,2007
NEP,63,170,2007
PAK,62,164,2007
TAH,55,173,2007
BRU,53,175,2007
NCL,51,176,2007
CAM,49,174,2007
PNG,47,178,2007
AFG,43,180,2007
PHI,43,171,2007
CTA,40,179,2007
MNG,31,181,2007
FRO,31,181,2007
DMA,31,181,2007
MAD,30,184,2007
MAC,28,185,2007
LUX,27,186,2007
COM,26,207,2007
SAM,22,187,2007
TGA,21,188,2007
CAY,20,189,2007
BHU,19,192,2007
VGB,18,190,2007
GNB,18,191,2007
SOM,13,193,2007
SMR,11,194,2007
PUR,10,195,2007
AIA,6,196,2007
COK,3,197,2007
ARG,1523,1,2008
BRA,1502,2,2008
ITA,1498,3,2008
ESP,1349,4,2008
GER,1305,5,2008
CZE,1290,6,2008
FRA,1243,7,2008
POR,1241,8,2008
NED,1170,9,2008
CRO,1129,10,2008
GRE,1114,11,2008
ENG,1113,12,2008
ROU,1088,13,2008
SCO,990,14,2008
MEX,982,15,2008
TUR,924,16,2008
COL,905,17,2008
BUL,881,18,2008
NGA,879,20,2008
USA,876,19,2008
PAR,873,21,2008
SWE,864,24,2008
POL,862,22,2008
RUS,861,23,2008
CMR,853,24,2008
ISR,852,26,2008
SRB,844,27,2008
URU,831,28,2008
NOR,827,29,2008
UKR,824,30,2008
DEN,797,31,2008
NIR,780,32,2008
GUI,765,33,2008
JPN,748,34,2008
EGY,733,39,2008
IRL,731,35,2008
FIN,697,36,2008
CIV,688,37,2008
MAR,676,39,2008
SEN,675,38,2008
KOR,663,42,2008
IRN,663,41,2008
GHA,660,43,2008
SUI,657,44,2008
CHI,655,45,2008
TUN,624,47,2008
MLI,622,46,2008
AUS,607,48,2008
BEL,600,49,2008
HUN,594,50,2008
BIH,585,51,2008
ECU,581,56,2008
MDA,579,52,2008
SVK,578,53,2008
HON,578,53,2008
CAN,576,55,2008
KSA,571,61,2008
WAL,560,57,2008
VEN,557,62,2008
MKD,556,58,2008
LTU,554,59,2008
BLR,553,60,2008
PER,508,63,2008
PAN,494,67,2008
CYP,493,66,2008
UZB,492,64,2008
ZAM,474,65,2008
IRQ,474,68,2008
CRC,467,70,2008
COD,454,74,2008
CUB,445,71,2008
ANG,443,73,2008
HAI,438,69,2008
TOG,426,72,2008
MOZ,419,75,2008
GEO,414,77,2008
ALG,414,79,2008
RSA,411,77,2008
TRI,411,81,2008
ALB,407,80,2008
SVN,403,83,2008
CHN,396,81,2008
ZIM,389,87,2008
EQG,387,85,2008
LVA,386,86,2008
ARM,386,93,2008
ISL,380,90,2008
QAT,379,87,2008
CGO,377,91,2008
AUT,366,94,2008
ETH,366,105,2008
OMA,359,84,2008
LBY,351,95,2008
NZL,349,95,2008
BEN,349,97,2008
SDN,349,92,2008
UGA,346,76,2008
JAM,345,97,2008
UAE,341,100,2008
BHR,340,102,2008
TAN,333,89,2008
BOT,333,103,2008
GAB,332,104,2008
SYR,329,107,2008
GUA,323,106,2008
BOL,313,108,2008
THA,312,121,2008
KAZ,308,112,2008
RWA,302,99,2008
CPV,301,111,2008
GAM,291,117,2008
BFA,283,113,2008
JOR,283,120,2008
MTN,283,130,2008
KUW,280,119,2008
AZE,279,115,2008
NCL,271,118,2008
LIE,260,122,2008
NAM,257,114,2008
KEN,257,110,2008
BDI,255,109,2008
SOL,250,123,2008
VIE,232,142,2008
EST,231,124,2008
HKG,228,125,2008
SGP,227,126,2008
PRK,225,115,2008
TKM,222,127,2008
GUY,210,128,2008
VIN,209,101,2008
FIJ,208,131,2008
IDN,207,133,2008
LBN,205,134,2008
ERI,203,132,2008
SLV,188,134,2008
MLT,184,136,2008
MWI,182,138,2008
KGZ,180,139,2008
VAN,175,140,2008
CHA,171,141,2008
TJK,168,137,2008
BRB,159,128,2008
YEM,155,144,2008
LBR,152,145,2008
IND,152,143,2008
SAM,142,146,2008
BER,134,147,2008
SWZ,131,148,2008
MAD,127,149,2008
LUX,127,149,2008
SKN,124,160,2008
SUR,118,153,2008
MDV,116,151,2008
LES,113,154,2008
MYA,111,157,2008
ATG,110,151,2008
NIG,103,155,2008
NCA,96,161,2008
SLE,94,156,2008
TAH,94,162,2008
SEY,89,163,2008
PLE,86,165,2008
PAK,85,163,2008
MRI,83,158,2008
DOM,83,166,2008
MAS,83,159,2008
SRI,79,167,2008
BAN,78,168,2008
TPE,78,169,2008
TGA,77,170,2008
GNB,72,171,2008
MNE,65,172,2008
MNE,65,172,2008
DJI,64,173,2008
BAH,58,174,2008
AND,57,175,2008
GRN,45,176,2008
MNG,44,178,2008
LAO,38,176,2008
TCA,32,181,2008
ANT,32,183,2008
CTA,31,182,2008
PHI,31,179,2008
LCA,31,180,2008
CAM,30,183,2008
PNG,30,183,2008
NEP,29,186,2008
BRU,24,188,2008
DMA,21,189,2008
MAC,18,190,2008
AFG,16,191,2008
COM,13,187,2008
CAY,13,192,2008
VGB,12,192,2008
FRO,12,194,2008
SOM,8,195,2008
PUR,7,196,2008
SMR,6,197,2008
AIA,4,198,2008
BHU,4,198,2008
COK,2,200,2008
ESP,1663,1,2009
GER,1389,2,2009
NED,1338,3,2009
ITA,1326,4,2009
BRA,1246,5,2009
ARG,1180,6,2009
CRO,1142,7,2009
ENG,1115,8,2009
RUS,1103,9,2009
TUR,1016,10,2009
POR,1007,11,2009
FRA,1007,11,2009
CZE,1007,11,2009
CMR,989,14,2009
EGY,974,16,2009
UKR,909,15,2009
NGA,891,19,2009
PAR,889,17,2009
ISR,877,18,2009
GRE,872,20,2009
ROU,858,21,2009
USA,853,22,2009
URU,828,23,2009
SUI,824,24,2009
GHA,813,25,2009
MEX,811,26,2009
CIV,785,29,2009
BUL,782,27,2009
AUS,777,28,2009
CHI,757,31,2009
SWE,748,32,2009
POL,748,34,2009
SCO,739,33,2009
JPN,734,35,2009
SRB,731,30,2009
DEN,716,37,2009
IRL,711,38,2009
GUI,710,39,2009
ECU,697,36,2009
HON,689,40,2009
MAR,640,41,2009
KOR,628,42,2009
MLI,626,45,2009
SVK,621,44,2009
TUN,615,46,2009
IRN,613,43,2009
HUN,606,47,2009
CRC,606,53,2009
COL,597,49,2009
SEN,583,50,2009
LTU,583,51,2009
NIR,580,52,2009
KSA,559,48,2009
BEL,548,54,2009
FIN,535,55,2009
MKD,533,56,2009
SVN,532,57,2009
BOL,528,58,2009
NOR,526,59,2009
WAL,522,60,2009
BIH,517,61,2009
GAB,512,62,2009
BFA,512,62,2009
ALG,501,64,2009
VEN,496,65,2009
JAM,494,65,2009
ANG,492,70,2009
UGA,489,71,2009
UZB,485,72,2009
CGO,484,68,2009
LVA,484,67,2009
PER,462,75,2009
TRI,461,77,2009
RSA,458,76,2009
GAM,446,88,2009
ZAM,430,72,2009
CUB,425,79,2009
LBY,424,82,2009
ALB,424,81,2009
ISL,421,83,2009
BLR,420,84,2009
NZL,419,86,2009
PAN,417,88,2009
KEN,413,68,2009
IRQ,412,72,2009
QAT,410,84,2009
CAN,410,90,2009
COD,410,91,2009
BHR,407,80,2009
TOG,405,86,2009
RWA,391,78,2009
AUT,388,92,2009
SDN,383,93,2009
OMA,376,96,2009
CYP,376,94,2009
ZIM,374,97,2009
MDA,373,97,2009
MOZ,372,95,2009
BEN,362,101,2009
HAI,357,102,2009
TAN,352,99,2009
ETH,348,103,2009
MWI,342,104,2009
CHN,340,100,2009
SYR,336,105,2009
FIJ,333,106,2009
CPV,332,107,2009
GEO,328,108,2009
GUA,325,109,2009
SLV,315,111,2009
SLE,315,116,2009
ARM,313,113,2009
MNE,310,112,2009
UAE,304,110,2009
NAM,296,115,2009
PRK,287,113,2009
BOT,283,117,2009
CHA,260,119,2009
EST,260,119,2009
KUW,260,127,2009
LUX,259,121,2009
EQG,257,123,2009
GRN,253,118,2009
THA,252,126,2009
BRB,248,122,2009
JOR,244,124,2009
ATG,242,128,2009
BDI,236,136,2009
GUY,231,131,2009
SUR,231,129,2009
NCL,229,130,2009
BER,229,124,2009
KAZ,210,137,2009
AZE,209,134,2009
SGP,207,132,2009
MAD,207,135,2009
SWZ,190,138,2009
VIE,182,155,2009
LBR,179,139,2009
VAN,176,141,2009
PUR,173,142,2009
NIG,168,143,2009
IND,168,143,2009
IDN,167,139,2009
LBN,163,150,2009
TJK,162,146,2009
VIN,153,133,2009
MLT,151,147,2009
TKM,149,148,2009
MTN,149,158,2009
LIE,147,149,2009
HKG,139,151,2009
YEM,131,145,2009
SKN,128,152,2009
ANT,128,152,2009
MYA,127,156,2009
MDV,126,154,2009
MAS,114,156,2009
KGZ,112,158,2009
ERI,108,162,2009
LES,106,161,2009
PHI,102,160,2009
SOL,100,163,2009
SRI,98,163,2009
PAK,89,165,2009
TPE,85,167,2009
TCA,83,168,2009
LAO,80,169,2009
MRI,74,170,2009
BAH,74,170,2009
CAY,73,172,2009
SEY,72,166,2009
BLZ,71,173,2009
NEP,70,174,2009
BAN,68,174,2009
LCA,64,176,2009
SAM,64,176,2009
SOM,57,200,2009
CAM,56,178,2009
PLE,52,179,2009
VGB,50,180,2009
NCA,45,181,2009
BRU,45,181,2009
AFG,44,183,2009
FRO,42,184,2009
DJI,41,188,2009
DOM,40,185,2009
GNB,38,186,2009
BHU,33,187,2009
TGA,32,188,2009
TAH,32,188,2009
DMA,25,191,2009
MNG,24,192,2009
ARU,22,193,2009
AND,20,194,2009
VIR,17,195,2009
MAC,10,196,2009
TLS,9,197,2009
COM,8,198,2009
CTA,6,199,2009
ESP,1627,1,2010
BRA,1568,2,2010
NED,1288,3,2010
ITA,1209,4,2010
POR,1176,5,2010
GER,1173,6,2010
FRA,1117,7,2010
ARG,1082,8,2010
ENG,1076,9,2010
EGY,1069,24,2010
CRO,1053,10,2010
GRE,1030,13,2010
RUS,1026,12,2010
USA,963,14,2010
NGA,956,22,2010
CHI,955,15,2010
MEX,947,17,2010
SUI,924,18,2010
SRB,916,19,2010
CMR,914,11,2010
URU,909,20,2010
CIV,865,16,2010
AUS,857,21,2010
UKR,848,22,2010
CZE,828,25,2010
DEN,827,28,2010
ISR,823,26,2010
GHA,823,34,2010
PAR,806,29,2010
BUL,801,30,2010
ALG,784,26,2010
NOR,772,32,2010
SVN,767,31,2010
HON,759,37,2010
ECU,753,37,2010
SVK,752,33,2010
IRL,746,35,2010
ROU,745,36,2010
COL,736,39,2010
NIR,729,40,2010
JPN,729,43,2010
TUR,728,41,2010
SWE,727,42,2010
GAB,706,48,2010
CRC,699,44,2010
SCO,665,46,2010
VEN,646,50,2010
BIH,645,51,2010
LVA,634,45,2010
KOR,634,52,2010
BFA,616,49,2010
HUN,615,54,2010
MLI,598,47,2010
FIN,576,55,2010
BOL,573,56,2010
TUN,573,53,2010
POL,567,58,2010
CAN,567,56,2010
KSA,538,63,2010
BHR,530,60,2010
AUT,523,61,2010
LTU,522,62,2010
IRN,499,64,2010
MKD,495,65,2010
MAR,492,67,2010
BEL,491,66,2010
BEN,483,59,2010
PER,471,68,2010
CYP,471,68,2010
TOG,468,71,2010
SLV,463,78,2010
MNE,456,74,2010
ZAM,449,84,2010
UGA,447,75,2010
UZB,431,76,2010
WAL,420,77,2010
PAN,406,70,2010
JAM,403,81,2010
NZL,400,82,2010
BLR,397,80,2010
RSA,391,85,2010
MWI,384,99,2010
MOZ,384,72,2010
TRI,382,82,2010
PRK,378,86,2010
IRQ,375,88,2010
CHN,373,93,2010
ANG,371,95,2010
QAT,370,86,2010
GUI,361,73,2010
SEN,359,89,2010
KUW,358,104,2010
OMA,352,79,2010
ISL,349,92,2010
HAI,347,90,2010
MDA,338,94,2010
ALB,336,96,2010
THA,333,105,2010
GAM,333,116,2010
CPV,331,97,2010
SYR,331,91,2010
ARM,321,100,2010
CGO,320,101,2010
EST,315,102,2010
YEM,294,130,2010
JOR,276,111,2010
RWA,275,102,2010
TAN,266,106,2010
NAM,251,113,2010
COD,248,107,2010
KEN,244,98,2010
UAE,241,112,2010
AZE,236,114,2010
LBY,233,115,2010
VIE,231,123,2010
ZIM,229,109,2010
FRO,222,117,2010
BOT,219,118,2010
SGP,217,110,2010
ETH,204,122,2010
GEO,202,124,2010
KAZ,201,125,2010
LUX,195,128,2010
CUB,191,119,2010
GUY,186,127,2010
ATG,184,130,2010
BRB,171,129,2010
FIJ,167,132,2010
IND,166,134,2010
GUA,164,121,2010
SLE,159,138,2010
GRN,158,138,2010
TKM,157,141,2010
BER,156,142,2010
IDN,155,120,2010
HKG,153,143,2010
SWZ,152,135,2010
EQG,152,135,2010
MDV,146,137,2010
MYA,144,140,2010
SUR,133,144,2010
CHA,130,145,2010
MLT,129,146,2010
LIB,127,148,2010
NCL,126,147,2010
BDI,124,126,2010
TJK,123,165,2010
LES,120,150,2010
BAN,117,149,2010
SRI,115,151,2010
NEP,112,152,2010
LIE,110,154,2010
VAN,108,155,2010
SKN,106,156,2010
MAD,105,158,2010
PAK,105,156,2010
KGZ,103,159,2010
MAS,100,160,2010
LBR,98,161,2010
MTN,93,169,2010
NCA,92,133,2010
ERI,92,163,2010
NIG,92,163,2010
TPE,92,162,2010
PUR,89,165,2010
PHI,85,167,2010
VIN,82,152,2010
ANT,80,168,2010
MNG,61,171,2010
SOL,60,172,2010
PLE,57,173,2010
CAM,56,175,2010
TCA,45,177,2010
SEY,44,178,2010
BAH,43,180,2010
COM,43,176,2010
MRI,40,181,2010
LAO,39,178,2010
SOM,39,170,2010
CAY,39,183,2010
SAM,38,182,2010
DMA,38,197,2010
GUM,34,184,2010
COK,34,184,2010
BLZ,33,173,2010
LCA,32,186,2010
MAC,31,187,2010
TGA,28,188,2010
DOM,26,190,2010
BRU,25,191,2010
VGB,25,191,2010
DJI,23,189,2010
AFG,20,193,2010
GNB,19,194,2010
TAH,19,194,2010
BHU,17,196,2010
ARU,11,198,2010
VIR,8,199,2010
CTA,4,200,2010
TLS,4,200,2010
AND,3,202,2010
ESP,1887,1,2011
NED,1723,2,2011
GER,1485,3,2011
BRA,1447,4,2011
ARG,1338,5,2011
ENG,1195,6,2011
URU,1152,7,2011
POR,1090,8,2011
CRO,1075,10,2011
EGY,1036,9,2011
GRE,1016,11,2011
NOR,995,12,2011
RUS,982,13,2011
ITA,965,14,2011
CHI,950,15,2011
GHA,925,16,2011
SVN,896,17,2011
USA,867,18,2011
FRA,867,18,2011
SVK,854,20,2011
CIV,845,21,2011
SUI,841,22,2011
SRB,837,23,2011
PAR,832,24,2011
MNE,824,25,2011
AUS,796,26,2011
MEX,795,27,2011
DEN,790,28,2011
JPN,776,29,2011
CZE,751,30,2011
TUR,741,31,2011
NGA,730,32,2011
SWE,712,33,2011
UKR,702,34,2011
IRL,681,36,2011
ALG,678,35,2011
BLR,660,38,2011
CMR,650,37,2011
KOR,649,40,2011
GAB,640,39,2011
HUN,632,42,2011
BFA,619,41,2011
NIR,615,43,2011
TUN,592,45,2011
BIH,582,44,2011
AUT,569,46,2011
GUI,569,46,2011
COL,558,48,2011
BUL,555,49,2011
ISR,551,50,2011
RSA,550,51,2011
SCO,542,52,2011
ECU,542,53,2011
BOT,535,53,2011
LTU,532,55,2011
ROU,531,56,2011
HON,531,59,2011
BEL,526,57,2011
JAM,522,58,2011
ARM,515,60,2011
VEN,515,60,2011
CUB,512,62,2011
NZL,506,63,2011
ALB,497,65,2011
IRN,491,66,2011
PER,486,68,2011
PAN,475,64,2011
MLI,474,67,2011
CRC,467,69,2011
SEN,465,70,2011
LBY,451,72,2011
POL,449,73,2011
GEO,449,73,2011
BEN,449,71,2011
CPV,444,75,2011
LVA,440,78,2011
MAR,437,79,2011
KSA,423,81,2011
CHN,419,87,2011
FIN,419,83,2011
MKD,418,76,2011
ZAM,418,76,2011
UGA,416,80,2011
CAN,411,84,2011
MDA,411,84,2011
EST,386,82,2011
TRI,373,89,2011
ANG,369,88,2011
CYP,367,90,2011
HAI,358,90,2011
MWI,355,86,2011
MOZ,353,96,2011
BHR,351,93,2011
GRN,349,94,2011
NIG,349,94,2011
BOL,344,97,2011
AZE,343,98,2011
IRQ,334,101,2011
KUW,330,102,2011
SDN,314,92,2011
TOG,313,103,2011
UAE,304,105,2011
ATG,299,106,2011
OMA,298,99,2011
QAT,291,112,2011
GAM,290,100,2011
JOR,286,104,2011
UZB,285,109,2011
PRK,284,108,2011
SYR,278,107,2011
GUY,275,109,2011
CTA,263,111,2011
ISL,261,112,2011
WAL,261,112,2011
SUR,257,115,2011
SLV,251,117,2011
GUA,247,118,2011
ZIM,247,118,2011
THA,245,120,2011
TAN,243,116,2011
SKN,242,121,2011
CGO,239,122,2011
SLE,233,125,2011
ETH,231,124,2011
KEN,225,120,2011
IDN,226,127,2011
YEM,222,126,2011
COD,211,130,2011
DMA,196,129,2011
BRB,187,131,2011
PUR,184,133,2011
LUX,180,134,2011
TKM,173,135,2011
RWA,171,132,2011
FRO,171,136,2011
VIE,167,137,2011
KAZ,161,138,2011
NAM,156,139,2011
SGP,151,140,2011
CHA,147,141,2011
BDI,147,128,2011
MAS,145,144,2011
TJK,142,145,2011
IND,132,142,2011
VIN,132,142,2011
HKG,128,146,2011
GNB,121,147,2011
LIE,116,148,2011
MYA,109,149,2011
ANT,107,151,2011
CUW,107,149,2011
FIJ,103,152,2011
TPE,102,153,2011
PHI,97,150,2011
MAD,91,155,2011
NCL,89,156,2011
CAY,88,157,2011
NCA,86,158,2011
BAN,84,159,2011
LBR,82,160,2011
SWZ,82,160,2011
MDV,81,162,2011
SRI,79,163,2011
MLT,76,164,2011
EQG,72,165,2011
CAM,68,166,2011
VAN,67,167,2011
DOM,66,168,2011
LAO,64,169,2011
LIB,64,154,2011
LES,62,170,2011
PAK,56,171,2011
BER,55,175,2011
NEP,54,172,2011
BLZ,54,172,2011
KGZ,50,174,2011
MTN,49,180,2011
VGB,41,176,2011
ERI,40,177,2011
SOL,40,177,2011
PLE,40,177,2011
LCA,37,181,2011
MNG,32,182,2011
TAH,31,184,2011
SAM,26,185,2011
SOM,23,182,2011
COM,19,186,2011
TCA,19,187,2011
TGA,17,188,2011
COK,17,188,2011
GUM,17,188,2011
MRI,16,191,2011
DJI,15,191,2011
MAC,14,193,2011
BAH,13,194,2011
SEY,10,195,2011
AFG,10,195,2011
BRU,9,197,2011
BHU,9,197,2011
ARU,7,199,2011
VIR,5,200,2011
TLS,3,201,2011
AND,2,202,2011
ESP,1564,1,2012
NED,1365,2,2012
GER,1345,3,2012
URU,1309,4,2012
ENG,1173,5,2012
BRA,1143,6,2012
POR,1100,7,2012
CRO,1091,8,2012
ITA,1082,9,2012
ARG,1067,10,2012
DEN,1032,11,2012
CHI,973,13,2012
RUS,971,12,2012
GRE,964,14,2012
FRA,915,15,2012
SUI,898,17,2012
SWE,891,18,2012
CIV,889,16,2012
BIH,869,20,2012
JPN,869,19,2012
AUS,866,23,2012
MEX,866,21,2012
IRL,864,22,2012
NOR,788,25,2012
SVN,780,26,2012
GHA,779,29,2012
PAR,775,24,2012
SRB,775,27,2012
TUR,769,28,2012
KOR,752,32,2012
CZE,749,33,2012
ALG,734,30,2012
USA,721,34,2012
PER,712,35,2012
COL,709,36,2012
EGY,698,31,2012
HUN,665,37,2012
ISR,665,37,2012
SVK,648,40,2012
BEL,647,41,2012
VEN,642,39,2012
ECU,634,42,2012
SEN,625,44,2012
IRN,623,45,2012
ARM,612,46,2012
NGA,612,43,2012
PAN,600,49,2012
SCO,599,47,2012
WAL,591,48,2012
MNE,585,51,2012
HON,579,53,2012
EST,573,57,2012
JAM,573,54,2012
UKR,568,55,2012
ROU,562,56,2012
CMR,551,50,2012
RSA,551,52,2012
CPV,549,58,2012
TUN,541,59,2012
SLE,533,60,2012
MAR,523,61,2012
CRC,522,65,2012
LBY,514,63,2012
SLV,506,69,2012
BLR,501,64,2012
BFA,499,62,2012
UZB,495,75,2012
POL,494,66,2012
MLI,476,67,2012
LVA,466,68,2012
AUT,459,70,2012
ZAM,459,79,2012
IRQ,457,78,2012
CAN,455,72,2012
CHN,455,71,2012
GEO,451,73,2012
ALB,450,74,2012
TRI,448,76,2012
GUI,436,80,2012
HAI,433,81,2012
JOR,426,82,2012
UGA,411,89,2012
BUL,410,84,2012
ATG,407,87,2012
ANG,405,83,2012
FIN,405,86,2012
NIR,403,88,2012
KSA,403,96,2012
GUA,400,90,2012
OMA,393,85,2012
GAB,387,77,2012
GUY,386,91,2012
LTU,382,92,2012
BOT,373,95,2012
BHR,372,101,2012
KUW,372,99,2012
QAT,364,93,2012
NIG,361,97,2012
MWI,359,94,2012
TOG,350,101,2012
VIE,344,99,2012
ZIM,341,98,2012
MKD,335,103,2012
ISL,325,104,2012
MOZ,319,105,2012
BER,314,107,2012
PRK,312,110,2012
PUR,310,108,2012
BOL,309,108,2012
RWA,304,106,2012
AZE,300,112,2012
LIB,293,111,2012
CUB,290,115,2012
FRO,285,116,2012
SKN,285,116,2012
COD,276,125,2012
SYR,275,114,2012
GAM,271,116,2012
NZL,271,119,2012
SDN,265,113,2012
KEN,260,120,2012
NAM,259,121,2012
LBR,258,123,2012
THA,257,122,2012
SUR,254,125,2012
CYP,253,127,2012
LUX,252,128,2012
CTA,251,129,2012
DOM,247,131,2012
LIE,246,132,2012
CGO,245,133,2012
GRN,241,134,2012
BLZ,230,141,2012
ETH,230,135,2012
MDA,229,136,2012
BEN,228,124,2012
TAN,225,137,2012
UAE,223,130,2012
KAZ,220,138,2012
TJK,218,139,2012
BDI,199,140,2012
CHA,188,143,2012
IDN,183,142,2012
VIN,171,144,2012
NCA,165,154,2012
TKM,164,146,2012
SGP,161,145,2012
MAS,157,148,2012
YEM,153,151,2012
SAM,149,149,2012
EQG,147,150,2012
CUW,146,151,2012
LES,144,147,2012
NEP,144,153,2012
BAH,141,154,2012
MLT,140,156,2012
PHI,139,159,2012
BAN,138,157,2012
IND,138,162,2012
MAD,135,160,2012
FIJ,133,161,2012
GNB,121,163,2012
PLE,121,158,2012
ARU,120,164,2012
BRB,119,165,2012
NCL,116,166,2012
TPE,110,167,2012
HKG,109,169,2012
MNG,106,168,2012
CAM,101,170,2012
DMA,100,171,2012
MYA,99,172,2012
MDV,98,173,2012
LAO,96,174,2012
VAN,96,174,2012
TGA,88,176,2012
AFG,85,177,2012
VIR,82,178,2012
PAK,76,179,2012
SOL,75,180,2012
SRI,75,180,2012
SWZ,75,180,2012
CAY,74,183,2012
TAH,73,184,2012
LCA,65,185,2012
ASA,61,186,2012
COM,55,187,2012
SEY,53,188,2012
ERI,45,190,2012
SOM,43,189,2012
KGZ,42,191,2012
GUM,36,192,2012
PNG,34,193,2012
MRI,32,194,2012
COK,28,195,2012
STP,27,196,2012
MAC,26,197,2012
VGB,23,199,2012
DJI,23,198,2012
TCA,13,200,2012
AIA,9,201,2012
BHU,6,202,2012
BRU,6,202,2012
MTN,4,204,2012
TLS,2,205,2012
ESP,1606,1,2013
GER,1437,2,2013
ARG,1290,3,2013
ITA,1165,4,2013
COL,1164,5,2013
ENG,1151,6,2013
POR,1144,7,2013
NED,1124,8,2013
RUS,1070,9,2013
CRO,1064,10,2013
GRE,1033,11,2013
ECU,1007,13,2013
SUI,1004,12,2013
CIV,996,14,2013
MEX,994,15,2013
URU,975,16,2013
FRA,949,17,2013
BRA,946,18,2013
SWE,870,20,2013
BEL,868,21,2013
JPN,834,22,2013
ALG,829,19,2013
DEN,819,23,2013
NOR,810,24,2013
MLI,807,25,2013
BIH,788,27,2013
GHA,788,30,2013
USA,782,28,2013
CZE,781,29,2013
CHI,774,26,2013
MNE,756,31,2013
HUN,750,32,2013
ROU,700,33,2013
KOR,687,35,2013
PAR,682,37,2013
AUS,674,36,2013
SRB,659,38,2013
HAI,650,39,2013
ZAM,646,34,2013
TUR,627,40,2013
BOL,609,42,2013
IRL,609,42,2013
PER,603,46,2013
SVK,595,47,2013
UKR,595,47,2013
PAN,594,51,2013
LBY,591,54,2013
SVN,591,49,2013
GAB,588,42,2013
BUL,585,50,2013
CTA,581,52,2013
NGA,573,52,2013
TUN,570,45,2013
EGY,566,41,2013
VEN,561,57,2013
POL,555,55,2013
UZB,555,67,2013
JAM,552,56,2013
HON,543,58,2013
IRN,537,59,2013
GUI,527,60,2013
SLE,526,62,2013
ALB,518,63,2013
CAN,517,64,2013
BLR,516,65,2013
CRC,515,66,2013
CMR,500,61,2013
AUT,492,70,2013
SCO,490,72,2013
CPV,486,69,2013
TRI,483,68,2013
GEO,481,73,2013
EQG,469,79,2013
MAR,461,74,2013
ARM,457,75,2013
ISR,454,78,2013
TOG,451,71,2013
ANG,443,84,2013
SEN,439,77,2013
MKD,436,81,2013
UGA,435,84,2013
WAL,435,82,2013
EST,433,86,2013
FIN,431,83,2013
RSA,423,87,2013
CHN,415,88,2013
GUA,412,80,2013
CUB,399,100,2013
ISL,392,90,2013
IRQ,392,92,2013
NZL,390,91,2013
BFA,389,89,2013
BEN,384,75,2013
DOM,378,93,2013
JOR,375,94,2013
SLV,374,103,2013
NIG,371,105,2013
NIR,367,96,2013
PRK,363,99,2013
SDN,361,101,2013
COD,355,107,2013
ZIM,354,101,2013
UAE,346,96,2013
BDI,334,104,2013
LVA,334,106,2013
QAT,331,98,2013
NCL,330,108,2013
OMA,328,95,2013
CGO,325,109,2013
ETH,316,110,2013
LBR,312,112,2013
SUR,311,114,2013
MOZ,308,112,2013
MWI,299,111,2013
ATG,293,115,2013
LTU,284,116,2013
BHR,282,119,2013
AZE,277,118,2013
KSA,277,126,2013
KUW,276,117,2013
SKN,271,123,2013
GUY,267,124,2013
VIN,266,125,2013
BOT,264,121,2013
TAN,264,130,2013
NAM,259,121,2013
KEN,256,134,2013
MDA,255,128,2013
TKM,254,129,2013
LIB,253,127,2013
CYP,248,132,2013
PUR,248,132,2013
STP,243,119,2013
VIE,242,131,2013
TJK,240,136,2013
SYR,237,144,2013
RWA,236,134,2013
THA,228,136,2013
GRN,222,138,2013
TAH,215,139,2013
CHA,212,140,2013
KAZ,200,142,2013
BRB,197,143,2013
GAM,197,141,2013
NCA,192,145,2013
MLT,178,146,2013
PHI,176,147,2013
LUX,172,148,2013
LCA,168,149,2013
SOL,166,150,2013
ARU,163,151,2013
PLE,154,152,2013
FRO,151,153,2013
LIE,146,154,2013
SGP,146,154,2013
IDN,145,156,2013
BER,139,157,2013
MAS,134,158,2013
MDV,130,159,2013
LES,127,159,2013
DMA,124,161,2013
MYA,114,162,2013
HKG,111,163,2013
BLZ,110,167,2013
YEM,106,164,2013
IND,100,166,2013
VAN,99,165,2013
BAN,90,168,2013
FIJ,85,169,2013
LAO,83,171,2013
NEP,83,171,2013
TPE,82,169,2013
SAM,74,173,2013
BAH,66,174,2013
GNB,66,174,2013
MSR,66,174,2013
CUW,65,177,2013
SWZ,61,178,2013
MAD,55,179,2013
MNG,55,179,2013
GUM,53,181,2013
BRU,52,182,2013
TLS,52,182,2013
CAM,50,184,2013
TGA,44,185,2013
AFG,39,186,2013
VIR,39,186,2013
PNG,38,188,2013
PAK,37,189,2013
SRI,36,190,2013
VGB,34,191,2013
CAY,33,192,2013
ASA,30,193,2013
COM,29,194,2013
ERI,24,196,2013
SEY,24,196,2013
MAC,23,198,2013
KGZ,20,199,2013
SSD,20,199,2013
COK,16,201,2013
SOM,14,195,2013
MRI,13,202,2013
AND,11,204,2013
DJI,11,202,2013
AIA,4,205,2013
MTN,3,206,2013
ESP,1507,1,2014
GER,1318,2,2014
ARG,1251,3,2014
COL,1200,4,2014
POR,1172,5,2014
URU,1132,6,2014
ITA,1120,7,2014
SUI,1113,8,2014
NED,1106,9,2014
BRA,1102,10,2014
BEL,1098,11,2014
GRE,1055,12,2014
ENG,1041,13,2014
USA,1019,14,2014
CHI,1005,15,2014
CRO,971,16,2014
CIV,912,17,2014
UKR,907,18,2014
BIH,899,19,2014
FRA,893,20,2014
MEX,892,21,2014
RUS,870,22,2014
ECU,852,23,2014
GHA,851,24,2014
DEN,831,25,2014
SWE,793,27,2014
ALG,792,26,2014
CZE,766,28,2014
SVN,762,29,2014
SRB,752,30,2014
EGY,748,41,2014
CRC,743,31,2014
ROU,734,32,2014
IRN,727,33,2014
CPV,726,39,2014
PAN,722,38,2014
SCO,717,34,2014
ARM,716,35,2014
VEN,715,36,2014
MLI,703,45,2014
NGA,701,37,2014
PER,698,39,2014
HON,692,42,2014
TUN,689,48,2014
TUR,677,43,2014
HUN,668,44,2014
AUT,648,46,2014
JPN,641,47,2014
ISL,624,49,2014
CMR,616,50,2014
PAR,607,51,2014
MNE,594,52,2014
KOR,581,54,2014
RSA,576,62,2014
WAL,574,56,2014
ALB,571,57,2014
AUS,571,58,2014
BFA,566,53,2014
NOR,558,54,2014
SVK,557,60,2014
GUI,555,61,2014
LBY,552,59,2014
ISR,548,63,2014
UAE,548,71,2014
UZB,546,68,2014
FIN,539,64,2014
IRL,528,67,2014
SEN,526,65,2014
BOL,519,70,2014
ZAM,519,69,2014
TOG,509,72,2014
JOR,504,65,2014
KSA,487,87,2014
MAR,486,73,2014
BUL,486,74,2014
SLE,464,75,2014
POL,461,76,2014
TRI,441,78,2014
OMA,440,85,2014
HAI,440,79,2014
COD,439,82,2014
JAM,439,80,2014
BLR,431,81,2014
MKD,425,83,2014
CGO,421,84,2014
GAB,421,77,2014
UGA,413,86,2014
SLV,395,90,2014
ANG,384,88,2014
NIR,381,89,2014
NZL,378,90,2014
CHN,376,92,2014
EST,366,94,2014
AZE,363,94,2014
ETH,361,93,2014
MDA,359,96,2014
BOT,354,97,2014
LBR,354,98,2014
BEN,335,99,2014
CUB,334,100,2014
QAT,333,103,2014
GEO,330,101,2014
LTU,326,102,2014
NIG,318,104,2014
ZIM,312,107,2014
KUW,311,105,2014
CTA,310,106,2014
EQG,309,108,2014
KEN,304,109,2014
BHR,299,110,2014
CAN,291,112,2014
GUA,286,113,2014
TJK,285,114,2014
DOM,282,115,2014
IRQ,280,110,2014
LVA,272,116,2014
MWI,265,116,2014
TAN,261,120,2014
SDN,258,119,2014
MOZ,256,118,2014
NCL,249,121,2014
LUX,243,123,2014
LIB,236,121,2014
BDI,230,124,2014
CYP,229,126,2014
NAM,229,125,2014
PHI,219,127,2014
KAZ,216,128,2014
MYA,204,130,2014
MLT,198,132,2014
RWA,198,133,2014
SUR,197,133,2014
TKM,195,135,2014
GRN,194,136,2014
SYR,188,129,2014
PRK,188,138,2014
HKG,185,140,2014
LES,184,138,2014
GAM,184,131,2014
AFG,184,140,2014
TAH,179,143,2014
PLE,174,137,2014
VIE,166,144,2014
ATG,164,145,2014
MTN,161,142,2014
LCA,155,147,2014
KGZ,155,147,2014
THA,153,146,2014
SGP,152,150,2014
SKN,150,149,2014
GUY,149,150,2014
BLZ,146,159,2014
LAO,144,152,2014
MAS,143,154,2014
VIN,142,153,2014
LIE,141,154,2014
IND,141,154,2014
PUR,141,154,2014
NCA,137,160,2014
STP,126,158,2014
IDN,124,161,2014
GUM,123,161,2014
MDV,120,163,2014
CHA,116,164,2014
BAN,116,164,2014
BRB,101,166,2014
TPE,95,167,2014
DMA,95,167,2014
SRI,90,169,2014
ARU,87,170,2014
FRO,87,170,2014
SOL,86,172,2014
NEP,86,172,2014
PAK,86,172,2014
BER,83,175,2014
SEY,67,176,2014
MRI,66,177,2014
CUW,65,178,2014
VAN,53,180,2014
YEM,50,179,2014
MNG,49,181,2014
FIJ,47,182,2014
SAM,45,183,2014
GNB,42,184,2014
BAH,40,185,2014
SWZ,37,186,2014
MAD,33,187,2014
MSR,33,187,2014
CAM,28,189,2014
BRU,26,190,2014
TLS,26,190,2014
TGA,26,190,2014
VIR,23,193,2014
CAY,21,194,2014
PNG,21,194,2014
VGB,18,196,2014
ASA,18,196,2014
COM,17,198,2014
AND,17,198,2014
ERI,11,200,2014
SSD,10,201,2014
MAC,10,201,2014
SOM,8,203,2014
DJI,6,204,2014
COK,5,205,2014
AIA,3,206,2014
GER,1725,1,2015
ARG,1538,2,2015
COL,1450,3,2015
BEL,1417,4,2015
NED,1374,5,2015
BRA,1316,6,2015
POR,1160,7,2015
FRA,1160,7,2015
ESP,1142,9,2015
URU,1135,10,2015
ITA,1103,11,2015
SUI,1091,12,2015
ENG,1032,13,2015
CHI,1016,14,2015
ROU,1014,15,2015
CRC,995,16,2015
CZE,987,17,2015
ALG,948,18,2015
CRO,946,19,2015
MEX,913,20,2015
SVK,891,21,2015
TUN,873,22,2015
AUT,863,23,2015
GRE,856,24,2015
UKR,854,25,2015
ECU,852,26,2015
USA,836,27,2015
CIV,833,28,2015
BIH,817,29,2015
DEN,804,30,2015
RUS,789,31,2015
ISR,788,32,2015
ISL,761,33,2015
WAL,748,34,2015
SEN,734,35,2015
SCO,729,36,2015
GHA,714,37,2015
SRB,713,38,2015
GUI,706,39,2015
CPV,693,40,2015
POL,680,41,2015
CMR,665,42,2015
NGA,654,43,2015
SWE,646,44,2015
HUN,632,45,2015
SVN,622,47,2015
NIR,615,48,2015
TUR,604,49,2015
MLI,603,50,2015
ZAM,594,46,2015
IRN,588,51,2015
RSA,587,52,2015
PER,565,53,2015
JPN,563,54,2015
PAN,551,57,2015
TRI,551,55,2015
COD,548,56,2015
ALB,543,58,2015
MNE,537,59,2015
EGY,531,60,2015
CGO,529,61,2015
GAB,527,65,2015
TOG,527,62,2015
BFA,523,63,2015
IRL,519,64,2015
BUL,506,66,2015
NOR,500,67,2015
RWA,494,68,2015
KOR,487,69,2015
FIN,468,70,2015
UZB,464,74,2015
HON,460,71,2015
GUA,458,72,2015
HAI,458,72,2015
JAM,449,75,2015
PAR,442,76,2015
UGA,441,76,2015
LBY,437,78,2015
ARM,436,79,2015
UAE,408,81,2015
ANG,404,80,2015
MAR,393,81,2015
EST,382,84,2015
BOL,375,85,2015
SLE,374,86,2015
CYP,372,87,2015
VEN,371,88,2015
MWI,361,90,2015
BEN,359,89,2015
SLV,358,90,2015
LTU,355,92,2015
QAT,347,95,2015
OMA,346,93,2015
JOR,346,81,2015
ATG,344,94,2015
LVA,339,96,2015
CHN,339,97,2015
MOZ,332,98,2015
BLR,331,99,2015
AUS,329,100,2015
MKD,327,100,2015
KSA,318,102,2015
FRO,317,104,2015
TAN,315,105,2015
DOM,310,106,2015
BOT,308,107,2015
ZIM,301,108,2015
SDN,296,110,2015
ETH,294,111,2015
BHR,292,122,2015
NAM,291,109,2015
CAN,287,112,2015
CUB,271,113,2015
IRQ,269,103,2015
PLE,268,113,2015
LBR,268,115,2015
KEN,262,116,2015
EQG,260,120,2015
NIG,259,116,2015
SKN,258,118,2015
VIN,256,119,2015
LIB,251,126,2015
MDA,250,121,2015
LES,245,123,2015
KUW,241,124,2015
GEO,239,125,2015
LUX,230,128,2015
BDI,227,127,2015
ARU,221,129,2015
PHI,221,130,2015
MDV,220,130,2015
LIE,219,132,2015
VIE,218,137,2015
GNB,218,133,2015
NZL,216,134,2015
AZE,215,135,2015
TJK,215,135,2015
MTN,213,137,2015
KAZ,205,139,2015
LCA,202,140,2015
MYA,200,141,2015
AFG,190,143,2015
BRB,183,144,2015
THA,182,142,2015
CTA,178,145,2015
CHA,172,146,2015
MLT,166,147,2015
TKM,166,147,2015
MAD,166,147,2015
PRK,157,150,2015
SYR,156,151,2015
KGZ,146,152,2015
NCL,142,153,2015
MAS,139,154,2015
GRN,137,155,2015
HKG,134,156,2015
SGP,133,157,2015
CUW,125,158,2015
IDN,122,159,2015
LAO,121,160,2015
GUM,119,161,2015
PUR,119,161,2015
SUR,115,163,2015
SWZ,113,164,2015
BAN,103,165,2015
TAH,100,166,2015
GUY,92,167,2015
GAM,90,168,2015
MSR,86,169,2015
STP,84,170,2015
IND,79,171,2015
SRI,78,172,2015
COM,75,173,2015
NCA,75,173,2015
BLZ,74,175,2015
YEM,67,176,2015
TCA,66,177,2015
SEY,61,178,2015
BER,55,179,2015
SMR,55,179,2015
CAM,55,179,2015
TPE,54,182,2015
SOL,53,183,2015
DMA,52,184,2015
TLS,51,185,2015
NEP,49,186,2015
MAC,49,186,2015
PAK,45,188,2015
SSD,43,189,2015
MRI,36,190,2015
VAN,33,191,2015
FIJ,30,192,2015
SAM,30,192,2015
MNG,29,194,2015
BAH,26,195,2015
TGA,17,196,2015
VIR,16,197,2015
BRU,15,198,2015
PNG,13,199,2015
ASA,12,200,2015
AND,9,201,2015
VGB,8,202,2015
ERI,8,202,2015
SOM,6,204,2015
CAY,5,205,2015
DJI,4,206,2015
COK,4,206,2015
AIA,2,208,2015
BEL,1494,1,2016
ARG,1455,2,2016
ESP,1370,3,2016
GER,1347,4,2016
CHI,1269,5,2016
BRA,1251,6,2016
POR,1219,7,2016
COL,1211,8,2016
ENG,1106,9,2016
AUT,1091,10,2016
URU,1074,11,2016
SUI,1050,12,2016
ECU,1040,13,2016
NED,994,14,2016
ITA,991,15,2016
ROU,980,16,2016
WAL,974,17,2016
CRO,958,18,2016
CIV,950,19,2016
HUN,945,20,2016
TUR,933,21,2016
BIH,905,22,2016
MEX,898,22,2016
RUS,895,24,2016
FRA,868,25,2016
SVK,860,26,2016
CZE,860,26,2016
ALG,845,28,2016
UKR,842,29,2016
NIR,825,30,2016
IRL,810,31,2016
USA,784,32,2016
GHA,776,33,2016
SWE,771,35,2016
POL,769,34,2016
ISL,761,36,2016
CRC,759,37,2016
ALB,746,38,2016
CPV,745,39,2016
TUN,711,40,2016
GRE,706,41,2016
DEN,685,42,2016
IRN,672,45,2016
FIN,663,43,2016
SEN,661,44,2016
PAR,652,46,2016
PER,644,47,2016
CGO,638,48,2016
GUI,624,50,2016
TRI,623,49,2016
KOR,617,51,2016
SCO,609,52,2016
JPN,607,53,2016
NOR,591,54,2016
JAM,590,54,2016
SRB,590,56,2016
CMR,586,59,2016
EGY,585,57,2016
AUS,583,57,2016
COD,580,60,2016
SVN,565,61,2016
UGA,553,63,2016
MLI,552,62,2016
UAE,547,65,2016
PAN,544,64,2016
NGA,540,66,2016
ZAM,516,73,2016
BLR,514,67,2016
EQG,504,69,2016
BOL,500,68,2016
ISR,498,69,2016
BUL,494,71,2016
UZB,489,74,2016
RSA,486,72,2016
KSA,474,80,2016
MAR,469,75,2016
GAB,468,76,2016
BEN,458,78,2016
HAI,453,77,2016
CYP,441,79,2016
LBY,427,81,2016
CHN,413,84,2016
VEN,412,83,2016
QAT,404,86,2016
MNE,403,85,2016
JOR,398,87,2016
IRQ,395,89,2016
CAN,388,88,2016
BFA,385,89,2016
EST,379,93,2016
RWA,375,101,2016
ATG,371,82,2016
GUA,368,94,2016
TOG,368,96,2016
BOT,363,95,2016
FRO,357,97,2016
NCA,357,92,2016
HON,349,101,2016
SLV,344,99,2016
OMA,344,104,2016
KEN,339,98,2016
LVA,338,101,2016
NIG,337,100,2016
LBR,337,107,2016
ANG,333,105,2016
MWI,327,109,2016
KGZ,324,108,2016
ZIM,322,110,2016
MOZ,316,111,2016
BDI,307,112,2016
CTA,302,113,2016
MTN,302,116,2016
PRK,301,105,2016
CHA,301,114,2016
ARU,298,115,2016
AZE,296,117,2016
TKM,294,119,2016
ETH,291,120,2016
SKN,289,121,2016
GEO,286,122,2016
ARM,285,123,2016
BHR,285,124,2016
SLE,285,118,2016
THA,285,133,2016
SYR,278,125,2016
TAN,277,132,2016
LTU,274,126,2016
BLZ,273,127,2016
MAD,272,128,2016
SDN,271,134,2016
PLE,267,134,2016
KAZ,266,129,2016
SWZ,265,131,2016
NAM,265,129,2016
PHI,264,139,2016
CUB,259,91,2016
HKG,259,137,2016
MKD,257,136,2016
SSD,246,138,2016
LIB,245,139,2016
KUW,242,139,2016
LUX,237,142,2016
VIN,221,143,2016
LCA,216,144,2016
BRB,214,145,2016
VIE,209,147,2016
GNB,207,146,2016
SGP,196,149,2016
TJK,196,148,2016
CUW,192,151,2016
NZL,192,151,2016
LES,186,153,2016
AFG,183,150,2016
MDA,172,155,2016
STP,170,156,2016
GUM,169,157,2016
MDV,159,160,2016
MYA,155,158,2016
BER,154,159,2016
DOM,150,154,2016
GUY,144,161,2016
MLT,143,162,2016
IND,139,166,2016
GRN,139,163,2016
GAM,135,164,2016
LIE,135,164,2016
ASA,128,167,2016
COK,128,167,2016
SAM,128,167,2016
TLS,127,170,2016
MAS,126,170,2016
MRI,120,174,2016
PUR,120,172,2016
COM,119,172,2016
YEM,114,174,2016
DMA,107,176,2016
VIR,88,177,2016
LAO,88,177,2016
BAN,87,182,2016
IDN,84,179,2016
CAM,83,180,2016
TPE,80,182,2016
NCL,80,181,2016
BRU,74,185,2016
PAK,72,184,2016
FIJ,68,186,2016
MSR,67,187,2016
SRI,61,194,2016
SUR,57,191,2016
SEY,56,189,2016
TAH,56,189,2016
BHU,49,188,2016
VAN,47,193,2016
MAC,44,195,2016
CAY,43,196,2016
NEP,41,192,2016
TCA,33,197,2016
SMR,28,198,2016
VGB,27,199,2016
SOL,26,200,2016
MNG,6,201,2016
AND,6,201,2016
PNG,4,203,2016
ARG,1634,1,2017
BRA,1544,2,2017
GER,1433,3,2017
CHI,1404,4,2017
BEL,1368,5,2017
COL,1345,6,2017
FRA,1305,7,2017
POR,1229,8,2017
URU,1187,9,2017
ESP,1166,10,2017
SUI,1129,11,2017
WAL,1121,12,2017
ENG,1114,13,2017
CRO,1103,14,2017
POL,1087,15,2017
ITA,1083,16,2017
CRC,1041,17,2017
MEX,1012,18,2017
PER,965,19,2017
ECU,890,20,2017
ISL,889,21,2017
NED,887,22,2017
IRL,858,23,2017
TUR,851,24,2017
SVK,837,25,2017
HUN,826,26,2017
BIH,825,27,2017
USA,822,28,2017
IRN,816,29,2017
UKR,804,30,2017
AUT,773,31,2017
NIR,767,32,2017
SEN,743,33,2017
CIV,733,34,2017
EGY,726,36,2017
TUN,713,35,2017
KOR,699,37,2017
ROU,690,39,2017
ALG,687,38,2017
PAR,684,40,2017
SWE,675,41,2017
GRE,674,42,2017
CZE,671,43,2017
AUS,649,47,2017
SRB,647,44,2017
JPN,644,45,2017
DEN,643,46,2017
KSA,641,54,2017
COD,630,48,2017
NGA,619,51,2017
ALB,618,49,2017
SVN,616,51,2017
BFA,611,50,2017
GHA,610,53,2017
ISR,595,55,2017
RUS,592,56,2017
MAR,587,57,2017
PAN,582,58,2017
VEN,581,59,2017
RSA,572,60,2017
UZB,568,62,2017
CMR,552,65,2017
MNE,549,63,2017
UAE,544,64,2017
MLI,544,60,2017
BEN,531,66,2017
SCO,524,67,2017
GNB,515,68,2017
HAI,512,73,2017
GUI,507,69,2017
CGO,504,70,2017
BUL,492,71,2017
UGA,476,72,2017
BLR,470,74,2017
HON,467,75,2017
CUW,467,75,2017
JAM,463,77,2017
GUA,451,79,2017
CPV,449,80,2017
SKN,443,80,2017
CHN,424,82,2017
FRO,422,83,2017
TRI,421,78,2017
NOR,418,83,2017
QAT,416,87,2017
ARM,412,86,2017
KEN,396,89,2017
ZAM,395,88,2017
LBY,390,85,2017
TOG,386,91,2017
AZE,386,90,2017
ATG,370,93,2017
FIN,368,94,2017
RWA,368,92,2017
BOL,359,95,2017
SLE,355,96,2017
SYR,355,96,2017
KAZ,354,98,2017
SWZ,348,100,2017
NAM,345,99,2017
LBR,338,101,2017
MWI,332,103,2017
ZIM,330,102,2017
CTA,325,104,2017
LTU,324,105,2017
MOZ,322,107,2017
JOR,318,105,2017
GAB,313,110,2017
NZL,311,109,2017
LVA,304,111,2017
NCA,299,124,2017
ETH,297,112,2017
MTN,296,108,2017
BOT,296,112,2017
EQG,293,114,2017
CYP,290,115,2017
EST,289,116,2017
OMA,287,121,2017
IRQ,283,119,2017
CAN,282,117,2017
GEO,281,118,2017
PHI,273,120,2017
BHR,268,123,2017
KGZ,265,122,2017
PRK,263,125,2017
THA,251,126,2017
NIG,248,127,2017
SUR,245,150,2017
IND,243,135,2017
DOM,242,128,2017
PLE,233,131,2017
TJK,231,129,2017
LUX,230,130,2017
GUY,221,132,2017
MAD,220,133,2017
VIE,218,134,2017
SDN,217,135,2017
SLV,216,137,2017
BDI,213,138,2017
HKG,210,139,2017
COM,205,140,2017
LES,202,141,2017
TKM,200,142,2017
ANG,199,143,2017
PUR,194,144,2017
MDV,194,154,2017
MRI,191,145,2017
LIB,189,147,2017
YEM,184,148,2017
TAH,184,148,2017
CHA,179,152,2017
AFG,179,146,2017
STP,177,153,2017
CUB,175,151,2017
BRB,163,155,2017
TAN,155,156,2017
TPE,153,157,2017
GRN,150,158,2017
MYA,148,159,2017
ARU,147,160,2017
MAS,143,161,2017
MKD,142,162,2017
BLZ,141,163,2017
MDA,138,164,2017
SGP,136,165,2017
KOS,135,165,2017
LAO,134,167,2017
KUW,123,171,2017
SSD,123,168,2017
NCL,123,168,2017
PNG,122,170,2017
CAM,121,173,2017
IDN,120,171,2017
DMA,113,174,2017
NEP,112,181,2017
BHU,110,177,2017
GAM,106,175,2017
VAN,106,175,2017
LCA,103,177,2017
VIN,102,179,2017
FIJ,102,179,2017
GUM,89,182,2017
MLT,85,183,2017
MAC,82,184,2017
SEY,78,186,2017
SOL,77,187,2017
BER,77,187,2017
LIE,75,189,2017
BRU,74,190,2017
BAN,69,185,2017
TLS,64,191,2017
SAM,64,191,2017
ASA,64,191,2017
COK,64,191,2017
VIR,44,195,2017
SRI,43,195,2017
PAK,40,197,2017
MNG,38,198,2017
MSR,30,199,2017
CAY,21,200,2017
TCA,20,201,2017
SMR,17,202,2017
AND,12,203,2017
VGB,11,204,2017
GER,1602,1,2018
BRA,1483,2,2018
POR,1358,3,2018
ARG,1348,4,2018
BEL,1325,5,2018
ESP,1231,6,2018
POL,1209,7,2018
SUI,1190,8,2018
FRA,1183,9,2018
CHI,1147,10,2018
PER,1128,11,2018
DEN,1099,12,2018
COL,1078,13,2018
ITA,1052,14,2018
CRO,1048,17,2018
ENG,1047,15,2018
MEX,1032,16,2018
SWE,1000,18,2018
WAL,985,19,2018
ISL,959,22,2018
NED,952,20,2018
URU,924,21,2018
TUN,915,27,2018
SEN,875,23,2018
USA,867,24,2018
NIR,867,24,2018
CRC,831,26,2018
SVK,817,28,2018
AUT,815,29,2018
EGY,814,31,2018
PAR,812,30,2018
IRL,798,32,2018
SCO,798,32,2018
IRN,797,32,2018
UKR,781,35,2018
AUS,763,38,2018
SRB,756,36,2018
BIH,753,37,2018
MAR,748,40,2018
ROU,737,41,2018
TUR,735,42,2018
BUL,719,43,2018
COD,715,39,2018
BFA,709,44,2018
CMR,707,45,2018
MNE,681,46,2018
GRE,680,47,2018
CZE,677,48,2018
BOL,674,49,2018
GHA,659,50,2018
NGA,651,51,2018
VEN,639,52,2018
PAN,636,55,2018
HUN,630,53,2018
JAM,625,54,2018
JPN,598,57,2018
ALG,585,58,2018
NOR,572,59,2018
KOR,569,60,2018
ALB,553,62,2018
CIV,544,61,2018
RUS,534,64,2018
CPV,530,67,2018
SVN,529,69,2018
KSA,522,63,2018
GUI,510,65,2018
HON,509,68,2018
ECU,508,70,2018
FIN,508,66,2018
CHN,504,71,2018
MLI,477,72,2018
ZAM,466,74,2018
UGA,446,75,2018
MKD,446,76,2018
PLE,443,80,2018
SYR,442,77,2018
UZB,441,78,2018
UAE,436,73,2018
RSA,436,81,2018
TRI,430,87,2018
BEN,427,82,2018
IRQ,410,79,2018
GNB,409,86,2018
LUX,407,83,2018
LIB,407,85,2018
CUW,407,83,2018
HAI,403,56,2018
EST,399,89,2018
LBY,389,88,2018
SLV,383,100,2018
ARM,383,90,2018
CYP,373,91,2018
GAB,372,93,2018
BLR,372,92,2018
CAN,371,94,2018
CGO,369,96,2018
FRO,364,95,2018
SLE,360,97,2018
ISR,355,98,2018
MTN,340,99,2018
OMA,335,101,2018
IND,333,105,2018
QAT,327,102,2018
GEO,322,104,2018
KEN,317,106,2018
NIG,311,108,2018
ZIM,311,103,2018
MOZ,310,110,2018
MAD,309,108,2018
SKN,303,111,2018
NAM,300,118,2018
VIE,298,112,2018
JOR,294,107,2018
TKM,292,114,2018
NCA,287,119,2018
KGZ,282,115,2018
RWA,282,113,2018
AZE,281,117,2018
PRK,269,126,2018
NZL,267,121,2018
CTA,266,122,2018
BHR,264,115,2018
PHI,263,124,2018
SDN,260,136,2018
MWI,260,125,2018
TJK,255,126,2018
TOG,247,122,2018
GUA,242,129,2018
THA,236,130,2018
COM,235,131,2018
LVA,233,132,2018
SWZ,228,133,2018
LBR,224,134,2018
TPE,223,135,2018
KAZ,220,137,2018
AND,215,138,2018
ETH,213,143,2018
YEM,212,120,2018
ATG,209,139,2018
MYA,203,140,2018
EQG,202,146,2018
ANG,200,141,2018
BDI,197,142,2018
HKG,189,144,2018
LES,188,145,2018
TAN,182,147,2018
LTU,179,149,2018
AFG,176,148,2018
BOT,172,150,2018
MDV,154,155,2018
SOL,152,151,2018
TAH,149,152,2018
SSD,148,153,2018
NCL,146,154,2018
BRB,144,155,2018
VAN,141,157,2018
MRI,134,159,2018
PNG,126,160,2018
GRN,125,161,2018
IDN,121,162,2018
SUR,121,128,2018
DOM,121,162,2018
GAM,120,164,2018
GUY,117,165,2018
NEP,115,171,2018
MDA,112,167,2018
PUR,112,166,2018
FIJ,110,168,2018
CHA,110,168,2018
DMA,110,168,2018
BLZ,105,158,2018
CAM,103,173,2018
SGP,101,172,2018
KUW,100,189,2018
MAS,99,174,2018
VIN,99,174,2018
LCA,99,174,2018
KOS,97,177,2018
STP,94,178,2018
ARU,92,179,2018
CUB,88,180,2018
LIE,86,181,2018
LAO,82,182,2018
BER,72,183,2018
MLT,66,184,2018
MAC,65,185,2018
DJI,64,186,2018
BHU,57,187,2018
MNG,55,187,2018
BRU,45,190,2018
TLS,44,191,2018
SEY,43,192,2018
GUM,43,192,2018
ASA,38,194,2018
COK,38,194,2018
SAM,38,194,2018
BAN,30,197,2018
VIR,26,198,2018
MSR,20,199,2018
SRI,16,200,2018
PAK,15,201,2018
TCA,13,202,2018
CAY,13,202,2018
SMR,11,204,2018
VGB,6,205,2018
BEL,1727,1,2019
FRA,1726,2,2019
BRA,1676,3,2019
CRO,1634,4,2019
ENG,1631,5,2019
POR,1614,6,2019
URU,1609,7,2019
SUI,1599,8,2019
ESP,1591,9,2019
DEN,1589,10,2019
ARG,1582,11,2019
COL,1575,12,2019
CHI,1565,13,2019
SWE,1560,14,2019
NED,1560,14,2019
GER,1558,16,2019
MEX,1540,17,2019
ITA,1539,18,2019
WAL,1525,19,2019
POL,1518,20,2019
PER,1518,20,2019
IRN,1516,29,2019
AUT,1509,22,2019
SEN,1505,23,2019
USA,1501,25,2019
ROU,1501,24,2019
JPN,1495,50,2019
TUN,1493,26,2019
SVK,1483,27,2019
UKR,1482,28,2019
SRB,1481,29,2019
VEN,1478,31,2019
PAR,1476,32,2019
IRL,1474,33,2019
BIH,1472,34,2019
NIR,1465,35,2019
CRC,1461,36,2019
KOR,1451,53,2019
ISL,1451,37,2019
SCO,1446,38,2019
TUR,1443,39,2019
AUS,1441,41,2019
MAR,1440,40,2019
CZE,1435,42,2019
GRE,1428,43,2019
NGA,1427,44,2019
MNE,1427,44,2019
BUL,1425,46,2019
NOR,1425,46,2019
RUS,1424,48,2019
COD,1420,49,2019
HUN,1412,51,2019
GHA,1412,51,2019
JAM,1404,54,2019
QAT,1398,93,2019
CMR,1394,55,2019
EGY,1393,56,2019
ECU,1382,57,2019
FIN,1375,58,2019
BOL,1374,59,2019
ALB,1372,60,2019
BFA,1371,61,2019
SVN,1369,62,2019
HON,1369,62,2019
MLI,1363,64,2019
CIV,1356,65,2019
UAE,1355,79,2019
GUI,1354,66,2019
ALG,1349,67,2019
KSA,1344,69,2019
MKD,1343,68,2019
CHN,1339,76,2019
SLV,1327,70,2019
RSA,1325,72,2019
CPV,1325,72,2019
PAN,1324,71,2019
UGA,1320,75,2019
BLR,1317,76,2019
CAN,1314,78,2019
IRQ,1310,88,2019
CUW,1306,80,2019
ZAM,1292,83,2019
SYR,1286,74,2019
CGO,1280,84,2019
LBN,1277,81,2019
GAB,1277,85,2019
LUX,1276,86,2019
CYP,1276,86,2019
UZB,1275,95,2019
OMA,1273,82,2019
GEO,1269,89,2019
ISR,1265,90,2019
TRI,1260,92,2019
BEN,1257,94,2019
KGZ,1253,91,2019
EST,1246,96,2019
FRO,1238,98,2019
JOR,1238,109,2019
VIE,1227,100,2019
PLE,1224,99,2019
MTN,1222,101,2019
ARM,1222,101,2019
IND,1219,97,2019
HAI,1219,103,2019
LBY,1217,104,2019
KEN,1210,105,2019
MAD,1209,106,2019
AZE,1206,107,2019
NIG,1205,108,2019
NAM,1191,111,2019
BHR,1188,113,2019
CTA,1180,112,2019
ZIM,1175,114,2019
SLE,1172,115,2019
THA,1169,118,2019
MOZ,1167,117,2019
KAZ,1159,119,2019
GNB,1158,120,2019
NZL,1157,122,2019
TJK,1155,120,2019
PRK,1152,109,2019
TOG,1136,123,2019
PHI,1135,116,2019
TPE,1134,124,2019
ANG,1131,125,2019
ATG,1126,126,2019
SDN,1120,127,2019
NCA,1119,129,2019
MWI,1115,130,2019
KOS,1113,131,2019
LVA,1112,132,2019
AND,1111,133,2019
LTU,1111,133,2019
SKN,1105,136,2019
RWA,1094,137,2019
TKM,1089,127,2019
TAN,1087,138,2019
MYA,1085,139,2019
BDI,1085,139,2019
SWZ,1078,141,2019
HKG,1078,141,2019
COM,1076,143,2019
YEM,1073,135,2019
SOL,1073,144,2019
BOT,1071,145,2019
LES,1069,146,2019
AFG,1066,147,2019
EQG,1063,148,2019
GUA,1061,149,2019
LBR,1051,150,2019
ETH,1049,151,2019
MDV,1046,152,2019
SUR,1037,153,2019
DOM,1036,154,2019
NCL,1036,154,2019
MRI,1022,156,2019
TAH,1020,157,2019
KUW,1018,158,2019
IDN,1003,159,2019
BLZ,1002,160,2019
NEP,1001,161,2019
BRB,998,162,2019
VAN,996,163,2019
SSD,994,164,2019
SGP,991,165,2019
GAM,986,166,2019
MAS,985,167,2019
PNG,984,168,2019
FIJ,981,169,2019
MDA,979,170,2019
LCA,976,171,2019
CAM,970,172,2019
GRN,968,173,2019
CUB,963,174,2019
CHA,956,175,2019
BER,952,176,2019
GUY,951,177,2019
DMA,950,178,2019
PUR,948,179,2019
VIN,946,180,2019
LIE,937,181,2019
MLT,926,182,2019
MAC,925,183,2019
LAO,923,184,2019
STP,920,185,2019
BHU,917,186,2019
ARU,916,187,2019
MNG,915,188,2019
SEY,911,189,2019
COK,908,190,2019
ASA,908,190,2019
GUM,907,192,2019
BAN,907,192,2019
GIB,905,194,2019
BRU,903,195,2019
TLS,900,196,2019
SAM,896,197,2019
DJI,896,197,2019
PAK,888,199,2019
MSR,887,200,2019
SRI,886,201,2019
VIR,881,202,2019
CAY,874,203,2019
TGA,868,204,2019
SOM,868,204,2019
ERI,868,204,2019
VGB,867,207,2019
TCA,864,208,2019
AIA,864,208,2019
BAH,858,210,2019
SMR,854,211,2019
BEL,1765,1,2020
FRA,1733,2,2020
BRA,1712,3,2020
ENG,1661,4,2020
URU,1645,5,2020
CRO,1642,6,2020
POR,1639,7,2020
ESP,1636,8,2020
ARG,1623,9,2020
COL,1622,10,2020
MEX,1621,11,2020
SUI,1608,12,2020
ITA,1607,13,2020
NED,1604,14,2020
GER,1602,15,2020
DEN,1598,16,2020
SWE,1579,17,2020
CHI,1579,17,2020
POL,1559,19,2020
SEN,1555,20,2020
PER,1544,21,2020
USA,1542,22,2020
WAL,1540,22,2020
UKR,1537,24,2020
VEN,1517,25,2020
AUT,1507,26,2020
TUN,1506,27,2020
JPN,1500,28,2020
TUR,1494,29,2020
SRB,1494,29,2020
NGA,1493,31,2020
SVK,1490,32,2020
IRN,1489,33,2020
IRL,1486,34,2020
ALG,1482,35,2020
NIR,1476,36,2020
ROU,1475,37,2020
RUS,1470,38,2020
ISL,1465,39,2020
KOR,1464,40,2020
PAR,1461,40,2020
AUS,1457,42,2020
MAR,1456,43,2020
NOR,1451,44,2020
CZE,1446,45,2020
CRC,1439,46,2020
GHA,1439,47,2020
JAM,1437,48,2020
BIH,1430,49,2020
SCO,1422,50,2020
EGY,1420,51,2020
HUN,1416,52,2020
CMR,1413,53,2020
GRE,1409,54,2020
QAT,1396,55,2020
MLI,1389,56,2020
COD,1389,56,2020
FIN,1386,58,2020
BUL,1381,59,2020
BFA,1381,59,2020
CIV,1378,61,2020
HON,1377,62,2020
ECU,1368,63,2020
MNE,1365,64,2020
SVN,1365,64,2020
ALB,1356,66,2020
KSA,1351,67,2020
MKD,1347,68,2020
SLV,1346,69,2020
IRQ,1344,70,2020
UAE,1334,71,2020
RSA,1334,71,2020
CAN,1332,73,2020
GUI,1328,74,2020
BOL,1324,75,2020
CHN,1323,76,2020
UGA,1321,77,2020
CPV,1318,78,2020
SYR,1314,79,2020
CUW,1313,80,2020
PAN,1304,81,2020
OMA,1303,82,2020
GAB,1297,83,2020
BEN,1295,84,2020
UZB,1289,85,2020
HAI,1285,86,2020
BLR,1280,87,2020
ZAM,1279,88,2020
CGO,1269,89,2020
LBN,1269,89,2020
GEO,1267,91,2020
MAD,1267,91,2020
ISR,1260,93,2020
VIE,1258,94,2020
CYP,1251,95,2020
KGZ,1240,96,2020
JOR,1238,97,2020
LUX,1236,98,2020
BHR,1225,99,2020
MTN,1223,100,2020
LBY,1215,101,2020
ARM,1213,102,2020
PLE,1204,106,2020
EST,1202,103,2020
TRI,1201,104,2020
MOZ,1200,105,2020
KEN,1199,106,2020
IND,1187,108,2020
CTA,1184,109,2020
FRO,1181,110,2020
ZIM,1180,111,2020
NIG,1179,112,2020
THA,1178,113,2020
AZE,1177,114,2020
KOS,1174,115,2020
PRK,1170,116,2020
NAM,1160,117,2020
KAZ,1155,118,2020
SLE,1155,118,2020
GNB,1155,118,2020
TJK,1152,121,2020
NZL,1149,122,2020
MWI,1141,123,2020
ANG,1136,124,2020
PHI,1136,124,2020
ATG,1127,126,2020
TOG,1127,126,2020
SDN,1112,128,2020
TKM,1107,129,2020
GUA,1106,130,2020
RWA,1089,131,2020
LTU,1089,131,2020
COM,1088,133,2020
TAN,1086,134,2020
AND,1082,135,2020
MYA,1081,136,2020
LVA,1079,137,2020
TPE,1078,138,2020
LES,1074,139,2020
SKN,1074,139,2020
SUR,1073,141,2020
SOL,1073,141,2020
HKG,1072,141,2020
YEM,1071,144,2020
EQG,1066,145,2020
ETH,1061,146,2020
KUW,1060,147,2020
BOT,1055,148,2020
BDI,1052,151,2020
AFG,1052,149,2020
NCA,1050,150,2020
LBR,1047,152,2020
SWZ,1042,153,2020
MAS,1040,154,2020
MDV,1038,155,2020
NCL,1035,156,2020
SGP,1020,157,2020
DOM,1019,158,2020
GRN,1015,159,2020
GAM,1015,159,2020
TAH,1014,161,2020
BRB,1009,162,2020
VAN,996,163,2020
FIJ,996,163,2020
PNG,991,165,2020
GUY,988,166,2020
VIN,986,167,2020
BER,984,168,2020
SSD,983,169,2020
NEP,974,170,2020
BLZ,974,170,2020
MRI,965,172,2020
IDN,964,173,2020
CAM,964,173,2020
MDA,959,175,2020
LCA,953,176,2020
CHA,943,177,2020
PUR,941,178,2020
CUB,936,179,2020
LIE,926,180,2020
STP,923,181,2020
MAC,922,182,2020
MSR,921,183,2020
DJI,919,184,2020
MLT,919,184,2020
DMA,919,184,2020
BAN,914,187,2020
LAO,912,188,2020
BHU,911,189,2020
MNG,906,190,2020
BRU,904,191,2020
ASA,900,192,2020
CAY,897,193,2020
SAM,894,194,2020
BAH,880,195,2020
TLS,879,196,2020
GIB,879,196,2020
SOM,879,196,2020
GUM,873,199,2020
PAK,867,201,2020
ARU,867,201,2020
SEY,866,200,2020
TGA,862,203,2020
TCA,862,203,2020
ERI,856,205,2020
SRI,853,205,2020
VIR,844,207,2020
VGB,842,208,2020
SMR,824,209,2020
AIA,821,210,2020
BEL,1780,1,2021
FRA,1755,2,2021
BRA,1743,3,2021
ENG,1670,4,2021
POR,1662,5,2021
ESP,1645,6,2021
ARG,1642,7,2021
URU,1639,8,2021
MEX,1632,9,2021
ITA,1625,10,2021
CRO,1617,11,2021
DEN,1614,12,2021
GER,1610,13,2021
NED,1609,14,2021
COL,1601,15,2021
SUI,1593,16,2021
CHI,1567,17,2021
WAL,1562,18,2021
POL,1559,19,2021
SEN,1558,20,2021
SWE,1558,20,2021
USA,1548,22,2021
AUT,1531,23,2021
UKR,1521,24,2021
PER,1512,25,2021
TUN,1503,26,2021
JPN,1502,27,2021
VEN,1501,28,2021
IRN,1496,29,2021
SRB,1492,30,2021
ALG,1488,31,2021
TUR,1487,32,2021
MAR,1481,35,2021
SVK,1478,33,2021
PAR,1476,34,2021
NGA,1474,35,2021
ROU,1466,37,2021
KOR,1465,38,2021
RUS,1461,39,2021
HUN,1460,40,2021
AUS,1457,41,2021
IRL,1456,42,2021
CZE,1456,42,2021
NOR,1450,44,2021
NIR,1440,45,2021
ISL,1438,46,2021
JAM,1437,47,2021
SCO,1436,48,2021
EGY,1432,49,2021
CRC,1427,51,2021
CMR,1427,50,2021
GHA,1424,52,2021
GRE,1413,53,2021
MLI,1412,57,2021
FIN,1411,54,2021
BIH,1410,55,2021
ECU,1409,56,2021
QAT,1391,58,2021
BFA,1391,58,2021
COD,1386,60,2021
CIV,1384,61,2021
SVN,1379,62,2021
MNE,1370,63,2021
HON,1367,64,2021
MKD,1362,65,2021
ALB,1360,66,2021
KSA,1353,67,2021
BUL,1350,68,2021
IRQ,1348,69,2021
SLV,1344,70,2021
RSA,1341,71,2021
GUI,1334,73,2021
CAN,1332,72,2021
UAE,1326,74,2021
CHN,1323,75,2021
SYR,1313,76,2021
CUW,1313,76,2021
PAN,1312,78,2021
BOL,1307,79,2021
CPV,1306,81,2021
OMA,1303,82,2021
BEN,1302,83,2021
UGA,1301,79,2021
HAI,1285,84,2021
UZB,1283,85,2021
GAB,1280,86,2021
ISR,1279,87,2021
BLR,1269,88,2021
GEO,1267,89,2021
CGO,1265,91,2021
ZAM,1265,90,2021
LBN,1263,92,2021
VIE,1258,93,2021
MAD,1257,94,2021
JOR,1243,95,2021
KGZ,1240,96,2021
BHR,1238,97,2021
LUX,1235,98,2021
ARM,1233,99,2021
CYP,1224,100,2021
MTN,1207,101,2021
PLE,1206,102,2021
TRI,1200,103,2021
KEN,1187,104,2021
IND,1187,104,2021
MOZ,1185,106,2021
FRO,1183,107,2021
AZE,1180,109,2021
EST,1180,109,2021
THA,1178,111,2021
LBY,1177,111,2021
ZIM,1176,108,2021
NIG,1172,113,2021
CTA,1171,114,2021
PRK,1170,115,2021
SLE,1165,116,2021
KOS,1155,117,2021
NZL,1149,118,2021
GNB,1146,120,2021
TJK,1144,121,2021
NAM,1143,119,2021
KAZ,1142,122,2021
MWI,1140,123,2021
PHI,1136,124,2021
ANG,1134,125,2021
ATG,1127,126,2021
SDN,1124,127,2021
TOG,1115,128,2021
LTU,1114,129,2021
GUA,1112,131,2021
COM,1112,130,2021
TKM,1107,132,2021
RWA,1103,133,2021
EQG,1097,134,2021
TAN,1087,135,2021
LVA,1082,136,2021
MYA,1081,137,2021
BDI,1078,138,2021
TPE,1078,138,2021
SKN,1074,140,2021
SUR,1073,141,2021
SOL,1073,141,2021
LES,1072,143,2021
HKG,1072,143,2021
YEM,1071,145,2021
ETH,1066,146,2021
BOT,1066,146,2021
KUW,1057,148,2021
NCA,1055,149,2021
AFG,1052,150,2021
AND,1048,151,2021
LBR,1047,152,2021
SWZ,1040,153,2021
MAS,1040,153,2021
MDV,1038,155,2021
NCL,1035,156,2021
GAM,1034,157,2021
SGP,1020,158,2021
DOM,1018,159,2021
GRN,1015,160,2021
TAH,1014,161,2021
BRB,1009,162,2021
SSD,998,163,2021
FIJ,996,164,2021
VAN,996,164,2021
PNG,991,166,2021
GUY,988,167,2021
VIN,986,168,2021
BER,983,169,2021
BLZ,974,170,2021
NEP,968,171,2021
MRI,965,172,2021
IDN,964,173,2021
CAM,964,173,2021
LCA,953,175,2021
MLT,951,176,2021
MDA,950,177,2021
CHA,947,178,2021
PUR,942,179,2021
CUB,936,180,2021
LIE,924,181,2021
MAC,922,182,2021
MSR,921,183,2021
DJI,919,184,2021
DMA,919,184,2021
BAN,917,186,2021
STP,914,187,2021
LAO,912,188,2021
BHU,911,189,2021
MNG,906,190,2021
BRU,904,191,2021
ASA,900,192,2021
CAY,897,193,2021
SAM,894,194,2021
GIB,888,195,2021
BAH,880,196,2021
TLS,879,197,2021
SOM,879,197,2021
GUM,873,199,2021
PAK,867,200,2021
ARU,867,200,2021
SEY,866,202,2021
TGA,862,203,2021
TCA,862,203,2021
ERI,856,205,2021
SRI,853,206,2021
VIR,844,207,2021
VGB,842,208,2021
AIA,821,209,2021
SMR,810,210,2021
BEL,1828.45,1,2022
BRA,1823.42,2,2022
FRA,1786.15,3,2022
ARG,1766.99,5,2022
ENG,1755.52,4,2022
ITA,1740.77,6,2022
ESP,1704.75,7,2022
POR,1660.25,8,2022
DEN,1654.54,9,2022
NED,1653.73,10,2022
GER,1648.33,12,2022
MEX,1647.9,14,2022
USA,1643.34,11,2022
SUI,1642.83,13,2022
CRO,1620.74,15,2022
URU,1614.05,17,2022
SWE,1588.26,18,2022
SEN,1587.78,20,2022
COL,1585.89,16,2022
WAL,1578.01,19,2022
IRN,1572.89,21,2022
PER,1563.45,22,2022
JPN,1549.82,26,2022
MAR,1547.42,28,2022
SRB,1547.38,23,2022
CHI,1543.16,24,2022
UKR,1535.08,25,2022
POL,1530.62,27,2022
KOR,1522.85,33,2022
AUT,1511.56,31,2022
CZE,1510.42,32,2022
NGA,1509.91,36,2022
CAN,1497.82,40,2022
EGY,1497.05,45,2022
RUS,1493.42,34,2022
TUN,1489.92,30,2022
AUS,1486.86,35,2022
CMR,1480.82,50,2022
TUR,1472.72,37,2022
SCO,1471.82,38,2022
HUN,1465.62,39,2022
CRC,1464.06,49,2022
ALG,1460.93,29,2022
ECU,1458.63,46,2022
NOR,1455.43,41,2022
SVK,1455.36,42,2022
ROU,1453.18,44,2022
MLI,1446.49,53,2022
IRL,1444.29,47,2022
PAR,1440.53,43,2022
CIV,1439.62,56,2022
QAT,1437.91,48,2022
KSA,1433.95,51,2022
NIR,1424.97,54,2022
GRE,1421.99,55,2022
BFA,1418.58,60,2022
FIN,1411.77,58,2022
VEN,1411.45,59,2022
BIH,1391.19,61,2022
ISL,1382.81,62,2022
GHA,1381.45,52,2022
JAM,1378.62,57,2022
PAN,1375.56,63,2022
SVN,1375.42,65,2022
ALB,1374.98,66,2022
COD,1369.53,64,2022
MKD,1367.23,67,2022
RSA,1358.24,68,2022
UAE,1353.1,69,2022
SLV,1346.04,70,2022
BUL,1345.47,71,2022
MNE,1342.89,72,2022
CPV,1336.88,73,2022
IRQ,1325.44,75,2022
CHN,1313.81,74,2022
BOL,1308.12,77,2022
ISR,1306.7,78,2022
HON,1303.96,76,2022
OMA,1301.0,79,2022
CUW,1298.39,80,2022
GUI,1292.58,81,2022
GAB,1290.65,89,2022
BEN,1282.53,83,2022
UGA,1279.18,82,2022
UZB,1277.02,84,2022
GEO,1269.24,85,2022
HAI,1268.05,87,2022
ZAM,1264.64,88,2022
BHR,1263.61,91,2022
JOR,1259.84,90,2022
SYR,1251.22,86,2022
ARM,1242.24,92,2022
LUX,1236.45,93,2022
BLR,1233.43,94,2022
LBN,1228.97,95,2022
KGZ,1228.69,96,2022
CGO,1221.4,97,2022
VIE,1218.55,98,2022
EQG,1210.07,114,2022
PLE,1208.9,99,2022
TRI,1205.99,100,2022
MAD,1205.61,101,2022
KEN,1202.26,102,2022
IND,1182.75,104,2022
CYP,1178.65,105,2022
EST,1176.5,107,2022
SLE,1173.81,108,2022
PRK,1169.96,109,2022
KOS,1163.05,111,2022
NAM,1162.93,112,2022
NZL,1161.66,110,2022
THA,1160.14,115,2022
GNB,1158.62,106,2022
NIG,1158.39,113,2022
TJK,1152.56,116,2022
MTN,1152.52,103,2022
MOZ,1151.0,118,2022
LBY,1149.51,117,2022
MWI,1145.08,129,2022
KAZ,1140.71,119,2022
AZE,1139.02,120,2022
ZIM,1138.56,121,2022
GUA,1138.4,122,2022
FRO,1136.99,123,2022
GAM,1135.18,150,2022
TOG,1133.24,124,2022
ANG,1131.72,126,2022
ATG,1131.07,127,2022
PHI,1129.91,128,2022
CTA,1127.2,130,2022
COM,1126.2,132,2022
TAN,1118.76,131,2022
SDN,1118.31,125,2022
TKM,1117.6,133,2022
LVA,1100.03,134,2022
RWA,1097.16,135,2022
LTU,1091.77,136,2022
ETH,1081.24,137,2022
SKN,1077.76,138,2022
SUR,1077.57,139,2022
BDI,1075.82,140,2022
SOL,1072.78,141,2022
KUW,1065.56,142,2022
NCA,1062.21,143,2022
LBR,1058.28,144,2022
LES,1057.62,145,2022
SWZ,1054.14,146,2022
HKG,1053.39,147,2022
BOT,1051.59,148,2022
AFG,1049.77,149,2022
YEM,1046.26,151,2022
MYA,1044.56,152,2022
NCL,1035.12,153,2022
MAS,1034.53,154,2022
AND,1030.28,155,2022
DOM,1029.42,156,2022
MDV,1021.58,157,2022
TPE,1017.78,158,2022
TAH,1014.27,159,2022
IDN,1001.61,164,2022
SGP,1000.78,160,2022
FIJ,996.27,161,2022
BRB,995.94,162,2022
VAN,995.62,163,2022
PNG,990.55,165,2022
BER,982.43,166,2022
NEP,982.22,169,2022
SSD,977.81,167,2022
GRN,974.03,168,2022
BLZ,967.42,170,2022
CAM,966.61,171,2022
PUR,962.77,173,2022
VIN,960.71,174,2022
MLT,958.95,175,2022
GUY,958.87,176,2022
MRI,955.18,172,2022
LCA,953.45,177,2022
MSR,950.71,178,2022
CUB,948.96,179,2022
CHA,935.0,180,2022
MDA,926.85,181,2022
MAC,922.1,182,2022
DMA,916.72,183,2022
MNG,916.68,184,2022
BHU,910.96,185,2022
BAN,907.83,186,2022
LAO,904.6,187,2022
BRU,903.9,188,2022
STP,903.31,189,2022
ASA,900.27,190,2022
LIE,899.52,191,2022
DJI,896.62,192,2022
SAM,894.26,193,2022
SOM,873.71,194,2022
CAY,873.64,195,2022
SEY,870.63,197,2022
PAK,866.81,198,2022
TLS,865.47,196,2022
TGA,861.81,199,2022
ARU,859.97,200,2022
BAH,858.5,201,2022
ERI,855.56,202,2022
GIB,853.6,203,2022
SRI,842.93,204,2022
TCA,839.84,205,2022
GUM,838.33,206,2022
VIR,816.13,207,2022
VGB,812.94,208,2022
AIA,792.34,209,2022
SMR,780.33,210,2022
