result,Draw_odd,odd_dif,ovr_dif,att_dif,mid_dif,defe_dif,rank_dif,points_dif,Elo_ranking_dif,Elo_rating_dif,goal_balance_dif
lose,3.23,3.2600000000000002,-10.939999999999998,-5.8799999999999955,-11.810000000000002,-10.439999999999998,26.0,-304.0,49,-277,-0.3998897599216071
draw,3.65,1.63,-0.5300000000000011,-0.5300000000000011,1.7999999999999972,0.5999999999999943,4.0,-78.0,18,-105,-0.47000247557111985
lose,3.12,1.44,4.5,5.5,6.439999999999998,6.439999999999998,-5.0,17.0,59,-230,0.3391764705882353
lose,3.75,7.67,-9.939999999999998,-9.329999999999998,-10.439999999999998,-8.439999999999998,51.0,-185.0,48,-303,-0.15342163355408392
win,3.33,-2.16,2.4200000000000017,4.849999999999994,1.9399999999999977,0.75,-8.0,153.0,-10,151,0.7654211983222814
win,5.53,-8.95,8.530000000000001,7.739999999999995,6.049999999999997,7.469999999999999,-16.0,352.0,-33,340,0.7707224798633147
lose,3.27,-1.9899999999999998,4.409999999999997,6.239999999999995,4.299999999999997,4.849999999999994,-13.0,300.0,3,-10,0.0714718790152079
lose,3.22,-0.8600000000000003,-1.2999999999999972,2.299999999999997,-2.0600000000000023,-1.75,2.0,-91.0,1,-75,-0.2465828307288792
draw,5.27,-9.99,11.86,13.239999999999995,9.879999999999995,10.14,-18.0,389.0,-33,246,1.3133809520609772
win,8.65,-19.38,7.530000000000001,3.739999999999995,8.049999999999997,7.469999999999999,-30.0,524.0,-42,378,-0.2342764427826669
win,3.69,-4.49,5.590000000000003,7.459999999999994,4.8799999999999955,4.469999999999999,-9.0,135.0,-6,146,0.02515824521605503
win,4.08,-8.02,5.590000000000003,7.459999999999994,4.8799999999999955,4.469999999999999,-1.0,5.0,-14,162,0.026649816783596125
win,4.38,-7.23,5.030000000000001,6.239999999999995,9.549999999999997,4.469999999999999,-14.0,126.0,-45,339,0.36016405887562736
win,3.85,-6.05,11.030000000000001,12.83999999999999,10.849999999999994,10.670000000000002,-44.0,448.0,-25,251,-0.16139173901604842
win,4.17,-4.720000000000001,5.590000000000003,9.86,5.239999999999995,3.030000000000001,-5.0,138.0,-19,258,1.1205644349939907
win,3.15,-0.2999999999999998,-3.8299999999999983,-3.4399999999999977,-5.890000000000001,-6.719999999999999,33.0,-104.0,-10,34,0.65457199734572
lose,6.55,12.0,-8.829999999999998,-9.909999999999997,-9.180000000000007,-9.599999999999994,49.0,-535.0,45,-377,0.1296164772727273
lose,3.51,0.41999999999999993,0.5700000000000074,-1.539999999999992,0.4099999999999966,-0.21999999999999886,27.0,-365.0,19,-120,1.0796974522292992
win,3.55,2.4,-5.5,-7.109999999999999,-6.219999999999999,-5.049999999999997,2.0,-59.0,-5,33,0.3881678745996966
lose,5.22,6.180000000000001,-12.439999999999998,-11.5,-13.329999999999998,-13.549999999999997,57.0,-936.0,41,-301,-0.1411345108695652
lose,3.27,2.5999999999999996,-3.180000000000007,-3.5,-2.930000000000007,-0.38000000000000966,84.0,-763.0,30,-160,-0.1485493230174082
lose,4.49,7.13,-8.89,-7.439999999999998,-9.290000000000006,-6.980000000000004,89.0,-939.0,32,-244,-0.4370724645174635
lose,3.65,-4.59,3.759999999999991,4.590000000000003,3.8799999999999955,5.059999999999988,-10.0,146.0,7,-20,-0.06784260515603802
win,3.59,-3.6900000000000004,4.939999999999998,5.0,-0.18000000000000682,8.239999999999995,-42.0,169.0,-17,99,0.6338142977607045
draw,3.28,1.0999999999999996,-0.8400000000000034,-2.8900000000000006,0.4299999999999926,1.9099999999999966,72.0,-496.0,7,-29,0.2802575744087361
win,5.26,-8.82,3.1099999999999994,2.8900000000000006,1.1099999999999994,2.719999999999999,-15.0,306.0,-30,225,-0.2915010757655258
win,3.79,-1.0500000000000003,-2.3299999999999983,-3.6099999999999994,-2.450000000000003,-2.3400000000000034,-10.0,278.0,-4,75,-1.184007844535568
lose,3.0,-0.3500000000000001,-2.5400000000000063,-2.3499999999999943,-2.5400000000000063,-2.930000000000007,-14.0,503.0,6,-37,-0.6229513351072984
lose,3.16,1.04,-2.5400000000000063,-2.3499999999999943,-2.5400000000000063,-2.930000000000007,-9.0,155.0,-3,44,-0.5477164120642382
win,4.72,-7.51,4.109999999999999,4.890000000000001,2.1099999999999994,2.719999999999999,-52.0,727.0,-33,304,-0.3469064399383539
win,6.75,-16.41,12.11,11.89,9.11,10.719999999999999,-50.0,689.0,-62,467,0.5394471712735727
win,3.34,-0.6800000000000002,-1.8299999999999983,-2.4399999999999977,-2.3299999999999983,-1.7199999999999989,-4.0,118.0,-4,102,-0.32473520249221177
win,3.35,-3.1500000000000004,5.579999999999998,6.709999999999994,5.519999999999996,4.900000000000006,-30.0,684.0,-8,105,0.37105265831529965
win,3.34,-1.21,2.5799999999999983,2.3599999999999994,2.9099999999999966,3.319999999999993,-11.0,228.0,-12,120,-0.7615035513366457
win,5.15,-10.45,9.11,10.39,9.11,7.719999999999999,-22.0,410.0,-45,385,-0.13601333256266496
win,3.39,-1.9300000000000002,5.719999999999999,5.890000000000001,5.439999999999998,6.219999999999999,-3.0,79.0,-7,86,0.03278289918809202
win,3.53,-0.98,-1.0,-4.0,2.0,0.0,-14.0,172.0,-9,38,-1.0049989226459815
win,5.0,-9.8,10.5,11.61,10.11,12.939999999999998,-47.0,229.0,-29,318,0.21299775962997747
lose,3.43,-1.6100000000000003,2.5600000000000023,3.280000000000001,2.1099999999999994,3.5,-3.0,158.0,-2,101,1.1151228441052874
win,9.35,-19.68,8.36,8.61,8.409999999999997,9.469999999999999,-40.0,486.0,-48,398,0.8835793694186258
draw,4.42,-4.64,6.070000000000007,5.969999999999999,4.219999999999999,8.719999999999999,-5.0,97.0,-4,79,1.2815758561489112
win,3.92,-5.15,6.070000000000007,5.969999999999999,4.219999999999999,8.719999999999999,-13.0,613.0,-6,201,1.324806783801428
win,3.75,-2.9299999999999997,4.769999999999996,3.969999999999999,3.6200000000000045,6.319999999999993,6.0,-98.0,-2,23,1.2257438145944253
win,6.69,-17.59,9.670000000000002,10.170000000000002,8.219999999999999,8.219999999999999,-24.0,652.0,-39,412,0.6282756770936185
win,5.16,-9.94,4.549999999999997,4.670000000000002,4.469999999999999,7.599999999999994,-6.0,131.0,-14,217,0.5037164234024285
win,3.5,-6.6,4.549999999999997,4.670000000000002,4.469999999999999,7.599999999999994,-19.0,138.0,-8,184,0.5191476044156139
lose,3.25,-3.34,-0.6099999999999994,-0.10999999999999943,-1.3400000000000034,0.5,-4.0,71.0,-1,19,0.9885186040469935
lose,3.19,-0.18000000000000016,-1.1599999999999966,0.730000000000004,-1.8900000000000006,1.0,8.0,-216.0,2,-92,0.19113703453426756
win,5.16,-8.99,6.670000000000002,3.6700000000000017,6.719999999999999,8.719999999999999,-49.0,231.0,-33,326,0.6161303630363036
win,3.44,-3.6000000000000005,6.670000000000002,5.570000000000007,5.420000000000002,8.420000000000002,-14.0,703.0,-32,379,0.6716177456604336
win,4.38,-6.08,5.730000000000004,5.890000000000001,5.049999999999997,7.219999999999999,-14.0,451.0,-21,349,0.515117243119514
draw,5.33,-8.01,5.730000000000004,5.890000000000001,5.049999999999997,7.219999999999999,-11.0,210.0,-10,150,0.4679215808794813
lose,3.7,-1.0899999999999999,1.6700000000000017,1.7000000000000028,0.9299999999999926,3.3400000000000034,1.0,-4.0,-1,12,0.4724340175953079
win,9.09,-27.189999999999998,17.67,17.17,17.22,17.22,-84.0,1190.0,-77,569,0.600179792523941
draw,4.38,-6.81,5.730000000000004,8.290000000000006,5.409999999999997,5.780000000000001,-6.0,293.0,-11,214,1.5007914742594421
lose,3.9,3.71,-3.8100000000000023,-3.9399999999999977,-3.9399999999999977,-1.8700000000000045,34.0,-355.0,34,-181,-0.3798629460161973
lose,3.17,0.3500000000000001,-2.469999999999999,-0.5499999999999972,-4.25,-2.75,-17.0,87.0,19,-83,-0.036640235210263716
lose,3.73,3.5999999999999996,-6.689999999999998,-6.909999999999997,-7.480000000000004,-6.1299999999999955,8.0,-374.0,49,-456,-0.35041555204975194
win,4.44,-7.32,4.429999999999993,5.640000000000001,5.890000000000001,4.219999999999999,-43.0,434.0,-42,310,-0.9387583158263305
lose,4.15,5.43,-8.010000000000005,-5.859999999999999,-7.439999999999998,-9.329999999999998,14.0,-672.0,8,-222,-1.0824837020965914
win,3.14,-1.44,-0.3400000000000034,2.3200000000000074,1.1899999999999977,-2.9399999999999977,-3.0,31.0,-16,140,0.2733169322742615
draw,3.12,1.8899999999999997,-4.539999999999992,-4.299999999999997,-3.960000000000008,-5.159999999999997,-2.0,31.0,-1,1,-1.2604285286185197
win,3.25,-3.2299999999999995,2.780000000000001,4.079999999999998,3.4799999999999898,0.7800000000000011,-8.0,145.0,-39,347,0.21158165483263294
win,3.5,-1.69,1.9000000000000057,1.6000000000000085,1.7999999999999972,2.1000000000000085,-13.0,288.0,-31,329,-0.5769127995012024
lose,3.33,-3.25,1.9000000000000057,4.200000000000003,0.5999999999999943,-0.09999999999999432,-44.0,480.0,-30,230,-0.4233271240213057
win,3.33,-1.56,-0.47999999999998977,-1.4899999999999949,2.1599999999999966,-1.0999999999999943,-2.0,68.0,-6,111,-0.3112733509989115
draw,3.94,2.51,-9.439999999999998,-10.5,-8.560000000000002,-7.060000000000002,18.0,-298.0,6,-58,-0.6505755668651595
draw,3.07,-0.3200000000000003,-2.1200000000000045,-2.1200000000000045,-1.1200000000000045,-1.1200000000000045,19.0,-312.0,-29,194,0.8916872315687066
lose,3.3,2.84,-2.780000000000001,-4.890000000000001,-0.39000000000000057,1.6700000000000017,-1.0,5.0,26,-147,0.4886320665532236
lose,3.38,3.4099999999999997,-4.670000000000002,-5.670000000000002,-4.329999999999998,-0.3299999999999983,-10.0,75.0,20,-84,0.10360756831476947
draw,3.2,-0.7200000000000002,5.950000000000003,6.939999999999998,5.640000000000001,5.340000000000003,-28.0,91.0,-21,134,-0.30614984478563645
draw,3.28,-1.4100000000000001,1.990000000000009,3.700000000000003,2.280000000000001,0.3500000000000085,-31.0,161.0,-8,24,0.12311860428997912
draw,3.24,-2.8200000000000003,1.3400000000000034,3.3900000000000006,-0.3100000000000023,-0.8799999999999955,5.0,-51.0,-4,27,0.32565261435361964
win,2.99,1.6300000000000003,-4.319999999999993,-5.0,-4.810000000000002,-6.439999999999998,2.0,1.0,3,-35,-0.5819736309229177
win,3.3,3.4000000000000004,-5.709999999999994,-3.9399999999999977,-6.359999999999999,-6.599999999999994,5.0,-176.0,2,-84,-0.2885231415000553
lose,3.46,0.029999999999999805,1.1800000000000068,1.2199999999999989,0.5799999999999983,-0.37999999999999545,-5.0,79.0,4,-67,-0.03579484252294718
win,3.75,-4.3500000000000005,0.6200000000000045,0.0,5.25,-0.37999999999999545,-34.0,397.0,-32,212,0.2766360919303309
lose,3.01,-0.10000000000000009,-3.819999999999993,-3.8299999999999983,-4.689999999999998,-5.819999999999993,11.0,-261.0,7,-44,0.35675471514206347
lose,3.69,7.699999999999999,-6.489999999999995,-4.560000000000002,-7.689999999999998,-8.209999999999994,7.0,-473.0,13,-270,-0.2968125999251624
win,3.08,3.4099999999999997,-6.489999999999995,-4.560000000000002,-7.689999999999998,-8.209999999999994,15.0,-412.0,9,-93,-0.23646369233364262
lose,3.88,4.779999999999999,-6.489999999999995,-4.560000000000002,-7.689999999999998,-8.209999999999994,5.0,-28.0,10,-179,-0.3766626025271559
draw,3.36,-2.76,0.8500000000000085,0.9000000000000057,-0.25,-0.04999999999999716,-6.0,205.0,-7,52,0.9452214452214452
draw,3.11,2.47,-1.990000000000009,-3.700000000000003,-2.280000000000001,-0.3500000000000085,8.0,-98.0,23,-188,-0.20119176598049837
lose,3.1,1.8200000000000003,-0.6500000000000057,-0.3100000000000023,-2.5900000000000034,-1.230000000000004,30.0,-158.0,13,-103,0.12935250993340425
lose,3.3,-3.3899999999999997,0.12999999999999545,-4.700000000000003,-0.030000000000001137,0.769999999999996,-48.0,188.0,-23,131,0.042192917285785114
lose,3.15,2.0,-6.52000000000001,-7.439999999999998,-7.180000000000007,-7.38000000000001,-10.0,55.0,8,-134,-0.1149697211834999
lose,3.17,2.46,-5.810000000000002,-7.530000000000001,-6.969999999999999,-6.170000000000002,-2.0,49.0,-6,27,0.31419282983654917
lose,3.59,4.0600000000000005,-5.810000000000002,-7.530000000000001,-6.969999999999999,-6.170000000000002,26.0,-351.0,14,-128,0.22368552816386061
lose,3.6,-0.71,-1.1400000000000006,-2.799999999999997,-2.530000000000001,-0.4000000000000057,5.0,-73.0,15,-87,0.7361372440509131
draw,3.4,-2.6500000000000004,4.609999999999999,3.549999999999997,5.950000000000003,6.219999999999999,-26.0,336.0,-21,163,-0.49054878048780487
lose,3.3,2.3999999999999995,-3.3299999999999983,-4.780000000000001,-2.049999999999997,-3.219999999999999,11.0,-166.0,6,-138,0.24996884735202493
lose,4.8,-10.4,6.1299999999999955,5.640000000000001,7.530000000000001,7.209999999999994,-42.0,203.0,-31,215,1.3893441147889098
draw,2.74,3.29,-6.5,-8.170000000000002,-5.5,-6.219999999999999,3.0,-84.0,12,-196,0.07956633167276184
lose,3.91,5.36,-7.049999999999997,-7.329999999999998,-6.049999999999997,-5.719999999999999,8.0,-313.0,20,-276,-0.6288490414446186
lose,3.22,-1.1099999999999999,0.7800000000000011,0.10999999999999943,0.060000000000002274,-0.5,-15.0,98.0,14,-55,0.007215597298438181
lose,3.48,2.74,-5.159999999999997,-7.219999999999999,-4.3799999999999955,-4.939999999999998,4.0,-68.0,13,-127,-0.0015090026294746761
win,4.24,-3.7,-0.75,-2.4200000000000017,0.8599999999999994,0.09999999999999432,-27.0,153.0,-22,176,-0.2907441651256934
win,3.1,-1.7000000000000002,-1.1200000000000045,-1.4399999999999977,-2.0600000000000023,-5.060000000000002,16.0,-53.0,-17,126,-1.38384981993056
draw,4.12,3.8,-11.400000000000006,-11.719999999999999,-11.620000000000005,-12.780000000000001,3.0,-41.0,10,-119,-0.757130295101071
lose,4.1,6.720000000000001,-7.679999999999993,-9.689999999999998,-4.840000000000003,-8.599999999999994,10.0,-110.0,42,-306,0.34874645189255704
draw,5.52,-13.67,5.439999999999998,6.5,3.5600000000000023,5.060000000000002,-17.0,292.0,-92,460,1.0639441571871768
lose,2.84,-1.0700000000000003,2.3299999999999983,3.6099999999999994,2.450000000000003,2.3400000000000034,10.0,-278.0,4,-75,1.184007844535568
win,4.1,-5.32,4.319999999999993,5.0,4.810000000000002,6.439999999999998,-7.0,53.0,-9,174,0.6329623372751664
win,4.14,-6.390000000000001,6.310000000000002,8.700000000000003,7.090000000000003,6.790000000000006,-38.0,214.0,-17,198,0.7560809415651455
win,3.48,-3.8900000000000006,5.659999999999997,8.39,4.5,5.560000000000002,-8.0,56.0,-4,95,0.8854334514985498
win,3.79,-5.56,10.560000000000002,11.939999999999998,10.620000000000005,12.120000000000005,-28.0,110.0,-26,201,1.9740214157896856
win,3.34,-0.6499999999999999,-1.3900000000000006,1.0600000000000023,-1.5499999999999972,-0.1599999999999966,-9.0,60.0,-3,69,0.28058003191563174
lose,4.22,-7.670000000000001,11.769999999999996,12.0,10.39,11.730000000000004,-27.0,345.0,-18,163,1.8461046807279784
lose,2.98,-0.6699999999999999,-0.21000000000000796,1.2600000000000051,-0.09000000000000341,-0.5900000000000034,6.0,-79.0,-5,39,0.6278039648313442
draw,2.9,0.0900000000000003,-0.21000000000000796,1.2600000000000051,-0.09000000000000341,-0.5900000000000034,-4.0,91.0,-2,41,0.6174678587940892
draw,2.94,-0.8300000000000001,-0.21000000000000796,1.2600000000000051,-0.09000000000000341,-0.5900000000000034,-6.0,45.0,-1,1,0.5876858867863365
win,6.33,-16.89,14.439999999999998,15.5,11.560000000000002,13.060000000000002,-40.0,411.0,-58,392,1.7234550158091406
win,3.36,-4.33,8.439999999999998,8.420000000000002,8.710000000000008,9.14,-21.0,85.0,-25,200,1.4843447994540788
draw,2.97,-1.5900000000000003,0.5,1.1700000000000017,0.12000000000000455,0.6200000000000045,-1.0,4.0,-3,65,1.0465060598660172
draw,3.54,-3.8000000000000003,4.909999999999997,5.969999999999999,5.359999999999999,5.659999999999997,-15.0,211.0,-30,238,0.5582467120257502
draw,5.45,-9.81,7.849999999999994,9.909999999999997,6.909999999999997,8.240000000000009,-44.0,234.0,-30,301,1.1292258282623393
win,5.5,-13.870000000000001,21.439999999999998,16.5,22.560000000000002,24.060000000000002,-41.0,149.0,-65,408,0.8698411133335211
draw,4.04,-5.37,8.049999999999997,9.5,7.890000000000001,8.560000000000002,-5.0,113.0,-17,156,1.412732248255478
win,3.74,-4.430000000000001,8.590000000000003,8.349999999999994,7.939999999999998,8.290000000000006,-8.0,132.0,-19,169,1.7743611116144504
lose,4.74,8.04,-9.459999999999994,-10.420000000000002,-9.579999999999998,-10.429999999999993,53.0,-369.0,37,-353,-1.1393752674368849
win,5.96,-14.899999999999999,17.28,14.280000000000001,18.560000000000002,15.719999999999999,-13.0,122.0,-61,429,1.0042082001128456
win,3.09,-0.94,0.75,-1.4599999999999937,1.5100000000000051,2.25,5.0,-165.0,-11,179,-0.4766908250415894
win,7.16,-9.66,11.11,11.719999999999999,11.450000000000003,12.439999999999998,-29.0,420.0,-33,359,-0.5701151121605668
win,3.12,-0.4700000000000002,3.1700000000000017,3.3900000000000006,3.450000000000003,3.0,4.0,-142.0,-1,59,0.19681526758626872
win,3.08,-2.1,5.159999999999997,4.780000000000001,5.810000000000002,7.099999999999994,-8.0,135.0,-8,169,-0.4052189460263815
draw,2.98,-0.7899999999999996,0.8400000000000034,-0.21999999999999886,1.0,0.6599999999999966,10.0,-258.0,6,-63,-1.089792693449939
lose,3.12,0.1299999999999999,-0.5499999999999972,0.8400000000000034,-0.5499999999999972,0.5,18.0,-425.0,5,-168,-0.7556677450424218
win,3.0,-0.14000000000000012,-0.5499999999999972,0.8400000000000034,-0.5499999999999972,0.5,21.0,-479.0,1,-29,-0.7396429058627239
win,5.87,-10.58,14.780000000000001,15.280000000000001,12.560000000000002,14.219999999999999,-22.0,201.0,-62,414,0.06655574446236634
win,4.86,-6.73,12.61,11.780000000000001,11.39,12.39,-11.0,107.0,-23,243,0.8227265461735646
lose,3.54,0.33000000000000007,0.6299999999999955,1.0400000000000063,0.9099999999999966,0.06999999999999318,4.0,-255.0,4,-112,-0.5204154022799967
lose,3.12,-1.7400000000000002,6.340000000000003,6.0,6.390000000000001,6.719999999999999,-10.0,170.0,6,-44,-0.5239785419680646
win,4.61,-7.220000000000001,5.780000000000001,4.780000000000001,11.060000000000002,6.719999999999999,-17.0,192.0,-35,288,-0.16040637585204687
win,3.89,-4.949999999999999,11.680000000000007,10.180000000000007,11.86,12.219999999999999,-2.0,55.0,-14,239,0.5095823400687326
lose,3.08,-2.08,1.3400000000000034,0.9500000000000028,1.1200000000000045,1.2800000000000011,18.0,-351.0,-4,79,-0.14215192764866624
win,3.75,-7.61,8.75,10.099999999999994,8.969999999999999,7.900000000000006,-6.0,58.0,-17,208,0.6021360474592976
win,4.82,-9.940000000000001,10.400000000000006,11.040000000000006,11.150000000000006,11.010000000000005,9.0,-112.0,-40,328,-0.04329097453225178
draw,3.5,-5.5600000000000005,11.780000000000001,11.379999999999995,12.36,12.920000000000002,-24.0,88.0,-44,394,-0.7541190102414592
draw,3.25,-3.7500000000000004,6.340000000000003,8.400000000000006,6.75,5.280000000000001,-30.0,113.0,-13,215,0.636190190361859
draw,2.92,-4.02,6.340000000000003,8.400000000000006,6.75,5.280000000000001,13.0,-182.0,-12,152,0.6043184401912385
draw,3.84,-4.62,6.340000000000003,8.400000000000006,6.75,5.280000000000001,-14.0,162.0,-9,181,0.5882522446825127
win,5.57,-8.879999999999999,6.829999999999998,5.439999999999998,5.109999999999999,5.219999999999999,-24.0,526.0,-41,460,0.7219277808346952
win,3.28,-1.0700000000000003,1.2999999999999972,-2.299999999999997,2.0600000000000023,1.75,-1.0,67.0,-1,84,0.24800765827793958
draw,3.0,-0.3400000000000003,1.2999999999999972,-2.299999999999997,2.0600000000000023,1.75,12.0,-65.0,1,-2,0.21906303350109746
win,3.9,-5.72,11.659999999999997,10.879999999999995,12.0,11.939999999999998,-15.0,316.0,-18,291,0.09877652588650032
win,4.94,-10.1,10.829999999999998,9.439999999999998,10.11,7.219999999999999,-5.0,7.0,-44,344,0.23112440558367853
win,3.03,0.28000000000000025,1.3900000000000006,-1.0600000000000023,1.5499999999999972,0.1599999999999966,-3.0,97.0,-2,143,-0.32199116071244127
lose,3.35,-0.1299999999999999,0.5499999999999972,-0.8400000000000034,0.5499999999999972,-0.5,11.0,-145.0,7,-152,0.6891986841685029
draw,5.61,-7.82,7.829999999999998,2.9399999999999977,8.61,7.719999999999999,-22.0,467.0,-39,451,0.45621517910599696
win,5.16,-8.459999999999999,8.709999999999994,7.319999999999993,8.989999999999995,6.099999999999994,-11.0,381.0,-16,227,1.2398326872610532
draw,9.83,-19.17,12.649999999999991,12.030000000000001,13.170000000000002,12.039999999999992,-27.0,150.0,-31,237,0.5218929740056499
lose,2.88,-0.8300000000000001,1.1799999999999926,0.20000000000000284,1.4599999999999937,-0.4300000000000068,4.0,-34.0,3,-43,0.2462178646753691
lose,3.36,-2.6799999999999997,1.1799999999999926,0.20000000000000284,1.4599999999999937,-0.4300000000000068,-6.0,263.0,-5,141,0.30558843801287616
draw,3.02,-1.58,1.1799999999999926,0.20000000000000284,1.4599999999999937,-0.4300000000000068,-11.0,356.0,-4,95,0.3477749598994234
lose,4.5,-5.99,6.890000000000001,5.159999999999997,6.939999999999998,6.219999999999999,-15.0,570.0,-13,151,0.3137997787610619
win,3.8,-5.300000000000001,8.049999999999997,4.549999999999997,9.719999999999999,8.89,-17.0,443.0,-25,215,0.7173300389261996
draw,4.04,-4.61,8.049999999999997,4.549999999999997,9.719999999999999,8.89,-30.0,578.0,-15,187,0.7225084915347955
win,3.53,-1.6600000000000001,1.8900000000000006,0.10999999999999943,1.6700000000000017,0.7800000000000011,-3.0,146.0,-9,224,0.6311567421766978
win,3.3,-2.44,1.8900000000000006,0.10999999999999943,1.6700000000000017,0.7800000000000011,6.0,-46.0,-4,82,0.6874588695905701
win,3.3,-1.6099999999999999,1.8900000000000006,0.10999999999999943,1.6700000000000017,0.7800000000000011,-4.0,245.0,-7,149,0.627340038815144
win,3.42,-1.2200000000000002,1.8900000000000006,0.10999999999999943,1.6700000000000017,0.7800000000000011,8.0,-52.0,1,-10,0.5300870644427311
lose,3.73,-4.1,6.159999999999997,3.769999999999996,5.780000000000001,6.890000000000001,-13.0,257.0,-23,324,0.4869444004861969
win,4.23,-9.67,10.829999999999998,14.439999999999998,8.11,3.219999999999999,-22.0,487.0,-27,285,0.9443704771153786
lose,3.32,0.16999999999999993,-0.7800000000000011,-0.6200000000000045,-1.3299999999999983,-1.6099999999999994,5.0,-454.0,3,-49,0.0501744615513966
lose,3.16,0.7799999999999998,-0.7800000000000011,-0.6200000000000045,-1.3299999999999983,-1.6099999999999994,1.0,-44.0,6,-134,0.059117168411771726
win,4.63,-6.18,8.069999999999993,4.969999999999999,8.349999999999994,7.039999999999992,-17.0,602.0,-8,87,0.37085040983606554
win,3.46,-4.0,8.069999999999993,4.969999999999999,8.349999999999994,7.039999999999992,2.0,-24.0,-8,107,0.28791039342085534
win,4.24,-6.29,6.560000000000002,4.840000000000003,6.109999999999999,6.549999999999997,-11.0,381.0,-9,136,1.2337445867215004
win,4.31,-5.84,8.829999999999998,7.769999999999996,9.280000000000001,11.719999999999999,-25.0,505.0,-22,269,0.6518760978613208
draw,3.14,-0.9300000000000002,3.8299999999999983,7.939999999999998,3.3900000000000006,4.219999999999999,13.0,-34.0,6,-34,-0.3614166078095046
lose,4.23,6.09,-7.829999999999998,-2.9399999999999977,-8.61,-7.719999999999999,28.0,-350.0,24,-325,-0.4601931336960049
lose,3.4,-0.5500000000000003,1.6099999999999994,5.5,0.8299999999999983,1.0,10.0,-168.0,21,-130,0.5899965766823161
win,3.25,-0.5499999999999998,1.6099999999999994,5.5,0.8299999999999983,1.0,42.0,-159.0,9,-20,0.735640770252324
lose,4.09,5.609999999999999,-7.409999999999997,-9.61999999999999,-6.929999999999993,-4.349999999999994,5.0,-52.0,21,-242,-1.0249275427950368
lose,3.18,1.0700000000000003,-1.009999999999991,0.3200000000000074,-0.3499999999999943,0.8500000000000085,-19.0,215.0,-5,50,-0.8361781766097698
win,3.57,2.0100000000000002,-0.8799999999999955,-2.4799999999999898,-1.6799999999999926,1.3200000000000074,-5.0,143.0,8,-18,-0.7884944543338354
win,3.18,1.7000000000000002,-2.3799999999999955,-3.3799999999999955,2.6200000000000045,0.12000000000000455,-9.0,74.0,-24,97,-0.6647634839194094
lose,3.31,1.1,-2.4099999999999966,-2.4099999999999966,-2.0799999999999983,-0.28000000000000114,-12.0,253.0,18,-109,-1.031388123758888
win,3.59,3.25,-2.4099999999999966,-2.4099999999999966,-2.0799999999999983,-0.28000000000000114,2.0,-7.0,6,-62,-0.9954142602884022
lose,3.71,3.5,-9.489999999999995,-7.939999999999998,-10.319999999999993,-7.709999999999994,7.0,-235.0,26,-327,-1.1970220480004958
lose,3.06,0.38000000000000034,-0.6400000000000006,-2.3499999999999943,-0.6400000000000006,0.9399999999999977,-13.0,250.0,-3,14,-0.9345127645811792
lose,3.47,4.0,-8.099999999999994,-9.200000000000003,-7.0,-6.0,22.0,-196.0,33,-217,0.3916062660743512
lose,4.11,4.1,-3.3799999999999955,-3.5600000000000023,-0.9399999999999977,-1.4399999999999977,19.0,-160.0,52,-295,0.6905745506387047
lose,4.47,5.52,-8.439999999999998,-6.8799999999999955,-5.810000000000002,-8.939999999999998,34.0,-421.0,47,-240,0.5463486037671422
lose,3.63,5.46,-8.929999999999993,-9.480000000000004,-9.170000000000002,-9.539999999999992,19.0,-549.0,26,-215,0.503384127853524
draw,5.54,11.27,-12.099999999999994,-12.870000000000005,-12.620000000000005,-12.539999999999992,38.0,-295.0,38,-389,0.16730571016285306
draw,4.05,7.99,-10.759999999999991,-11.920000000000002,-11.5,-11.259999999999991,13.0,-274.0,31,-239,0.13014881106085985
lose,4.44,6.950000000000001,-10.759999999999991,-11.920000000000002,-11.5,-11.259999999999991,35.0,-202.0,32,-247,0.008194090437081192
win,3.17,1.4300000000000002,-4.269999999999996,-3.5,-2.6499999999999915,-4.909999999999997,26.0,-330.0,-19,95,-1.0271846797270525
lose,3.94,2.4699999999999998,-7.450000000000003,-7.0,-5.579999999999998,-5.290000000000006,5.0,-89.0,36,-256,-1.2419090730457691
draw,3.0,-0.48,-0.5100000000000051,1.0900000000000034,1.230000000000004,0.14999999999999147,16.0,-184.0,-12,75,-1.0950272848830906
draw,3.1,-0.20000000000000018,3.0,8.0,2.0,0.0,-42.0,135.0,-30,176,0.912772585669782
draw,3.5,2.9699999999999998,-2.5,2.5,1.5,-3.0,-4.0,26.0,3,-6,0.5815301536951023
draw,4.06,4.630000000000001,-6.939999999999998,-1.3299999999999983,-8.439999999999998,-8.439999999999998,29.0,-561.0,11,-136,0.5668804549061095
lose,6.79,18.310000000000002,-9.61,-2.0600000000000023,-11.439999999999998,-10.829999999999998,26.0,-434.0,15,-188,-0.02062334795364107
win,3.7,-5.6000000000000005,10.480000000000004,10.679999999999993,10.540000000000006,12.370000000000005,-36.0,131.0,-27,257,-0.24596996493704115
win,3.88,-5.67,7.710000000000008,7.239999999999995,7.8300000000000125,7.410000000000011,-13.0,94.0,-30,302,0.27133801173943106
lose,4.03,-4.9399999999999995,9.650000000000006,9.239999999999995,8.650000000000006,7.650000000000006,-24.0,377.0,-1,19,0.02277160203381534
draw,3.12,-0.8400000000000003,4.530000000000001,3.739999999999995,4.900000000000006,7.030000000000001,1.0,-9.0,-6,31,-0.00517193416712558
draw,2.79,-0.56,-0.6299999999999955,-1.0400000000000063,-0.9099999999999966,-0.06999999999999318,7.0,-27.0,1,-42,0.529550879479975
win,3.3,-5.0,6.650000000000006,2.739999999999995,7.150000000000006,8.150000000000006,-38.0,133.0,-31,265,0.15716263846928502
draw,5.85,-14.420000000000002,17.450000000000003,15.769999999999996,20.050000000000004,17.980000000000004,-78.0,809.0,-57,261,0.5243613157839495
draw,3.02,-1.71,8.650000000000006,7.159999999999997,8.800000000000011,9.730000000000004,-25.0,403.0,-7,48,0.8407459000397042
win,4.69,-7.03,8.120000000000005,9.059999999999988,8.060000000000002,7.8300000000000125,-13.0,218.0,-23,182,1.0804724663571135
lose,3.13,-1.4100000000000001,8.120000000000005,9.059999999999988,8.060000000000002,7.8300000000000125,-16.0,181.0,-14,142,0.994003993422598
draw,3.44,-3.8400000000000003,9.77000000000001,10.0,10.240000000000009,10.940000000000012,-10.0,410.0,-9,168,0.3894332122703451
win,2.91,2.3,-1.9599999999999937,-0.8200000000000074,-2.789999999999992,-1.1799999999999926,12.0,-379.0,1,-36,-0.3435023891610719
draw,3.16,-0.6500000000000004,-1.9599999999999937,-0.8200000000000074,-2.789999999999992,-1.1799999999999926,4.0,-20.0,2,-6,-0.331386152038326
win,3.05,-2.73,6.890000000000001,4.769999999999996,6.890000000000001,7.469999999999999,-20.0,220.0,-19,175,0.021304630463046315
win,3.6,-4.449999999999999,5.710000000000008,7.359999999999999,5.840000000000003,5.210000000000008,-6.0,32.0,-4,97,0.970345073980311
win,4.55,-6.669999999999999,5.38000000000001,4.640000000000001,4.650000000000006,6.980000000000004,-22.0,138.0,-32,304,0.8445298976542327
win,3.38,-5.28,7.650000000000006,7.569999999999993,7.820000000000007,12.150000000000006,-28.0,112.0,-17,214,0.5536369974436439
lose,3.46,-0.22999999999999998,4.27000000000001,1.5499999999999972,6.210000000000008,4.650000000000006,1.0,-12.0,3,-23,0.39160382777097746
win,3.97,-7.02,8.800000000000011,7.089999999999989,8.030000000000001,8.88000000000001,-8.0,63.0,-13,195,1.1546443269166813
win,3.29,-0.009999999999999787,0.0,2.5999999999999943,-1.2000000000000028,-2.200000000000003,-30.0,271.0,7,-38,0.1605843372677625
draw,3.15,1.7200000000000002,-5.939999999999998,-4.730000000000004,-5.640000000000001,-6.640000000000001,11.0,-311.0,27,-181,0.16883377156416335
win,3.2,-0.8999999999999999,-1.6700000000000017,-1.0700000000000074,-1.5300000000000011,-0.5300000000000011,-5.0,14.0,-4,11,-0.042555207704510656
lose,5.25,10.79,-6.670000000000002,-8.170000000000002,-4.219999999999999,-6.219999999999999,14.0,-125.0,39,-352,-0.8675697569756975
win,3.11,1.4499999999999997,1.6899999999999977,0.4399999999999977,4.189999999999998,3.25,32.0,-185.0,-33,138,0.029424637911825535
lose,3.71,1.37,-1.9000000000000057,-4.200000000000003,-0.5999999999999943,0.09999999999999432,43.0,-559.0,24,-291,0.41632846223343994
draw,3.3,3.3899999999999997,-2.1200000000000045,-3.5,0.25,1.3799999999999955,-5.0,13.0,31,-168,-0.34842215256008363
draw,3.4,-0.6799999999999997,0.8799999999999955,-0.12000000000000455,2.8799999999999955,0.8799999999999955,35.0,-414.0,-15,56,0.6279101170660729
lose,3.1,0.14000000000000012,0.21999999999999886,-2.8900000000000006,3.6099999999999994,3.6700000000000017,50.0,-611.0,4,-21,0.15515548602883905
draw,2.95,0.6200000000000001,-1.0,-4.0,1.0,-1.0,34.0,-277.0,8,-27,0.16139497911043738
draw,3.5,-6.6,4.939999999999998,4.280000000000001,5.170000000000002,3.0,-56.0,199.0,-39,225,0.5951676528599605
win,3.15,-1.5699999999999998,2.6299999999999955,2.719999999999999,3.3599999999999994,2.25,-29.0,276.0,-38,248,0.4156577885391445
lose,3.37,-1.2799999999999998,1.1799999999999926,-0.18999999999999773,1.4099999999999966,0.8199999999999932,-2.0,32.0,5,-64,0.05705063107500363
lose,1.91,0.020000000000000018,-1.4399999999999977,-3.4099999999999966,0.730000000000004,-2.0,-3.0,38.0,1,-46,0.45382256140041805
lose,2.99,-1.9800000000000004,2.0,-2.5,-0.5,6.5,8.0,-49.0,18,-93,-0.4994040716402526
draw,3.22,0.43999999999999995,-1.5300000000000011,-3.269999999999996,-0.7599999999999909,-0.5900000000000034,6.0,-145.0,2,-20,-0.03328932478310076
draw,3.0,1.4,-1.5300000000000011,-3.269999999999996,-0.7599999999999909,-0.5900000000000034,-1.0,18.0,-1,12,-0.10268353208061609
win,3.93,-4.54,6.060000000000002,6.469999999999999,6.470000000000013,4.640000000000001,-9.0,78.0,-25,200,0.2945880691032008
win,3.27,2.09,-1.6700000000000017,-1.7000000000000028,-0.9299999999999926,-3.3400000000000034,1.0,-280.0,-1,10,-0.49848934326694816
win,3.52,0.020000000000000018,4.400000000000006,4.269999999999996,3.2900000000000063,5.3799999999999955,-6.0,101.0,-3,67,0.8091418385536032
draw,4.16,-5.52,8.0,8.469999999999999,7.290000000000006,4.8799999999999955,-22.0,363.0,-11,164,0.07320422026304374
lose,3.98,-4.550000000000001,4.8700000000000045,6.670000000000002,5.820000000000007,4.609999999999999,-28.0,153.0,-11,95,0.19164511214257873
win,3.93,-5.49,4.219999999999999,6.359999999999999,3.230000000000004,3.3799999999999955,-25.0,461.0,-30,373,0.3137753168394882
lose,3.57,-3.7,4.219999999999999,6.359999999999999,3.230000000000004,3.3799999999999955,-9.0,333.0,-18,221,0.3408832007872542
win,3.05,-0.13999999999999968,-2.280000000000001,-1.8100000000000023,-2.269999999999996,-2.8400000000000034,2.0,-73.0,-6,135,0.46375018346080465
lose,3.24,0.48,-2.8299999999999983,-0.9699999999999989,-2.819999999999993,-2.3400000000000034,-1.0,20.0,2,-55,-0.2879658406573644
win,2.98,0.75,-1.6500000000000057,-0.769999999999996,-1.3599999999999994,-2.7700000000000102,6.0,-328.0,-2,23,-0.056665218819192065
win,3.1,-1.7000000000000002,5.0,3.8700000000000045,4.490000000000009,5.079999999999998,-39.0,164.0,-23,219,0.1869447689893326
win,4.1,-6.970000000000001,5.0,6.469999999999999,3.2900000000000063,2.8799999999999955,-40.0,559.0,-16,318,0.3209909141379264
win,3.35,-1.6100000000000003,4.060000000000002,4.189999999999998,4.1200000000000045,3.8799999999999955,-12.0,214.0,-9,138,-0.004512436715826573
win,6.77,-11.15,11.0,11.469999999999999,6.290000000000006,12.879999999999995,-51.0,247.0,-42,299,0.9284023668639053
win,3.67,0.31999999999999984,8.120000000000005,9.230000000000004,8.88000000000001,8.170000000000002,-4.0,82.0,-11,191,0.33276799345115304
lose,3.75,-3.33,3.469999999999999,3.9399999999999977,4.090000000000003,3.4799999999999898,-14.0,309.0,-7,146,-0.08712605333275558
win,4.35,-7.750000000000001,8.0,13.469999999999999,5.290000000000006,0.8799999999999955,-30.0,536.0,-46,448,0.6725794095114621
lose,3.33,1.7599999999999998,-3.6099999999999994,-1.5900000000000034,-4.1499999999999915,-3.950000000000003,2.0,-339.0,1,-11,-0.25616626156211164
win,4.39,-5.15,6.0,6.799999999999997,6.460000000000008,9.379999999999995,-10.0,88.0,-13,112,0.4321158947153642
draw,3.91,5.92,-7.799999999999997,-1.5300000000000011,-13.399999999999999,-14.329999999999998,49.0,-352.0,21,-85,0.16284773316516013
lose,5.08,4.36,-5.030000000000001,-6.239999999999995,-9.549999999999997,-4.469999999999999,47.0,-697.0,29,-202,-0.3481079709455388
lose,4.09,7.56,-5.030000000000001,-6.239999999999995,-9.549999999999997,-4.469999999999999,34.0,-550.0,39,-372,-0.34725371091243534
win,3.65,2.3600000000000003,3.5,1.5,-3.5,3.0,18.0,-198.0,6,-32,0.4234687689508793
win,3.07,0.31999999999999984,6.829999999999998,7.0,0.3299999999999983,5.670000000000002,29.0,-308.0,-4,44,0.9652729811154384
draw,3.28,0.4500000000000002,6.0,6.599999999999994,1.2999999999999972,6.200000000000003,-30.0,322.0,20,-88,-0.5215557978916758
lose,4.88,7.460000000000001,-11.0,-11.599999999999994,-11.799999999999997,-8.799999999999997,70.0,-487.0,45,-190,0.0714379531364926
lose,4.77,12.36,-13.709999999999994,-15.030000000000001,-14.049999999999997,-11.459999999999994,26.0,-522.0,49,-391,-1.5831473260079272
lose,3.73,2.5199999999999996,-3.0,-1.5,0.0,-3.0,28.0,-279.0,17,-82,-0.6754605038362377
draw,3.13,-1.42,-2.0,0.0799999999999983,-4.150000000000006,-4.079999999999998,-14.0,77.0,1,-2,-0.5051253464641303
draw,4.4,-7.46,8.799999999999997,8.61,11.249999999999993,8.25,-53.0,406.0,-50,213,-0.3163845842557547
lose,4.2,7.01,-10.61,-7.980000000000004,-11.590000000000003,-10.909999999999997,28.0,-821.0,18,-331,-1.0822825221641683
win,3.75,-1.4999999999999998,13.0,8.079999999999998,13.849999999999994,14.920000000000002,-20.0,64.0,-40,208,-0.6145036861205578
lose,3.09,1.31,-5.180000000000007,-2.010000000000005,-6.359999999999999,-6.0,-1.0,29.0,2,-43,-0.5891486717414944
lose,3.45,1.27,-2.1200000000000045,-1.3100000000000023,-4.209999999999994,-3.5700000000000074,-6.0,131.0,26,-209,0.2681716379924666
lose,3.39,-0.28000000000000025,-2.3400000000000034,-0.6099999999999994,-3.3599999999999994,-2.2900000000000063,12.0,-267.0,23,-131,-0.4288068974261443
lose,3.33,-0.98,-0.3499999999999943,3.0900000000000034,-1.0799999999999983,-1.9399999999999977,33.0,-255.0,13,-71,-0.33864646855174596
lose,3.25,-1.85,3.9000000000000057,6.329999999999998,2.450000000000003,3.3900000000000006,-15.0,48.0,-9,21,0.8952177533773364
draw,3.16,-2.1200000000000006,0.6599999999999966,2.769999999999996,-0.730000000000004,-2.7900000000000063,52.0,-470.0,18,-121,0.4975317080580238
win,3.39,-4.140000000000001,5.659999999999997,10.480000000000004,4.329999999999998,2.569999999999993,4.0,-56.0,-34,204,0.8606388344731317
draw,2.93,1.2800000000000002,-6.159999999999997,-4.439999999999998,-8.049999999999997,-8.11,27.0,-450.0,10,-79,-0.1250175133207379
draw,3.26,0.9700000000000002,-1.75,0.35999999999999943,-2.8100000000000023,-3.0700000000000074,54.0,-477.0,24,-183,-0.49788255223037836
lose,3.04,-0.8399999999999999,-1.2199999999999989,-1.1099999999999994,-2.6099999999999994,-4.670000000000002,-16.0,334.0,4,-6,0.006239493081598324
lose,3.45,-4.210000000000001,2.780000000000001,9.89,-1.6099999999999994,-5.670000000000002,-14.0,81.0,-17,103,0.22747632114720723
draw,3.68,-3.71,7.0,7.329999999999998,7.6200000000000045,6.200000000000003,-3.0,128.0,-38,259,-0.06230620590482183
draw,2.93,1.1799999999999997,-0.730000000000004,-0.8400000000000034,0.21999999999999886,-1.7800000000000011,3.0,-392.0,5,-198,-0.840451517224597
lose,2.87,1.69,-1.3400000000000034,-0.9500000000000028,-1.1200000000000045,-1.2800000000000011,5.0,-15.0,8,-167,0.0883098745647739
draw,3.42,2.32,-1.3400000000000034,-0.9500000000000028,-1.1200000000000045,-1.2800000000000011,3.0,-93.0,6,-142,0.15911161972577187
lose,3.12,-0.9700000000000002,-1.8900000000000006,-0.10999999999999943,-1.6700000000000017,-0.7800000000000011,3.0,-64.0,11,-145,-0.6810678352999793
win,4.68,-1.9600000000000002,5.939999999999998,2.8299999999999983,6.939999999999998,6.939999999999998,-19.0,321.0,-30,227,-0.17494156307070086
draw,4.52,-7.65,11.269999999999996,10.829999999999998,10.269999999999996,11.11,-29.0,458.0,-19,164,0.9648784738222308
win,4.0,-8.2,6.939999999999998,1.3299999999999983,8.439999999999998,8.439999999999998,-9.0,50.0,-18,127,-0.759350952115698
win,2.62,-1.2999999999999998,5.0,5.049999999999997,5.269999999999996,5.439999999999998,5.0,-14.0,-9,78,-0.4417460193058766
win,3.72,-4.42,4.939999999999998,3.8299999999999983,8.939999999999998,1.9399999999999977,-37.0,610.0,-29,229,-0.06747638326585698
win,3.03,0.75,0.9399999999999977,0.8599999999999994,1.1499999999999915,1.5600000000000023,7.0,-37.0,6,-96,-0.3657123040088566
win,3.6,0.16999999999999993,0.9399999999999977,0.8599999999999994,1.1499999999999915,1.5600000000000023,5.0,-265.0,5,-94,-0.3393741981577795
win,4.44,-8.48,16.939999999999998,16.33,17.439999999999998,15.439999999999998,-81.0,798.0,-72,371,-0.24027172470065594
draw,3.23,2.3499999999999996,-2.6700000000000017,-0.730000000000004,-3.0,-2.3900000000000006,-3.0,127.0,4,-52,-0.5875038028597506
draw,3.28,2.36,-2.6700000000000017,-0.730000000000004,-3.0,-2.3900000000000006,6.0,-464.0,9,-247,-0.6237361348945558
win,3.41,-3.66,4.670000000000002,4.730000000000004,4.439999999999998,5.769999999999996,-8.0,317.0,2,-9,0.5526767514215213
win,3.12,-1.85,8.090000000000003,7.179999999999993,7.819999999999993,7.670000000000002,-10.0,245.0,-20,170,0.8931349047087026
lose,3.15,2.04,-3.5900000000000034,-5.319999999999993,-3.1599999999999966,-0.8000000000000114,14.0,-227.0,17,-151,-1.085644400524239
draw,3.04,1.4500000000000002,-1.230000000000004,-4.289999999999992,-1.1700000000000017,-0.36000000000001364,-4.0,39.0,-5,33,-0.9726993629595517
lose,3.5,-1.8000000000000003,6.8799999999999955,3.239999999999995,7.409999999999997,4.709999999999994,-22.0,234.0,-21,101,1.0474991746450975
draw,3.22,3.0,-10.400000000000006,-11.040000000000006,-11.150000000000006,-11.010000000000005,6.0,-155.0,5,-56,0.1309821900096516
draw,3.05,1.1099999999999999,-4.060000000000002,-2.6400000000000006,-4.400000000000006,-5.730000000000004,4.0,-70.0,28,-176,0.6476094147234903
lose,3.32,2.09,-2.5799999999999983,-2.3599999999999994,-2.9099999999999966,-3.319999999999993,38.0,-319.0,28,-314,0.5407130124777183
draw,3.16,1.9900000000000002,-0.5900000000000034,-0.9699999999999989,-0.5499999999999972,0.7800000000000011,47.0,-514.0,20,-172,0.013235326973346062
win,3.08,-0.7000000000000002,1.4000000000000057,2.730000000000004,1.730000000000004,1.1300000000000097,-21.0,222.0,-11,112,0.1592360836786324
win,3.54,-2.29,6.829999999999998,6.530000000000001,5.6000000000000085,7.0,33.0,-280.0,-23,136,0.07553356916165754
win,3.91,-5.07,6.8799999999999955,8.060000000000002,6.670000000000002,7.109999999999999,-15.0,50.0,-9,39,1.680088279914603
win,4.3,-7.53,6.030000000000001,5.530000000000001,4.200000000000003,3.4000000000000057,1.0,12.0,-32,173,0.2523164335664335
lose,3.15,-0.9300000000000002,4.530000000000001,9.530000000000001,1.2000000000000028,-2.5999999999999943,-2.0,35.0,9,-62,0.6698589937813185
draw,3.6,-2.8299999999999996,6.030000000000001,5.6299999999999955,6.0,6.6000000000000085,-32.0,289.0,-30,146,-0.10526712090383372
draw,4.07,4.8100000000000005,-7.079999999999998,-5.530000000000001,-8.239999999999995,-7.429999999999993,58.0,-697.0,26,-258,-0.32008569465216874
lose,3.34,1.5,-7.079999999999998,-5.530000000000001,-8.239999999999995,-7.429999999999993,19.0,-488.0,8,-218,-0.16563392424160794
win,3.28,-0.020000000000000018,1.769999999999996,0.060000000000002274,1.4399999999999977,1.2199999999999989,-1.0,-3.0,-21,123,0.09687535917770873
lose,3.05,0.17000000000000037,-0.8499999999999943,-3.1599999999999966,0.7600000000000051,-1.5999999999999943,43.0,-390.0,19,-170,0.4242800210542146
lose,3.06,-0.48,3.680000000000007,2.3799999999999955,2.5799999999999983,2.6300000000000097,7.0,-79.0,11,-69,1.2161143995887
win,3.59,3.4399999999999995,0.7999999999999972,1.0,1.4000000000000057,3.5999999999999943,32.0,-292.0,9,-37,-0.17678286440477597
lose,6.71,14.89,-13.11,-11.060000000000002,-12.439999999999998,-10.829999999999998,28.0,-105.0,43,-285,-0.38666947778609806
lose,3.75,5.6,-3.5,-2.6700000000000017,-1.8299999999999983,2.5,-7.0,34.0,35,-207,0.32959258714516837
lose,3.95,0.33000000000000007,-3.530000000000001,-4.909999999999997,-2.0999999999999943,-1.8000000000000114,37.0,-181.0,21,-127,-0.496263490987173
lose,2.95,-0.06000000000000005,-1.539999999999992,-1.2099999999999937,0.18000000000000682,-1.4500000000000028,6.0,-20.0,13,-103,-0.37314488669719387
lose,3.73,3.28,-0.9000000000000057,-0.20000000000000284,-1.5999999999999943,1.0999999999999943,10.0,-203.0,22,-203,0.2619321449108683
lose,4.58,5.96,-5.0,-4.5,-3.8900000000000006,-7.890000000000001,34.0,-727.0,19,-328,-0.731883245408388
lose,3.22,-1.8800000000000003,1.6700000000000017,-0.8299999999999983,2.8299999999999983,0.8299999999999983,-15.0,93.0,-1,1,-0.02675126679019202
lose,3.06,2.2300000000000004,-3.3299999999999983,-2.799999999999997,-2.960000000000008,-4.549999999999997,44.0,-178.0,27,-230,-0.14438956128482194
lose,3.02,-0.14000000000000012,0.730000000000004,3.7900000000000063,1.519999999999996,-2.1099999999999994,28.0,-434.0,8,-114,0.7689082288510541
draw,3.18,3.9699999999999998,-9.439999999999998,-15.5,-6.560000000000002,-3.0600000000000023,17.0,-246.0,21,-176,-1.2281057058070686
win,3.82,5.24,-9.650000000000006,-14.239999999999995,-6.650000000000006,-3.6500000000000057,29.0,-457.0,36,-176,-0.6872090489491096
lose,3.21,1.73,-1.0,-7.079999999999998,2.1500000000000057,6.079999999999998,4.0,-54.0,29,-128,0.15353685109059462
lose,4.17,6.34,-9.939999999999998,-12.0,-10.0,-11.5,22.0,-309.0,33,-230,-1.4031206277754122
draw,3.18,1.5300000000000002,-1.8900000000000006,-2.5,-2.1099999999999994,-2.9399999999999977,17.0,-196.0,16,-74,0.009611620480065933
win,3.4,1.3399999999999999,-12.349999999999994,-13.489999999999995,-12.269999999999996,-13.079999999999998,78.0,-726.0,41,-194,-0.028360362688720886
draw,3.14,0.3200000000000003,-6.009999999999991,-7.489999999999995,-5.8799999999999955,-6.359999999999999,68.0,-556.0,47,-238,-0.5523389046567855
lose,3.04,0.8300000000000001,-7.449999999999989,-10.899999999999991,-5.1499999999999915,-8.36,65.0,-518.0,48,-284,-0.09851634325636743
lose,3.29,-0.44999999999999973,-5.5,-5.099999999999994,-7.799999999999997,-7.200000000000003,28.0,-211.0,12,-41,0.5752695964749536
lose,3.55,2.8099999999999996,-8.61,-7.989999999999995,-8.909999999999997,-9.920000000000002,43.0,-517.0,42,-266,0.8667706722404793
win,8.18,17.880000000000003,-12.329999999999998,-10.539999999999992,-12.909999999999997,-12.420000000000002,59.0,-1033.0,14,-160,-0.16167145093945712
win,3.0,-0.10999999999999988,-3.6200000000000045,-3.219999999999999,-3.9200000000000017,-6.320000000000007,39.0,-396.0,4,-9,1.1863192818110853
lose,3.81,3.9299999999999997,-5.439999999999998,-5.3799999999999955,-5.969999999999999,-6.200000000000003,44.0,-463.0,1,-9,0.1521283278216048
win,2.87,-1.46,9.5,4.900000000000006,5.200000000000003,14.799999999999997,-27.0,95.0,-51,230,1.2912866574543223
lose,4.45,-3.9499999999999993,8.010000000000005,5.859999999999999,7.439999999999998,9.329999999999998,-14.0,502.0,1,-9,1.0798928266958958
win,4.5,-7.58,8.480000000000004,8.260000000000005,9.969999999999999,8.560000000000002,-23.0,510.0,-32,281,0.437655458314141
lose,2.99,-0.8400000000000003,1.3299999999999983,-0.21999999999999886,1.8799999999999955,1.1099999999999994,0.0,0.0,10,-178,0.6921759469675974
win,3.35,-2.75,1.3299999999999983,-0.21999999999999886,1.8799999999999955,1.1099999999999994,-14.0,649.0,-11,261,0.7743093687481377
win,8.36,-21.46,16.11,15.060000000000002,14.439999999999998,15.329999999999998,-36.0,868.0,-41,439,0.69087743602224
draw,3.05,-0.6200000000000001,1.9599999999999937,0.8200000000000074,2.789999999999992,1.1799999999999926,1.0,-149.0,-3,95,0.19609475875517146
draw,3.11,-1.6400000000000001,1.9599999999999937,0.8200000000000074,2.789999999999992,1.1799999999999926,-8.0,482.0,-7,239,0.301984534092288
win,3.11,-1.6400000000000001,1.9599999999999937,0.8200000000000074,2.789999999999992,1.1799999999999926,-8.0,482.0,-7,239,0.301984534092288
draw,3.43,-3.51,1.9599999999999937,0.8200000000000074,2.789999999999992,1.1799999999999926,-8.0,482.0,-7,239,0.301984534092288
win,3.43,-3.51,1.9599999999999937,0.8200000000000074,2.789999999999992,1.1799999999999926,-8.0,482.0,-7,239,0.301984534092288
draw,5.08,-8.89,7.609999999999999,4.560000000000002,11.939999999999998,4.329999999999998,-34.0,483.0,-33,281,0.5200274195938936
lose,3.35,-3.2299999999999995,3.6099999999999994,1.5900000000000034,4.1499999999999915,3.950000000000003,-8.0,401.0,4,-76,0.2707509881422925
draw,5.46,-9.129999999999999,8.829999999999998,5.170000000000002,11.049999999999997,10.5,-13.0,86.0,-25,267,0.7398313711604851
win,3.19,-2.18,2.6700000000000017,0.730000000000004,3.0,2.3900000000000006,-4.0,451.0,-7,219,0.5981284355197605
win,6.16,-12.24,10.079999999999998,9.879999999999995,10.849999999999994,9.010000000000005,-21.0,700.0,-30,421,1.3824570004494015
win,3.5,-3.52,7.079999999999998,5.530000000000001,8.239999999999995,7.429999999999993,-19.0,488.0,-8,218,0.16563392424160794
win,7.17,-15.34,11.61,15.060000000000002,9.439999999999998,4.829999999999998,-27.0,167.0,-42,370,0.9673076923076924
draw,5.06,-8.65,8.849999999999994,5.590000000000003,9.679999999999993,8.649999999999991,-14.0,87.0,-19,216,0.42390876565295177
lose,5.16,-11.75,7.670000000000002,8.180000000000007,8.629999999999995,6.390000000000001,-17.0,703.0,-24,362,1.3558006343708529
win,4.0,-8.2,13.61,13.560000000000002,14.439999999999998,11.829999999999998,-23.0,83.0,-37,240,0.6970312957004973
win,4.15,-7.559999999999999,7.340000000000003,5.460000000000008,7.439999999999998,8.159999999999997,-18.0,437.0,-17,194,1.173792702365054
win,3.0,-2.5300000000000002,9.61,8.39,10.61,13.329999999999998,-35.0,139.0,-8,78,0.7162620649312664
lose,3.35,3.0900000000000003,-4.349999999999994,-2.4200000000000017,-4.349999999999994,-4.539999999999992,34.0,-723.0,13,-138,0.6016467046442521
lose,3.36,3.3400000000000003,-6.679999999999993,-6.030000000000001,-6.799999999999997,-6.8799999999999955,3.0,-47.0,10,-109,-0.641052874624798
draw,2.62,0.73,-6.679999999999993,-6.030000000000001,-6.799999999999997,-6.8799999999999955,5.0,-26.0,7,-90,-0.6469575836963024
lose,3.11,0.98,-6.679999999999993,-6.030000000000001,-6.799999999999997,-6.8799999999999955,13.0,-282.0,3,-45,-0.6472449554705096
win,3.69,3.46,-7.519999999999996,-5.810000000000002,-7.799999999999997,-7.539999999999992,3.0,-24.0,-3,18,0.44254773797942926
win,3.1,-1.7000000000000002,1.7600000000000051,2.3900000000000006,1.9100000000000108,2.260000000000005,-16.0,59.0,-18,110,0.8373872157577765
win,3.41,0.5100000000000002,-0.01999999999999602,-0.4200000000000017,1.3700000000000045,1.8500000000000085,1.0,-1.0,-6,51,0.31592260550753337
win,3.29,-2.91,2.760000000000005,9.469999999999999,-0.23999999999999488,-3.819999999999993,-13.0,80.0,-23,154,0.5433989266547405
win,3.05,-1.6600000000000001,4.260000000000005,5.569999999999993,4.560000000000002,5.38000000000001,-42.0,431.0,-6,73,-0.20917895889660842
lose,3.55,4.36,-8.849999999999994,-5.590000000000003,-9.679999999999993,-8.649999999999991,20.0,-485.0,29,-341,-0.2625092834193167
win,2.95,0.8300000000000001,-1.1799999999999926,2.5900000000000034,-1.0499999999999972,-2.259999999999991,10.0,-190.0,5,-71,0.9286236000649245
lose,3.23,-1.0699999999999998,0.7600000000000051,2.799999999999997,0.9300000000000068,4.680000000000007,-4.0,37.0,-1,4,0.3163432237369687
draw,3.68,-5.94,3.9399999999999977,1.8799999999999955,2.8100000000000023,2.4399999999999977,-18.0,359.0,-28,198,-0.8725157971658236
lose,3.05,0.25,0.8100000000000023,0.0799999999999983,1.3400000000000034,2.1700000000000017,38.0,-633.0,9,-55,-1.034411617221159
win,3.19,-0.75,5.060000000000002,3.319999999999993,4.8700000000000045,7.5,-15.0,261.0,5,-55,0.14422594687156237
lose,3.51,2.59,-6.340000000000003,-8.400000000000006,-6.75,-5.280000000000001,-12.0,220.0,15,-174,-0.6129043482295086
draw,4.0,-5.119999999999999,8.439999999999998,6.8799999999999955,5.810000000000002,8.939999999999998,-19.0,165.0,-17,77,-0.6649231983486127
draw,2.87,0.1599999999999997,1.1599999999999966,-3.010000000000005,2.4200000000000017,4.109999999999999,-22.0,281.0,-2,6,-0.6214528545191669
win,3.3,1.02,-5.0,-7.450000000000003,-5.6299999999999955,-4.0,36.0,-584.0,3,-28,-0.7202187873846099
win,2.83,-2.42,5.439999999999998,2.9799999999999898,5.609999999999999,7.640000000000001,6.0,-25.0,-31,179,-1.3903092006033182
draw,3.88,4.210000000000001,-7.670000000000002,-8.180000000000007,-8.629999999999995,-6.390000000000001,10.0,-52.0,6,-103,-1.3017312260186369
lose,3.21,-1.08,-0.3299999999999983,-2.719999999999999,-1.1899999999999977,1.769999999999996,28.0,-267.0,5,-37,-0.1675420359630886
win,4.43,-3.31,-0.3299999999999983,-2.719999999999999,-1.1899999999999977,1.769999999999996,-16.0,106.0,-28,207,-0.12581517632607825
draw,3.02,-0.6699999999999999,1.9399999999999977,0.20999999999999375,1.980000000000004,6.939999999999998,-5.0,26.0,-5,41,-0.6121040723981901
lose,6.91,13.29,-21.28,-16.28,-17.560000000000002,-27.72,51.0,-183.0,95,-624,-0.5371676472128629
lose,3.6,5.0600000000000005,-14.939999999999998,-7.8799999999999955,-10.810000000000002,-22.439999999999998,21.0,-70.0,82,-409,0.09902254314899611
lose,4.26,7.25,-11.439999999999998,-14.0,-11.560000000000002,-10.060000000000002,12.0,-132.0,41,-310,-1.0479945119729028
lose,3.33,2.16,-0.8500000000000085,-0.9000000000000057,0.25,0.04999999999999716,3.0,-25.0,8,-101,-0.9373290100314116
win,3.06,1.08,1.1400000000000006,2.799999999999997,2.530000000000001,0.4000000000000057,10.0,-366.0,4,-18,-0.8668695812580705
lose,3.07,-0.010000000000000231,3.4200000000000017,2.4499999999999886,3.3799999999999955,1.9000000000000057,14.0,-75.0,19,-109,0.3101144292624486
lose,2.23,0.5899999999999999,0.060000000000002274,-0.3299999999999983,0.010000000000005116,-4.739999999999995,1.0,-10.0,-12,88,-0.13752782561216342
lose,3.32,2.06,-7.439999999999998,-8.829999999999998,-7.730000000000004,-11.560000000000002,50.0,-605.0,27,-238,-1.116984262788105
lose,4.03,6.18,-7.439999999999998,-8.829999999999998,-7.730000000000004,-11.560000000000002,20.0,-149.0,19,-215,-0.9965517241379309
lose,3.1,1.9600000000000004,-8.280000000000001,-8.61,-8.730000000000004,-12.219999999999999,40.0,-347.0,21,-175,-0.027191569338166188
win,3.63,-2.9799999999999995,5.0,4.670000000000002,-0.1700000000000017,3.5,-41.0,159.0,-29,187,0.49628647214854116
lose,3.37,-4.35,4.8799999999999955,7.260000000000005,4.769999999999996,-0.2600000000000051,-1.0,17.0,-27,122,0.9312712281466063
lose,3.2,2.54,-0.7800000000000011,-3.219999999999999,0.4399999999999977,-2.8299999999999983,-5.0,73.0,7,-82,0.07063239367347468
win,3.2,-0.13999999999999968,-0.7600000000000051,-2.799999999999997,-0.9300000000000068,-4.680000000000007,37.0,-323.0,24,-193,-0.46973930731759544
win,3.58,-4.61,4.0,5.170000000000002,3.8299999999999983,-1.5,12.0,-56.0,-29,162,-0.019230769230769218
win,3.55,-2.2299999999999995,-2.6099999999999994,-3.0,-4.329999999999998,-3.5,-12.0,179.0,-75,304,-0.3487880910683012
lose,3.07,6.450000000000001,-9.439999999999998,-8.439999999999998,-9.439999999999998,-8.719999999999999,12.0,-299.0,18,-321,-1.046211755788313
lose,3.06,-0.71,-1.6099999999999994,-5.5,-0.8299999999999983,-1.0,-20.0,140.0,-5,26,-0.6305479538470319
draw,4.09,2.67,-7.549999999999997,-8.329999999999998,-7.769999999999996,-7.939999999999998,9.0,-153.0,9,-97,-0.41505501361161523
lose,4.31,-7.370000000000001,5.3799999999999955,7.689999999999998,2.4399999999999977,3.0,-25.0,389.0,-4,42,-0.3688322257371621
win,3.76,1.8099999999999998,-4.060000000000002,-2.8100000000000023,-6.1200000000000045,-4.060000000000002,-7.0,91.0,2,-16,-1.0194077926023217
lose,3.1,2.6700000000000004,-4.900000000000006,-2.5900000000000034,-7.1200000000000045,-4.719999999999999,12.0,-259.0,9,-171,-0.0058257480544870455
draw,3.13,1.3900000000000001,-4.900000000000006,-2.5900000000000034,-7.1200000000000045,-4.719999999999999,13.0,-208.0,-7,90,0.07015598056764655
lose,3.64,2.0300000000000002,-5.450000000000003,-1.75,-7.670000000000002,-4.219999999999999,14.0,-264.0,6,-175,-0.7255636373453522
draw,3.27,-2.4699999999999998,2.3799999999999955,1.1899999999999977,0.9399999999999977,3.5,-14.0,86.0,-18,150,-0.2653705036493474
lose,3.52,3.8499999999999996,-2.6200000000000045,-0.7800000000000011,-4.8500000000000085,-1.8799999999999955,17.0,-379.0,8,-213,-0.41922291423184405
win,3.0,0.2799999999999998,-3.5600000000000023,-1.6400000000000006,-6.0,-3.4399999999999977,18.0,-434.0,3,-36,-0.1568619128466327
win,6.75,-17.189999999999998,6.8799999999999955,8.689999999999998,3.4399999999999977,5.0,-42.0,402.0,-51,343,-0.17196358748778107
win,3.27,-2.85,6.8799999999999955,8.789999999999992,5.239999999999995,8.200000000000003,-32.0,275.0,-20,151,-0.6403725456325216
win,3.37,3.0500000000000007,-6.260000000000005,-4.739999999999995,-5.489999999999995,-5.950000000000003,16.0,-520.0,15,-146,-0.5198995879160384
lose,3.14,2.6100000000000003,-2.930000000000007,0.04000000000000625,-3.4399999999999977,-2.730000000000004,6.0,-52.0,10,-101,-0.8568967622044681
win,2.97,-3.0500000000000003,3.7299999999999898,7.740000000000009,4.560000000000002,3.009999999999991,-13.0,149.0,-24,113,0.09252144308516697
win,2.97,0.3900000000000001,0.8499999999999943,7.150000000000006,-1.3799999999999955,-5.230000000000004,-9.0,114.0,-2,7,-0.5462554058073816
draw,3.2,2.7,-3.0900000000000034,0.27000000000001023,-2.1899999999999977,-3.6700000000000017,2.0,-31.0,9,-98,-0.18429925293637034
