−	1	BE	2084	1	2084	24	1742	71	1503	+1	+24	+2	+35	+2	+49	+7	+156	+11	+185	+60	+497	800	386	345	69	348	287	165	1440	1288	+2	+49
−	2	BR	2082	1	2193	4	1995	20	1813	−1	−25	−1	−22	−1	−54	−1	−31	+1	+40	−1	−21	998	349	320	329	631	160	207	2164	902	−1	−54
−	3	FR	2048	1	2135	17	1777	41	1505	0	−5	−1	−3	−1	−46	+2	+59	+3	+82	+5	+157	858	439	318	101	422	258	178	1522	1211	−1	−46
−	4	ES	2028	1	2165	7	1938	19	1804	0	−11	0	0	0	+17	−1	−3	+4	+74	−2	−67	702	307	276	119	412	131	159	1411	637	0	+17
−	5	NL	2017	1	2154	15	1840	54	1551	0	−4	+2	+38	0	+32	+6	+122	−1	−13	−2	−15	821	386	334	101	418	226	177	1701	1061	0	+32
−	6	PT	1986	2	2021	19	1783	41	1621	+1	−19	0	+6	+2	+27	−2	−8	+4	+76	+6	+113	618	288	233	97	297	176	145	1039	720	+2	+27
−	7	CO	1985	3	2035	51	1593	102	1304	−1	−24	−2	−27	−1	+24	+2	+59	−2	−34	+22	+225	578	164	206	208	229	193	156	729	681	−1	+24
−	8	IT	1970	1	2132	8	1912	23	1603	+3	+28	+3	+47	+7	+81	+2	+64	+6	+85	−2	+13	824	368	299	157	436	163	225	1431	818	+7	+81
−	9	AR	1967	1	2158	5	1982	26	1752	+3	+26	+3	+48	+4	+52	−3	−17	−7	−83	−2	+71	1032	359	395	278	552	225	255	1943	1096	+4	+52
−	9	UY	1967	1	2107	12	1876	44	1635	−1	+9	0	+10	+2	+44	+4	+101	+2	+59	+6	+154	943	311	403	229	415	301	227	1508	1177	+2	+44
−	11	DE	1965	1	2223	8	1909	24	1639	−2	+14	−3	−6	−2	+27	−9	−144	−10	−169	−6	+3	970	426	390	154	564	208	198	2180	1140	−2	+27
−	12	EN	1956	1	2212	4	1979	17	1786	−2	+7	−2	+16	−5	−4	−5	+23	−3	+32	−8	−29	1075	468	495	112	624	204	247	2515	1070	−5	−4
−	13	HR	1921	5	2006	12	1876	26	1781	0	+17	+2	+35	−3	−4	+3	+65	+4	+96	−3	+32	323	131	136	56	171	65	87	563	319	−3	−4
−	14	MX	1904	4	1985	20	1775	49	1497	+1	+22	+3	+54	+8	+117	+3	+56	−1	+12	−6	+13	921	278	250	393	477	235	209	1667	963	+8	+117
−	15	CH	1898	9	1932	27	1679	57	1485	−1	+1	−2	−3	−3	−24	−2	+32	+6	+106	+3	+105	818	393	363	62	288	354	176	1204	1387	−3	−24
−	16	DK	1891	1	2076	20	1794	61	1537	0	+12	−2	+1	−2	−7	+2	+49	+9	+136	0	+81	830	375	370	85	378	279	173	1517	1150	−2	−7
−	17	PE	1866	10	1917	35	1671	76	1484	0	−12	+1	+29	−1	+11	−5	−16	+11	+135	+45	+280	643	243	228	172	209	276	158	801	913	−1	+11
−	18	SE	1860	2	2013	16	1796	45	1577	+1	+41	+1	+33	−1	+9	+2	+35	+5	+76	+8	+88	1049	455	473	121	513	307	229	2113	1386	−1	+9
−	19	UA	1854	15	1854	34	1724	69	1538	−1	+29	+1	+29	+5	+81	+13	+116	−2	+29	+3	+71	265	120	110	35	122	69	74	369	254	+5	+81
−	20	VE	1829	19	1829	87	1405	125	1218	0	+27	+4	+33	+9	+73	+12	+91	+22	+155	+17	+108	415	158	156	101	108	215	92	454	785	+9	+73
−	21	CL	1807	2	2041	28	1674	61	1384	0	+7	−5	−71	−4	−44	−6	−53	−14	−156	−10	−74	784	302	281	201	298	316	170	1121	1129	−4	−44
−	22	RU	1794	1	2081	23	1741	49	1447	+1	+8	+4	+30	+8	+41	+22	+96	+2	+15	−9	−58	725	270	338	117	376	161	188	1282	713	+8	+41
−	23	RS	1792	3	2016	20	1784	47	1514	+2	+10	−1	−5	−3	−16	0	+22	+8	+65	−9	−42	791	276	388	127	372	247	172	1510	1096	−3	−16
−	24	PL	1790	2	2083	30	1709	62	1522	+4	+34	−3	−14	+8	+38	−6	−52	+5	+62	+27	+157	846	359	381	106	367	271	208	1439	1144	+8	+38
−	25	WA	1783	3	1908	22	1664	84	1403	+4	+32	+6	+37	+2	+23	−1	+20	+34	+162	+31	+177	665	311	330	24	210	312	143	831	1096	+2	+23
−	26	TR	1779	9	1899	42	1606	73	1378	0	+11	+2	+19	+18	+88	+13	+67	+11	+94	−5	−5	589	257	265	67	226	225	138	796	844	+18	+88
−	27	KR	1771	16	1846	35	1683	83	1444	−3	−13	−2	−15	−4	−7	−2	+11	+27	+138	+5	+22	976	318	235	423	531	205	240	1766	888	−4	−7
−	28	SN	1766	21	1812	57	1581	106	1392	+1	+15	+6	+26	0	+8	−1	+15	+23	+122	+49	+220	605	193	230	182	260	175	170	802	591	0	+8
−	29	DZ	1745	10	1873	52	1625	108	1391	+11	+37	+27	+139	+43	+201	+44	+207	+13	+71	+34	+161	596	225	215	156	256	182	158	861	623	+43	+201
−	30	JP	1744	9	1888	63	1444	115	1126	−3	−13	+2	−1	+6	+13	+12	+38	−1	+16	−11	−45	754	293	186	275	354	242	158	1307	926	+6	+13
−	31	AT	1741	1	2068	20	1811	73	1549	+1	−5	+6	+5	−5	−23	+9	+32	+2	+27	+29	+153	792	397	352	43	331	291	170	1424	1242	−5	−23
−	32	IR	1739	18	1840	41	1649	77	1461	−11	−61	−10	−58	−13	−84	−10	−61	+12	+67	+18	+105	609	207	173	229	338	124	147	1140	479	−13	−84
−	33	PY	1738	5	1954	23	1756	44	1617	+3	+1	+3	+1	+6	+13	−7	−15	+5	+54	−4	−22	727	195	337	195	259	278	190	949	1041	+6	+13
−	34	CZ	1736	1	2033	12	1860	46	1670	−1	−8	+1	−2	+4	+7	+4	+23	−14	−69	0	−12	810	329	387	94	391	240	179	1502	1012	+4	+7
−	35	SK	1734	17	1776	38	1683	67	1577	−4	−16	−8	−29	−2	−14	−6	−14	−9	−17	+13	+70	302	127	142	33	123	110	69	436	389	−2	−14
−	36	IE	1729	4	1918	22	1625	63	1237	−1	−9	+3	+1	+7	+25	−2	−2	−9	−3	−9	−39	675	344	275	56	240	260	175	901	1085	+7	+25
−	37	EC	1726	12	1915	67	1500	121	1184	−1	−11	+3	+10	−12	−46	−7	−21	−21	−121	0	+5	526	164	185	177	155	239	132	636	845	−12	−46
−	38	NO	1723	6	1945	38	1612	86	1364	+4	+25	+5	+39	+7	+45	+28	+142	+19	+97	−4	−25	824	391	385	48	298	341	185	1233	1383	+7	+45
−	39	US	1721	9	1890	41	1635	91	1413	−1	−7	−10	−30	−5	−22	−12	−30	−20	−92	−22	−82	727	414	236	77	313	262	152	1062	984	−5	−22
−	40	AU	1712	11	1878	34	1669	74	1489	+3	+17	+7	+39	−5	−23	−5	−15	+9	+59	−21	−77	570	245	208	117	290	160	120	1172	645	−5	−23
−	40	NG	1712	16	1828	40	1666	72	1499	+4	+22	+11	+62	+2	−1	+3	+13	+1	+34	−8	−37	635	218	246	171	292	162	181	949	650	+2	−1
−	42	RO	1701	5	1946	27	1721	48	1499	−8	−40	−13	−50	−12	−52	+4	+13	−20	−85	−18	−74	728	301	345	82	326	221	181	1193	926	−12	−52
−	43	BA	1683	20	1807	51	1638	80	1499	−2	−17	−10	−61	−22	−112	−7	−40	−8	−27	+6	+42	217	85	106	26	88	82	47	326	289	−22	−112
−	44	EI	1678	14	1851	39	1654	110	1397	+4	+16	+1	0	+7	+56	+3	+4	+43	+176	+22	+102	551	251	267	33	153	262	136	574	848	+7	+56
−	45	IS	1672	18	1842	81	1414	125	1256	+4	+12	−3	−22	+1	+3	−24	−140	+1	+10	+54	+225	451	194	215	42	140	225	86	540	754	+1	+3
−	46	QA	1670	24	1774	96	1397	161	963	−7	−44	−8	−61	+29	+142	+45	+206	+15	+57	+36	+140	591	276	131	184	244	195	152	844	679	+29	+142
−	47	MA	1661	18	1817	44	1651	87	1511	−3	−29	−6	−37	−10	−69	−2	−30	+26	+116	+23	+93	638	273	207	158	297	156	185	923	570	−10	−69
−	48	CR	1658	9	1866	34	1694	74	1493	−2	−21	−5	−26	−8	−66	−17	−87	−33	−208	−8	−45	704	235	254	215	323	214	167	1248	810	−8	−66
−	49	FI	1647	14	1756	62	1492	120	1245	−2	−28	−4	−31	+3	+26	+16	+52	+9	+22	−5	−33	756	311	393	52	194	406	156	895	1600	+3	+26
−	50	SQ	1641	1	2104	13	1883	63	1599	+2	+6	−1	−25	−9	−81	−13	−80	−18	−83	−4	−30	798	370	384	44	381	245	172	1390	985	−9	−81
−	51	GH	1634	10	1861	42	1658	100	1430	+3	+19	+6	+31	−1	+8	+4	+17	−11	−49	−9	−54	693	221	269	203	340	183	170	1127	711	−1	+8
−	52	HN	1630	23	1788	61	1498	110	1326	+5	+30	+10	+44	+7	+39	+6	+20	+16	+78	−16	−117	592	190	193	209	240	197	155	877	754	+7	+39
−	53	IQ	1622	23	1754	47	1621	98	1452	+12	+54	+8	+28	+10	+43	+14	+52	+31	+115	+19	+64	677	118	210	349	320	169	188	1093	627	+10	+43
−	53	TN	1622	24	1761	53	1601	86	1438	+3	+21	−1	−24	−5	−28	0	−1	+10	+22	−1	−6	674	301	225	148	277	207	190	954	757	−5	−28
−	55	HU	1619	1	2232	19	1839	75	1528	−5	−19	−7	−51	0	+8	+2	+7	−8	−39	0	+8	967	430	465	72	458	306	203	1991	1447	0	+8
−	56	CI	1617	15	1868	43	1648	75	1499	−6	−21	−1	+10	0	+12	+8	+14	−20	−73	−28	−145	602	204	212	186	301	147	154	971	613	0	+12
−	57	GR	1608	7	1931	49	1549	86	1275	+12	+60	+8	+33	−3	−5	−8	−53	−13	−64	−35	−175	583	264	261	58	215	227	141	721	826	−3	−5
−	58	CA	1604	25	1732	47	1596	91	1487	+1	+15	+7	+29	+11	+57	+17	+80	+25	+96	−1	−1	403	128	177	98	147	162	94	474	537	+11	+57
−	59	BO	1595	21	1794	59	1501	88	1244	−1	+5	0	−2	−12	−60	−18	−112	−3	−33	−1	−6	467	165	177	125	105	248	114	485	918	−12	−60
−	60	SI	1586	26	1759	55	1615	75	1516	−7	−40	+7	+14	+6	+25	−8	−53	−12	−69	−15	−89	248	110	113	25	85	103	60	301	307	+6	+25
−	61	EG	1585	11	1889	34	1671	67	1525	−6	−26	−11	−66	−8	−32	−11	−73	−1	−32	−20	−111	781	321	254	206	394	201	186	1371	836	−8	−32
−	62	JM	1582	38	1700	83	1404	134	1215	−3	−7	+1	−3	+2	+12	+7	+17	+18	+61	−9	−39	633	244	239	150	246	242	145	847	836	+2	+12
−	63	CM	1580	14	1851	52	1606	81	1447	−1	−1	−9	−35	−6	−19	−12	−65	−12	−64	−38	−194	589	160	231	198	255	156	178	853	652	−6	−19
−	64	UZ	1578	25	1772	60	1592	92	1433	−3	−6	−11	−46	−4	−12	−6	−32	−14	−69	+12	+31	292	100	113	79	137	96	59	508	340	−4	−12
−	65	BG	1575	7	1899	38	1640	69	1313	−1	+6	−1	−5	−16	−54	−11	−45	−3	−31	−34	−182	704	268	363	73	265	269	170	998	1042	−16	−54
−	66	KO	1564	62	1584	109	1391	120	1363	0	0	+6	+21	+17	+69	+52	+194	+48	+188	+48	+175	43	17	13	13	17	18	8	64	67	+17	+69
−	67	HT	1557	38	1670	80	1409	129	1265	0	+8	−9	−42	+14	+45	+17	+64	+34	+113	+37	+126	507	177	173	157	217	182	108	827	693	+14	+45
−	68	SA	1554	30	1729	77	1492	128	1241	+19	+79	0	−11	−6	−26	0	−13	+25	+82	−25	−130	724	286	131	307	349	208	167	1151	788	−6	−26
−	69	GE	1551	36	1672	71	1546	104	1436	+1	+5	+6	+24	+2	+5	+16	+69	+27	+83	+34	+115	251	105	122	24	79	119	53	307	351	+2	+5
−	70	NM	1546	43	1638	77	1522	110	1402	+5	+23	+13	+50	+8	+27	+7	+27	+19	+64	−4	−30	237	111	104	22	70	108	59	272	319	+8	+27
−	71	ML	1538	39	1660	69	1526	127	1305	−1	−8	0	−15	+3	+7	+7	+23	+1	−9	−3	−35	545	174	208	163	215	188	142	717	657	+3	+7
−	71	IL	1538	24	1768	48	1620	80	1424	−8	−36	−12	−59	−5	−23	+3	+4	−33	−146	−32	−179	464	233	183	48	174	184	106	709	660	−5	−23
−	73	BH	1534	51	1639	111	1336	152	1087	+9	+35	+29	+116	+26	+103	+29	+116	+20	+62	−19	−81	547	177	142	228	185	209	153	657	701	+26	+103
−	74	ZA	1533	8	1822	27	1729	96	1452	0	0	+2	+10	−6	−17	−2	−12	−19	−97	+10	+12	434	215	145	74	189	124	121	591	462	−6	−17
−	75	AL	1532	35	1642	75	1491	118	1361	−3	−8	+3	+28	+4	+17	−14	−77	−9	−45	+13	+45	340	159	158	23	87	183	70	308	534	+4	+17
−	76	BF	1530	55	1621	98	1398	134	1259	−9	−19	−3	−5	0	+3	−14	−77	−2	−13	+13	+52	406	147	160	99	134	164	108	489	569	0	+3
−	77	ME	1523	34	1726	53	1634	78	1513	−5	−17	−8	−38	−16	−66	−21	−91	−13	−74	−30	−144	104	53	49	2	34	41	29	124	139	−16	−66
−	78	UG	1521	29	1629	71	1491	130	1311	+11	+50	+10	+41	+8	+45	+14	+60	+13	+40	−3	−28	657	231	225	201	280	204	173	1019	784	+8	+45
−	79	CD	1506	20	1785	60	1564	113	1392	−3	−16	−5	−24	−10	−41	−16	−100	+14	+34	+26	+76	475	147	201	127	191	153	131	749	588	−10	−41
−	80	PA	1505	28	1754	101	1341	141	1152	−3	−16	−10	−54	−15	−63	−32	−166	−46	−208	−6	−45	502	177	193	132	154	226	122	592	796	−15	−63
−	81	GT	1501	31	1641	66	1487	108	1382	+4	+4	+3	+6	+3	+7	−1	−9	−6	−38	+26	+77	545	184	163	198	194	206	145	771	755	+3	+7
−	81	OM	1501	51	1656	133	1174	181	783	−2	−13	+1	+3	−4	−23	−2	−10	−14	−52	−22	−97	504	205	122	177	184	193	127	650	698	−4	−23
−	83	BY	1493	44	1667	77	1520	120	1353	−5	−26	−2	−6	−10	−45	0	−4	−14	−57	−18	−89	238	90	126	22	71	106	61	273	334	−10	−45
−	84	SV	1490	33	1608	69	1473	121	1334	+4	+17	−4	−10	+8	+36	+9	+33	0	−17	+1	−24	599	185	179	235	204	266	129	776	907	+8	+36
−	85	NZ	1485	31	1650	63	1506	101	1371	−4	−17	−6	−17	−3	−17	−10	−39	−4	−33	−2	−42	393	124	177	92	159	162	72	679	603	−3	−17
−	86	SY	1483	53	1618	87	1421	123	1260	+7	+29	−9	−36	−28	−115	−28	−127	+6	+5	−8	−62	514	116	195	203	194	191	129	753	657	−28	−115
−	87	JO	1475	42	1673	116	1297	149	1101	−7	−29	−2	−16	+9	+29	0	−5	−11	−59	+9	+16	474	175	154	145	158	182	134	564	574	+9	+29
−	88	LY	1467	40	1627	78	1484	126	1345	+2	+5	+2	+7	−2	−9	0	−8	+1	−15	−1	−26	390	140	144	106	141	157	92	545	525	−2	−9
−	89	BJ	1463	57	1552	107	1359	167	1138	+1	+1	+9	+35	+19	+73	+14	+48	+27	+90	+6	+3	295	116	126	53	70	155	70	308	545	+19	+73
−	90	CN	1460	17	1756	46	1590	93	1444	−4	−33	−4	−25	−11	−55	−21	−105	−21	−90	−12	−85	685	253	226	206	343	196	146	1316	736	−11	−55
−	90	GA	1460	58	1595	95	1413	124	1267	+12	+51	+13	+51	+15	+54	+13	+45	−13	−70	−9	−74	400	163	138	99	135	149	116	464	477	+15	+54
−	92	NS	1457	64	1486	84	1464	102	1429	0	0	0	0	−1	0	+2	+1	+7	+1	+5	+2	17	5	3	9	9	6	2	30	23	−1	0
−	93	AM	1451	61	1590	105	1407	144	1239	−11	−48	−4	−10	+2	+3	−7	−30	−24	−99	+22	+71	221	87	101	33	52	125	44	219	407	+2	+3
−	94	AE	1449	37	1691	99	1384	162	984	−10	−49	−7	−34	−9	−33	−23	−111	−41	−191	+17	+51	581	244	128	209	227	207	147	807	730	−9	−33
−	95	MQ	1445	40	1564	77	1463	126	1329	0	−2	−2	−10	−1	−5	+3	+20	+10	+17	+21	+71	330	122	110	98	153	98	79	629	426	−1	−5
−	96	GN	1434	22	1773	70	1527	128	1308	+1	+9	−1	−15	−7	−35	−7	−38	−31	−161	−6	−43	537	144	227	166	200	178	159	771	671	−7	−35
−	96	EE	1434	32	1543	91	1347	176	1081	0	+1	−6	−26	−7	−35	−15	−74	+2	−27	+2	−17	473	203	223	47	118	250	105	470	838	−7	−35
−	98	MG	1432	64	1516	101	1369	167	1164	+13	+46	+3	+12	+23	+91	+21	+64	+65	+240	+37	+162	297	107	107	83	117	115	65	427	447	+23	+91
−	99	ZM	1430	30	1722	58	1565	106	1414	−5	−21	−5	−21	+3	+13	−17	−71	−17	−87	−13	−68	770	251	319	200	351	217	202	1232	794	+3	+13
−	100	KD	1425	97	1425	103	1425	108	1403	−3	0	−1	0	+1	0	−2	0	+6	0	−	−	4	2	0	2	3	0	1	12	3	+1	0
−	101	KW	1417	28	1728	81	1475	136	1188	−1	+3	−2	−8	−4	−17	−1	−4	−13	−81	−9	−58	664	234	155	275	284	207	173	1064	738	−4	−17
−	102	CW	1414	27	1615	95	1383	188	1012	−1	+3	+12	+43	+23	+80	+40	+146	+79	+346	+73	+290	435	147	156	132	178	151	106	766	679	+23	+80
−	103	ZW	1413	49	1580	78	1472	128	1325	+3	+19	−6	−18	−15	−61	−14	−59	+16	+53	+18	+71	470	177	190	103	191	149	130	653	544	−15	−61
−	104	VN	1408	62	1511	121	1289	178	1091	+11	+35	+11	+38	+20	+73	+36	+137	+42	+172	+14	+47	452	140	107	205	185	174	93	802	691	+20	+73
−	104	CV	1408	67	1558	124	1278	148	1179	+1	+12	+2	+12	0	+1	−7	−21	−18	−98	+13	+44	182	61	67	54	62	78	42	184	215	0	+1
−	106	LB	1404	69	1468	109	1318	165	1164	+1	+14	−10	−39	−13	−47	−11	−47	+4	+2	+44	+181	334	133	107	94	93	150	91	409	525	−13	−47
−	107	CY	1399	63	1577	99	1383	136	1252	−4	−4	−3	−6	−4	−15	−2	−11	+1	−7	−36	−166	365	206	154	5	72	231	62	332	802	−4	−15
−	108	CG	1393	33	1688	77	1491	122	1343	+6	+18	+4	+18	−1	+2	+4	+11	−4	−44	0	−26	428	167	173	88	162	163	103	631	586	−1	+2
−	109	MR	1384	109	1384	158	1091	181	919	+15	+40	+18	+56	+9	+27	+21	+82	+50	+181	+60	+230	233	72	84	77	37	142	54	165	444	+9	+27
−	110	PS	1381	61	1457	124	1231	168	1157	−13	−44	−3	−7	+3	+5	−2	−20	+19	+58	+50	+201	234	18	91	125	61	111	62	296	386	+3	+5
−	111	KE	1380	53	1553	88	1377	139	1244	−1	−7	−6	−18	−2	−8	−1	−17	+4	+5	+12	+41	684	259	247	178	258	261	165	945	938	−2	−8
−	112	AZ	1376	61	1552	107	1398	143	1256	0	−4	+4	+11	−6	−27	−3	−24	−3	−29	−4	−43	261	89	127	45	53	140	68	209	438	−6	−27
−	113	KP	1375	10	1844	57	1604	131	1313	−6	−15	+15	+49	−13	−54	−17	−74	−35	−153	−40	−180	402	50	140	212	174	117	111	632	420	−13	−54
−	114	RE	1369	70	1395	125	1168	159	1048	+3	0	−4	−12	−3	−12	−1	−12	+3	+7	+13	+51	130	54	33	43	53	53	24	224	243	−3	−12
−	115	KZ	1361	48	1618	100	1424	130	1309	−8	−29	−7	−24	+12	+31	+6	+21	+7	+7	+6	+19	206	77	90	39	50	108	48	220	343	+12	+31
−	116	TH	1358	68	1547	112	1311	139	1129	+2	+3	+12	+32	−6	−24	−9	−48	+1	−4	−25	−118	853	355	176	322	323	335	195	1334	1305	−6	−24
−	117	CF	1348	79	1417	121	1300	166	1182	+9	+14	+9	+14	+9	+16	+15	+51	+28	+111	+42	+166	121	30	50	41	27	69	25	135	245	+9	+16
−	118	TT	1346	11	1663	57	1514	119	1307	−5	−32	−9	−38	−20	−87	−17	−73	−39	−179	−38	−193	799	322	335	142	350	278	171	1339	1003	−20	−87
−	119	MW	1344	48	1586	113	1329	150	1124	0	−8	+5	+9	+30	+91	+10	+40	+1	−14	0	−14	596	270	211	115	203	221	172	719	772	+30	+91
−	120	AO	1343	51	1628	86	1465	160	1215	−16	−57	−9	−34	+9	+18	+33	+102	−17	−99	−21	−104	386	139	161	86	138	117	131	449	406	+9	+18
−	121	MZ	1341	89	1453	119	1322	151	1212	+17	+44	+20	+69	+16	+43	+5	+26	−8	−38	−15	−87	335	134	142	59	105	146	84	342	430	+16	+43
−	122	LU	1339	24	1393	108	1245	191	979	+1	−7	−4	−17	−3	−8	+2	+18	+29	+114	+55	+237	404	219	172	13	35	320	49	250	1114	−3	−8
−	123	SL	1335	65	1557	102	1373	158	1189	−4	−17	−6	−24	−6	−24	−9	−45	+2	−2	+18	+88	280	108	122	50	82	127	71	262	387	−6	−24
−	123	GM	1335	88	1426	117	1313	146	1209	+7	+17	−4	−19	+12	+29	+15	+57	+4	+1	−10	−59	238	101	88	49	60	108	70	242	346	+12	+29
−	125	NA	1331	103	1405	139	1259	168	1119	−6	−21	−5	−19	−13	−48	−10	−47	+9	+45	+1	+11	241	100	103	38	63	111	67	243	350	−13	−48
−	126	LR	1329	66	1544	110	1343	149	1226	−2	−15	−3	−7	−6	−15	+1	+20	+7	+33	+17	+89	288	128	125	35	77	145	66	273	433	−6	−15
−	127	ZN	1328	95	1372	147	1095	169	936	−11	−44	−14	−44	−13	−44	−10	−44	+9	+49	+1	+17	203	26	42	135	37	126	40	169	434	−13	−44
−	128	LT	1320	47	1662	86	1316	136	1050	+3	+6	+3	−2	−5	−18	−22	−87	−31	−147	−65	−264	353	137	174	42	94	192	67	362	649	−5	−18
−	129	TG	1317	50	1608	87	1449	132	1295	−7	−33	−8	−31	−13	−44	−18	−66	−27	−126	−35	−146	440	156	184	100	140	190	110	479	612	−13	−44
−	130	SR	1314	26	1590	81	1409	170	1161	−2	−8	+9	+28	+16	+56	+22	+70	+17	+81	+15	+76	483	201	206	76	212	158	113	882	664	+16	+56
−	131	TZ	1301	74	1481	116	1287	169	1123	−2	−19	−9	−36	−3	−27	0	+1	−7	−46	−11	−44	563	205	209	149	163	244	156	653	847	−3	−27
−	131	GQ	1301	110	1404	157	1137	188	1012	−4	−24	−7	−34	+8	+6	−9	−31	0	−8	+23	+90	136	62	49	25	32	76	28	117	221	+8	+6
−	133	BM	1300	95	1421	125	1289	177	1085	+2	−2	+9	+36	+33	+117	+31	+102	+25	+96	+37	+148	190	92	67	31	64	88	38	299	314	+33	+117
−	133	LS	1300	122	1329	150	1181	179	1106	+2	−2	+1	−7	+3	0	+8	+30	+10	+60	+32	+137	271	106	114	51	53	136	82	223	447	+3	0
−	135	BW	1297	100	1440	153	1139	190	993	+4	+3	−3	−15	−3	−17	+13	+44	−4	−12	−2	+3	293	141	112	40	77	130	86	235	382	−3	−17
−	136	GW	1294	82	1349	125	1280	161	1189	+1	−7	+1	+1	−3	−19	−1	+2	+13	+65	+12	+65	156	50	47	59	44	76	36	157	237	−3	−19
−	137	ET	1285	39	1639	95	1405	146	1251	+8	+18	+7	+23	+8	+23	+2	+8	−14	−63	−6	−16	407	189	143	75	148	172	87	573	607	+8	+23
−	138	SD	1271	23	1713	85	1462	155	1230	+7	+4	+11	+35	+4	−8	+13	+26	−12	−64	−14	−65	460	144	171	145	161	188	111	551	614	+4	−8
−	139	KG	1270	136	1300	159	1183	178	1089	+3	−4	−1	−21	+1	−18	+22	+63	+38	+172	+28	+111	141	31	60	50	41	79	21	144	254	+1	−18
−	140	CU	1269	21	1683	81	1433	147	1098	+7	+8	0	−6	−18	−70	−12	−39	−29	−127	−41	−178	456	104	191	161	173	174	109	632	632	−18	−70
−	140	NC	1269	45	1537	97	1370	176	1093	+3	0	+27	+98	+13	+48	+20	+60	−19	−86	−10	−40	260	83	63	114	129	100	31	687	386	+13	+48
−	142	TM	1264	69	1536	114	1370	156	1219	+8	+38	+10	+38	+9	+18	+7	+12	−1	+4	−10	−31	155	36	61	58	61	65	29	249	228	+9	+18
−	142	GF	1264	66	1397	121	1249	172	1113	−10	−49	−10	−48	−11	−57	−26	−112	−4	−8	+13	+56	160	54	55	51	47	81	32	236	284	−11	−57
−	144	RW	1257	96	1466	144	1200	175	1038	−3	−30	−1	−6	−1	−11	−8	−26	−32	−138	−34	−148	243	82	86	75	76	108	59	258	324	−1	−11
−	145	NE	1255	97	1393	132	1240	153	1083	−12	−57	−15	−68	−11	−57	−12	−41	−10	−27	−3	+13	230	90	101	39	48	126	56	217	412	−11	−57
−	146	LV	1254	41	1575	81	1410	155	1217	+2	+24	+1	+4	−9	−44	−26	−108	−46	−191	−77	−315	395	162	182	51	112	191	92	468	662	−9	−44
−	147	MD	1240	65	1549	102	1418	148	1240	−7	−53	−12	−65	−18	−85	−24	−91	−40	−172	−45	−202	234	83	117	34	45	133	56	188	384	−18	−85
−	148	TJ	1233	74	1503	121	1336	165	1190	−5	−36	+11	+31	+9	+24	+11	+20	−8	−28	−11	−29	156	41	66	49	58	70	28	226	250	+9	+24
−	149	FJ	1229	77	1471	125	1253	163	1072	0	0	−1	−8	+8	+20	−4	−26	−13	−50	−24	−93	249	98	53	98	112	90	47	582	396	+8	+20
−	150	FO	1226	60	1308	119	1251	169	1154	+3	+4	+2	0	−3	−29	−13	−54	+1	+1	+3	+14	220	95	106	19	34	162	24	155	548	−3	−29
−	151	YT	1225	149	1234	158	1196	174	1125	0	0	+5	+6	+3	+6	+5	+6	+11	+26	+22	+99	38	2	10	26	13	16	9	54	56	+3	+6
−	152	GY	1219	15	1523	100	1297	182	1043	+10	+39	+13	+34	+13	+35	+14	+30	+4	0	−14	−40	404	172	175	57	119	201	84	497	701	+13	+35
−	153	GD	1212	40	1551	94	1395	186	1061	+15	+53	+23	+101	+32	+142	+21	+102	+15	+48	−13	−40	257	93	97	67	92	102	63	428	448	+32	+142
−	153	TD	1212	107	1320	132	1250	158	1188	−1	−12	−7	−43	−6	−43	−8	−43	−11	−35	−14	−44	148	37	51	60	32	84	32	141	277	−6	−43
−	155	GP	1208	45	1532	86	1422	166	1185	+4	+9	+10	+23	+6	+5	−11	−57	−27	−117	−62	−258	255	81	79	95	110	98	47	445	366	+6	+5
−	156	YE	1207	117	1368	142	1217	170	1125	+1	+2	+12	+53	+8	+19	+11	+19	+5	+6	−9	−26	258	53	75	130	57	153	48	256	527	+8	+19
−	157	MY	1202	60	1542	120	1288	185	1051	+14	+55	+16	+74	+18	+75	+26	+140	−4	−22	+5	+28	854	353	214	287	321	336	197	1370	1258	+18	+75
−	158	KN	1199	80	1387	134	1177	174	1085	−4	−22	−7	−28	−8	−48	−13	−56	+2	−3	+13	+63	206	104	65	37	87	80	39	367	304	−8	−48
−	159	TI	1194	48	1595	96	1409	170	1142	+1	0	−1	−11	−7	−28	−2	−24	−6	−30	+5	+22	234	54	69	111	125	75	34	654	356	−7	−28
−	160	IN	1190	31	1637	113	1318	186	1025	−4	−25	−15	−67	−6	−29	+9	+30	+20	+121	−4	−11	533	146	145	242	195	234	104	758	900	−6	−29
−	161	NI	1189	65	1339	144	1012	197	896	−3	−12	−11	−45	−20	−91	−18	−78	+15	+84	+18	+109	197	40	76	81	34	144	19	178	553	−20	−91
−	161	KM	1189	161	1189	193	883	206	824	+16	+66	+18	+92	+17	+100	+25	+148	+41	+293	+43	+322	85	17	23	45	13	50	22	56	152	+17	+100
−	163	DO	1183	100	1277	160	1024	191	911	−8	−37	−11	−43	−19	−82	−13	−66	−16	−50	+19	+140	143	64	48	31	50	72	21	211	246	−19	−82
−	164	VC	1179	53	1532	103	1346	181	1076	+5	+28	+10	+57	+17	+100	+11	+78	+3	+8	−18	−56	310	115	116	79	112	124	74	482	544	+17	+100
−	165	VU	1173	108	1267	154	1104	191	965	−1	0	−5	−23	−6	−34	−10	−50	+1	+1	−16	−54	191	42	45	104	60	104	27	360	413	−6	−34
−	166	HK	1170	60	1526	119	1297	171	1147	−1	−1	−2	−16	−10	−42	−1	−20	+3	+18	−16	−53	457	160	135	162	164	204	89	738	779	−10	−42
−	167	BI	1168	88	1458	122	1290	167	1168	−33	−137	−31	−135	−52	−196	−42	−149	−38	−155	−10	−24	194	47	73	74	57	90	47	208	264	−52	−196
−	167	MT	1168	83	1430	116	1327	168	1168	−6	−19	−4	−22	0	−10	−9	−48	−23	−70	−15	−50	393	211	161	21	47	280	66	237	906	0	−10
−	169	SB	1161	109	1385	144	1187	177	1043	−3	0	−12	−52	−9	−45	−6	−38	−5	−14	−35	−125	188	50	53	85	79	76	33	423	368	−9	−45
−	170	SG	1159	76	1412	131	1235	187	1041	+3	+20	+7	+51	+10	+79	+14	+101	−5	−14	−58	−238	701	283	161	257	215	342	144	934	1265	+10	+79
−	171	AG	1157	99	1319	141	1189	180	1056	−8	−20	−10	−38	−3	−14	−9	−46	−32	−110	−27	−82	251	104	92	55	88	116	47	366	423	−3	−14
−	172	ER	1153	142	1247	162	1165	185	1060	+12	+93	+11	+75	+10	+75	+8	+75	+3	+43	−12	−27	83	19	27	37	15	49	19	57	135	+10	+75
−	173	PH	1152	27	1355	131	1067	219	678	+3	+23	−2	+20	−5	−19	−2	−7	−23	−74	+33	+329	338	89	105	144	80	209	49	345	916	−5	−19
−	174	PG	1150	135	1214	164	1087	188	1021	−4	0	+7	+59	+3	+59	+4	+59	+12	+98	+7	+106	136	24	35	77	45	67	24	318	294	+3	+59
−	175	LI	1142	144	1242	163	1133	183	1047	0	+5	0	+22	−2	+4	−7	−26	−20	−79	−7	−16	198	92	96	10	15	158	25	86	565	−2	+4
−	176	BZ	1139	61	1202	135	1116	183	1047	+2	+18	−7	−4	−6	−17	−7	−21	−4	0	+2	+54	93	30	32	31	21	54	18	96	180	−6	−17
−	177	AF	1137	88	1161	166	893	210	770	−3	−1	−7	+2	−6	−12	−5	−13	+1	+41	+33	+366	129	9	48	72	31	70	28	126	274	−6	−12
−	178	SW	1124	118	1351	149	1183	181	1081	−6	−16	−16	−67	−17	−79	−45	−172	−7	−19	−15	−49	246	105	105	36	50	125	71	204	430	−17	−79
−	179	ID	1117	39	1582	97	1367	179	1095	−13	−44	−24	−106	−16	−82	−25	−117	−22	−90	−43	−149	711	220	173	318	267	307	137	1187	1167	−16	−82
−	180	AD	1106	169	1123	183	1040	195	952	+3	+43	+5	+43	−1	+25	+8	+94	+12	+130	+4	+80	166	64	76	26	7	139	20	47	426	−1	+25
−	181	BB	1105	54	1396	116	1254	181	1091	−2	−7	−10	−27	−7	−28	−8	−32	−11	−41	−52	−205	327	156	113	58	106	135	86	420	503	−7	−28
−	182	ST	1092	153	1120	173	1060	189	991	+3	+35	+2	+16	+1	+16	−2	+14	−3	+15	−2	+42	54	23	21	10	9	39	6	41	136	+1	+16
−	183	GI	1086	168	1152	178	1087	189	1017	−3	−6	−3	−8	−7	−17	−4	+7	−10	−46	−10	−40	56	16	21	19	10	42	4	40	183	−7	−17
−	184	SS	1057	171	1156	182	1074	188	1020	+2	+27	+4	+37	+4	+35	+1	0	−1	−7	−	−	40	9	15	16	6	27	7	26	80	+4	+35
−	185	MM	1047	33	1684	127	1254	191	989	+3	+29	+1	−7	+1	−10	−8	−46	−1	−15	−27	−143	487	90	118	279	203	195	89	821	799	+1	−10
−	186	LC	1035	61	1354	121	1250	192	977	−5	−49	−8	−63	−14	−105	−10	−62	−12	−96	−14	−92	220	73	91	56	70	114	36	307	419	−14	−105
−	187	MU	1028	33	1634	100	1361	188	1000	−5	−52	−5	−53	−3	−44	−5	−40	0	+6	−4	−7	304	102	137	65	88	148	68	398	494	−3	−44
−	188	DM	1023	57	1333	126	1212	198	935	−1	−5	−1	−27	−1	−21	+1	+19	+6	+72	−2	+31	210	62	83	65	50	116	44	247	428	−1	−21
−	189	JS	1002	187	1002	189	999	190	992	0	0	0	0	+1	0	+1	0	+1	+10	−	−	2	0	0	2	1	0	1	4	3	+1	0
−	190	EH	996	187	996	189	996	191	996	0	0	0	0	+1	0	+1	0	−1	0	−	−	1	0	1	0	0	1	0	0	6	+1	0
−	191	PR	975	87	1124	161	930	202	842	0	+7	+2	−1	−2	−33	−4	−53	−6	−84	−4	−2	161	58	60	43	28	109	24	147	445	−2	−33
−	192	GL	963	163	1035	183	978	197	952	+1	0	+4	0	+4	0	+2	0	+1	0	−2	−4	20	2	7	11	5	14	1	33	42	+4	0
−	193	BQ	960	75	1130	145	1046	196	959	+1	+1	+1	−12	0	−14	−1	−31	−5	−61	−17	−143	77	12	47	18	17	51	9	85	205	0	−14
−	194	MV	947	162	1172	190	883	209	725	+1	−11	−2	−32	−2	−32	+4	+8	−12	−120	−28	−214	201	52	67	82	56	111	34	253	464	−2	−32
−	195	TW	942	15	1765	139	1193	213	758	+1	−8	−4	−52	−2	−32	−2	−35	+16	+146	−2	+10	307	83	94	130	88	170	49	425	716	−2	−32
−	196	SO	921	125	1255	161	1095	207	839	+5	+45	+7	+73	+7	+73	+10	+73	+9	+51	−1	−6	123	10	36	77	14	93	16	66	323	+7	+73
−	197	NP	919	163	1005	189	883	209	727	+1	−14	+3	+30	+4	+40	+5	+17	+7	+32	−8	−53	241	62	65	114	54	146	41	206	572	+4	+40
−	198	KY	914	154	1141	179	1029	199	910	−6	−50	0	−1	−1	−31	−3	−35	−2	−22	−11	−63	102	47	30	25	20	63	19	101	246	−1	−31
−	198	SC	914	158	1120	180	986	198	914	−1	−34	−3	−52	−3	−55	−1	−26	−7	−68	−13	−110	147	47	46	54	21	102	24	116	309	−3	−55
−	200	MC	903	193	909	199	899	203	890	0	0	−1	0	0	0	+1	0	+1	−6	0	+13	9	0	1	8	4	2	3	11	15	0	0
−	201	BS	901	156	941	186	883	205	836	+2	+26	+1	+47	+1	+45	−1	−4	−2	−31	+2	+30	53	18	18	17	13	34	6	59	176	+1	+45
−	202	DJ	900	99	920	174	871	214	752	+2	+48	+6	+108	+6	+108	+9	+108	+10	+111	+6	+107	92	27	30	35	7	77	8	61	342	+6	+108
−	203	AW	892	51	1435	119	1217	203	892	−4	−16	−6	−27	−4	−39	−4	−24	−7	−44	−5	−14	174	77	66	31	41	94	39	250	393	−4	−39
−	204	PK	876	65	1462	147	1134	208	781	−3	0	−3	0	−6	−60	−9	−73	−6	−58	−5	−18	256	55	83	118	60	149	47	251	564	−6	−60
−	205	MS	861	112	861	189	614	233	527	+3	+50	+8	+95	+9	+129	+20	+216	+23	+229	+23	+323	48	12	19	17	10	33	5	45	180	+9	+129
−	206	MF	855	154	1122	184	1002	213	757	+5	+98	+3	+70	−1	+26	−2	−12	0	−12	−14	−78	56	11	23	22	20	32	4	79	145	−1	+26
−	207	KH	837	96	1375	154	1074	222	674	−2	−12	−3	−2	+1	+45	+1	+26	+9	+119	+2	+61	267	61	75	131	58	172	37	300	703	+1	+45
−	208	BD	831	149	1136	179	992	210	789	0	+20	−1	+19	+2	+40	+1	+28	−13	−115	−12	−95	263	71	71	121	71	137	55	244	487	+2	+40
−	209	SM	821	165	1014	192	938	209	821	−2	−5	−4	−10	−5	−15	−4	−32	−6	−69	−12	−92	166	82	81	3	1	160	5	24	715	−5	−15
−	210	TC	803	205	831	209	779	214	746	+2	+51	+4	+42	+1	+24	+3	+40	+3	+27	−5	−23	29	7	13	9	6	21	2	28	120	+1	+24
−	211	HG	776	208	808	210	794	213	776	−1	0	+1	0	+2	0	−1	−22	−2	−32	−	−	3	0	0	3	0	2	1	4	10	+2	0
−	212	SX	768	160	978	184	920	212	768	−6	−60	−6	−62	−6	−48	−9	−119	−12	−163	−18	−163	47	13	18	16	12	28	7	61	132	−6	−48
−	213	TV	738	179	819	202	746	216	719	+2	0	−3	−41	−2	−41	+1	−19	+2	+13	−1	+18	31	0	4	27	7	20	4	39	175	−2	−41
−	214	GU	734	177	894	204	692	229	532	0	−11	−4	−45	−7	−60	−7	−99	−4	−72	+7	+135	113	22	35	56	25	76	12	139	545	−7	−60
−	215	MN	731	146	897	186	853	225	649	+1	0	+2	+29	+1	+23	+9	+78	−1	−5	−8	−63	75	14	27	34	17	49	9	89	221	+1	+23
−	216	BL	715	215	731	217	698	220	695	+1	0	0	0	+3	+16	+1	+20	+2	+20	−	−	8	6	2	0	3	4	1	18	25	+3	+16
−	217	VI	706	209	748	216	696	221	658	−4	−41	−2	−42	−2	−9	−2	−16	+4	+26	+1	+35	54	17	27	10	7	41	6	29	239	−2	−9
−	218	WF	701	165	734	198	700	219	674	0	0	0	0	0	0	−2	0	−1	0	−4	0	24	0	5	19	5	19	0	23	109	0	0
−	219	MO	698	94	1123	167	982	229	600	0	0	0	0	+6	+22	+3	+19	+7	+60	−4	−2	152	49	47	56	24	112	16	137	465	+6	+22
−	220	VA	692	212	705	216	698	222	686	0	0	0	0	+1	0	−2	0	−1	+6	−7	−13	5	0	0	5	0	3	2	1	6	+1	0
−	221	LA	690	144	1013	181	917	224	678	0	0	+1	0	−1	−3	−9	−93	−14	−149	−19	−182	204	37	57	110	38	136	30	209	661	−1	−3
−	222	CK	687	171	739	203	683	224	646	0	0	+1	0	+1	0	−1	0	+2	+12	−11	−39	47	4	11	32	11	32	4	44	247	+1	0
−	223	WS	678	183	730	209	653	224	601	0	0	−2	−13	−1	−13	−4	−13	−1	−1	−8	−22	64	26	10	28	18	42	4	86	246	−1	−13
−	224	PM	677	217	698	222	679	225	677	0	0	+1	0	0	0	−1	0	−1	0	−	−	7	0	0	7	0	7	0	2	78	0	0
−	225	LK	671	112	1052	175	925	225	671	0	−5	−1	−10	−9	−37	−5	−19	−17	−165	−34	−268	241	53	75	113	46	156	39	232	640	−9	−37
−	226	TL	638	214	738	224	623	233	528	0	0	+1	0	+1	−6	0	+3	−1	−3	−1	+73	64	5	32	27	7	51	6	63	207	+1	−6
−	227	TE	630	173	691	205	670	229	630	+1	0	+1	0	+1	0	0	−1	+2	−1	−7	−1	10	0	3	7	0	9	1	8	38	+1	0
−	228	BN	621	164	949	197	795	230	597	+1	0	+1	0	+1	+6	0	−5	+2	+13	−9	−29	122	17	34	71	19	91	12	96	389	+1	+6
−	229	VG	611	173	932	202	819	230	607	−3	−27	−3	−35	−3	−34	0	+4	−2	−23	−28	−273	105	28	48	29	19	71	15	99	330	−3	−34
−	230	FK	580	221	593	226	588	232	580	0	0	0	0	+1	0	+1	0	+1	0	−7	−13	3	0	1	2	0	3	0	0	21	+1	0
−	231	FM	564	219	617	227	574	234	564	+1	0	+2	0	+1	0	+1	0	+1	0	−5	0	8	1	3	4	1	7	0	8	64	+1	0
−	232	BT	563	185	694	215	602	235	522	−1	−4	−1	−8	+1	+7	−2	−29	+3	+41	−11	−36	93	14	32	47	8	79	6	54	360	+1	+7
−	233	AI	554	196	600	221	555	234	496	−1	−10	−1	−13	−3	−32	0	−6	0	−1	−6	+4	76	19	35	22	7	64	5	46	314	−3	−32
−	234	KI	545	188	599	215	584	235	545	0	0	+1	0	+1	0	+1	0	0	0	−10	−34	11	0	2	9	0	10	1	7	126	+1	0
−	235	TO	528	181	727	209	672	235	528	0	0	−1	−18	−1	−18	−1	−18	−15	−156	−18	−161	62	8	14	40	14	42	6	70	242	−1	−18
−	236	NU	496	194	500	221	496	236	496	0	0	0	0	0	0	0	0	0	0	−6	0	2	0	0	2	0	2	0	0	33	0	0
−	237	AS	472	190	628	221	473	239	335	0	0	0	+9	0	+9	0	+9	+2	+91	−5	+118	51	0	13	38	4	45	2	30	340	0	+9
−	238	MP	409	214	682	228	539	239	395	0	0	0	0	0	0	0	−2	−1	−53	−9	−90	26	3	9	14	3	21	2	31	116	0	0
−	239	PW	403	224	442	233	403	239	403	0	0	0	0	0	0	0	0	−1	0	−8	0	2	2	0	0	0	2	0	3	27	0	0