date,home_team,away_team,result,home_team_odd,Draw_odd,away_team_odd,home_score,away_score,odd_dif,ovr_home,att_home,mid_home,defe_home,ovr_away,att_away,mid_away,defe_away,Previous_Rank_home,Total_Points_home,Previous_Rank_away,Total_Points_away,ovr_dif,att_dif,mid_dif,defe_dif,rank_dif,points_dif,goal_dif,Elo_ranking_home,Elo_rating_home,total_game_home,total_wins_home,goal_for_home,goal_against_home,Elo_ranking_away,Elo_rating_away,total_game_away,total_wins_away,goal_for_away,goal_against_away,win_rate_home,goal_balance_home,win_rate_away,goal_balance_away,Elo_ranking_dif,Elo_rating_dif,win_rate_dif,goal_balance_dif
2014,Algeria,Russia,draw,3.65,3.65,2.02,1,1,1.63,77.0,77.0,78.0,76.0,77.53,77.53,76.2,75.4,26.0,792.0,22.0,870.0,-0.5300000000000011,-0.5300000000000011,1.7999999999999972,0.5999999999999943,4.0,-78.0,0,42,1674,539,745,225,566,24,1779,667,1176,351,641,138.21892393320965,-0.6326530612244898,176.311844077961,-0.43478260869565216,18,-105,-38.09292014475136,-0.19787045252883767
2010,Algeria,Slovenia,lose,3.6,3.12,2.16,0,1,1.44,77.0,77.0,78.0,76.0,72.5,71.5,71.56,69.56,26.0,784.0,31.0,767.0,4.5,5.5,6.439999999999998,6.439999999999998,-5.0,17.0,-1,98,1464,500,680,200,531,39,1694,170,212,59,219,136.0,-0.662,124.70588235294117,-0.9411764705882353,59,-230,11.294117647058826,0.27917647058823525
2006,Angola,Portugal,lose,9.0,3.75,1.33,0,1,7.67,72.0,73.0,71.0,72.0,81.94,82.33,81.44,80.44,61.0,568.0,10.0,753.0,-9.939999999999998,-9.329999999999998,-10.439999999999998,-8.439999999999998,51.0,-185.0,-1,58,1592,246,307,96,266,10,1895,453,726,203,581,124.79674796747969,-0.6910569105691057,160.26490066225165,-0.8344370860927153,48,-303,-35.46815269477196,0.1433801755236096
2014,Argentina,Belgium,win,2.0,3.33,4.16,1,0,-2.16,82.53,84.74,81.05,79.47,80.11,79.89,79.11,78.72,3.0,1251.0,11.0,1098.0,2.4200000000000017,4.849999999999994,1.9399999999999977,0.75,-8.0,153.0,1,2,2050,964,1814,514,1037,12,1899,739,1266,301,1236,188.17427385892117,-0.5425311203319502,171.31258457374832,-1.2652232746955345,-10,151,16.861689285172844,0.7226921543635844
2014,Argentina,Bosnia and Herzegovina,win,1.31,5.53,10.26,2,1,-8.95,82.53,84.74,81.05,79.47,74.0,77.0,75.0,72.0,3.0,1251.0,19.0,899.0,8.530000000000001,7.739999999999995,6.049999999999997,7.469999999999999,-16.0,352.0,1,2,2050,964,1814,514,1037,35,1710,170,244,65,238,188.17427385892117,-0.5425311203319502,143.52941176470588,-1.0176470588235293,-33,340,44.644862094215284,0.4751159384915792
2018,Argentina,Croatia,lose,2.1,3.27,4.09,0,3,-1.9899999999999998,82.53,84.74,81.05,79.47,78.12,78.5,76.75,74.62,4.0,1348.0,17.0,1048.0,4.409999999999997,6.239999999999995,4.299999999999997,4.849999999999994,-13.0,300.0,-3,13,1915,1017,1914,544,1081,10,1925,313,543,165,309,188.20058997050145,-0.528023598820059,173.48242811501598,-0.46006389776357826,3,-10,14.718161855485477,-0.06795970105648075
2010,Argentina,Germany,lose,2.3,3.22,3.16,0,4,-0.8600000000000003,82.53,84.74,81.05,79.47,83.83,82.44,83.11,81.22,8.0,1082.0,6.0,1173.0,-1.2999999999999972,2.299999999999997,-2.0600000000000023,-1.75,2.0,-91.0,-4,5,1992,905,1701,480,983,4,2067,851,1896,490,1011,187.95580110497238,-0.5558011049723757,222.7967097532315,-0.6122209165687427,1,-75,-34.84090864825913,0.056419811596367
2018,Argentina,Iceland,draw,1.33,5.27,11.32,1,1,-9.99,82.53,84.74,81.05,79.47,70.67,71.5,71.17,69.33,4.0,1348.0,22.0,959.0,11.86,13.239999999999995,9.879999999999995,10.14,-18.0,389.0,0,13,1915,1017,1914,544,1081,46,1669,439,524,134,741,188.20058997050145,-0.528023598820059,119.36218678815489,-1.3826879271070616,-33,246,68.83840318234657,0.8546643282870026
2014,Argentina,Iran,win,1.14,8.65,20.52,1,0,-19.38,82.53,84.74,81.05,79.47,75.0,81.0,73.0,72.0,3.0,1251.0,33.0,727.0,7.530000000000001,3.739999999999995,8.049999999999997,7.469999999999999,-30.0,524.0,1,2,2050,964,1814,514,1037,44,1672,546,1012,297,444,188.17427385892117,-0.5425311203319502,185.34798534798534,-0.2692307692307692,-42,378,2.826288510935825,-0.27330035110118095
2010,Argentina,Mexico,win,1.6,3.69,6.09,3,1,-4.49,82.53,84.74,81.05,79.47,76.94,77.28,76.17,75.0,8.0,1082.0,17.0,947.0,5.590000000000003,7.459999999999994,4.8799999999999955,4.469999999999999,-9.0,135.0,2,5,1992,905,1701,480,983,11,1846,755,1383,381,803,187.95580110497238,-0.5558011049723757,183.17880794701986,-0.5589403973509933,-6,146,4.776993157952518,0.003139292378617653
2006,Argentina,Mexico,win,1.37,4.08,9.39,2,1,-8.02,82.53,84.74,81.05,79.47,76.94,77.28,76.17,75.0,4.0,772.0,5.0,767.0,5.590000000000003,7.459999999999994,4.8799999999999955,4.469999999999999,-1.0,5.0,1,5,1979,851,1605,445,934,19,1817,676,1241,337,726,188.60164512338423,-0.5746180963572268,183.57988165680473,-0.5754437869822485,-14,162,5.0217634665795,0.0008256906250216911
2010,Argentina,Nigeria,win,1.4,4.38,8.63,1,0,-7.23,82.53,84.74,81.05,79.47,77.5,78.5,71.5,75.0,8.0,1082.0,22.0,956.0,5.030000000000001,6.239999999999995,9.549999999999997,4.469999999999999,-14.0,126.0,1,5,1992,905,1701,480,983,50,1653,524,779,239,552,187.95580110497238,-0.5558011049723757,148.66412213740458,-0.5973282442748091,-45,339,39.291678967567805,0.04152713930243346
2010,Argentina,South Korea,win,1.5,3.85,7.55,4,1,-6.05,82.53,84.74,81.05,79.47,71.5,71.9,70.2,68.8,8.0,1082.0,52.0,634.0,11.030000000000001,12.83999999999999,10.849999999999994,10.670000000000002,-44.0,448.0,3,5,1992,905,1701,480,983,30,1741,840,1557,460,755,187.95580110497238,-0.5558011049723757,185.35714285714286,-0.35119047619047616,-25,251,2.598658247829519,-0.2046106287818995
2014,Argentina,Switzerland,win,1.56,4.17,6.28,1,0,-4.720000000000001,82.53,84.74,81.05,79.47,76.94,74.88,75.81,76.44,3.0,1251.0,8.0,1113.0,5.590000000000003,9.86,5.239999999999995,3.030000000000001,-5.0,138.0,1,2,2050,964,1814,514,1037,21,1792,763,1100,256,1340,188.17427385892117,-0.5425311203319502,144.16775884665793,-1.4207077326343382,-19,258,44.006515012263236,0.8781766123023881
2006,Australia,Japan,win,2.5,3.15,2.8,3,1,-0.2999999999999998,72.17,71.56,71.11,69.28,76.0,75.0,77.0,76.0,48.0,610.0,15.0,714.0,-3.8299999999999983,-3.4399999999999977,-5.890000000000001,-6.719999999999999,33.0,-104.0,2,30,1763,411,898,211,484,40,1729,550,924,241,730,218.49148418491487,-0.6642335766423357,168.0,-0.889090909090909,-10,34,50.49148418491487,0.2248573324485733
2014,Australia,Netherlands,lose,13.23,6.55,1.23,2,3,12.0,72.17,71.56,71.11,69.28,81.0,81.47,80.29,78.88,58.0,571.0,9.0,1106.0,-8.829999999999998,-9.909999999999997,-9.180000000000007,-9.599999999999994,49.0,-535.0,-1,49,1653,512,1054,259,592,4,2030,770,1599,390,1004,205.859375,-0.650390625,207.66233766233765,-0.7974025974025974,45,-377,-1.8029626623376487,0.14701197240259745
2018,Australia,Peru,lose,2.91,3.51,2.49,0,2,0.41999999999999993,72.17,71.56,71.11,69.28,71.6,73.1,70.7,69.5,38.0,763.0,11.0,1128.0,0.5700000000000074,-1.539999999999992,0.4099999999999966,-0.21999999999999886,27.0,-365.0,-2,35,1735,560,1150,284,639,16,1855,628,790,204,895,205.35714285714283,-0.6339285714285714,125.79617834394905,-1.1003184713375795,19,-120,79.56096451319378,0.46638989990900814
2010,Australia,Serbia,win,4.25,3.55,1.85,2,1,2.4,72.17,71.56,71.11,69.28,77.67,78.67,77.33,74.33,21.0,857.0,19.0,916.0,-5.5,-7.109999999999999,-6.219999999999999,-5.049999999999997,2.0,-59.0,1,22,1776,459,957,235,525,27,1743,698,1377,332,991,208.4967320261438,-0.6318082788671024,197.27793696275072,-0.9441260744985673,-5,33,11.218795063393088,0.3123177956314649
2014,Australia,Spain,lose,7.57,5.22,1.39,0,3,6.180000000000001,72.17,71.56,71.11,69.28,84.61,83.06,84.44,82.83,58.0,571.0,1.0,1507.0,-12.439999999999998,-11.5,-13.329999999999998,-13.549999999999997,57.0,-936.0,-3,49,1653,512,1054,259,592,8,1954,644,1266,373,594,205.859375,-0.650390625,196.58385093167703,-0.34316770186335405,41,-301,9.275524068322966,-0.30722292313664595
2014,Belgium,Algeria,win,1.33,5.26,10.15,2,1,-8.82,80.11,79.89,79.11,78.72,77.0,77.0,78.0,76.0,11.0,1098.0,26.0,792.0,3.1099999999999994,2.8900000000000006,1.1099999999999994,2.719999999999999,-15.0,306.0,1,12,1899,739,1266,301,1236,42,1674,539,745,225,566,171.31258457374832,-1.2652232746955345,138.21892393320965,-0.6326530612244898,-30,225,33.09366064053867,-0.6325702134710447
2018,Belgium,England,win,2.19,3.79,3.24,2,0,-1.0500000000000003,80.11,79.89,79.11,78.72,82.44,83.5,81.56,81.06,5.0,1325.0,15.0,1047.0,-2.3299999999999983,-3.6099999999999994,-2.450000000000003,-2.3400000000000034,-10.0,278.0,2,3,2035,790,1400,338,1285,7,1960,1065,2477,617,1061,177.2151898734177,-1.1987341772151898,232.58215962441312,-0.4169014084507042,-4,75,-55.36696975099542,-0.7818327687644856
2018,Belgium,Japan,win,1.42,4.72,8.93,3,2,-7.51,80.11,79.89,79.11,78.72,76.0,75.0,77.0,76.0,5.0,1325.0,57.0,598.0,4.109999999999999,4.890000000000001,2.1099999999999994,2.719999999999999,-52.0,727.0,1,3,2035,790,1400,338,1285,36,1731,731,1266,339,906,177.2151898734177,-1.1987341772151898,173.187414500684,-0.7756497948016415,-33,304,4.027775372733686,-0.4230843824135483
2018,Belgium,Panama,win,1.22,6.75,17.63,3,0,-16.41,80.11,79.89,79.11,78.72,68.0,68.0,70.0,68.0,5.0,1325.0,55.0,636.0,12.11,11.89,9.11,10.719999999999999,-50.0,689.0,3,3,2035,790,1400,338,1285,65,1568,490,580,151,773,177.2151898734177,-1.1987341772151898,118.36734693877551,-1.2693877551020407,-62,467,58.84784293464219,0.0706535778868509
2014,Belgium,Russia,win,2.21,3.34,3.42,1,0,-1.21,80.11,79.89,79.11,78.72,77.53,77.53,76.2,75.4,11.0,1098.0,22.0,870.0,2.5799999999999983,2.3599999999999994,2.9099999999999966,3.319999999999993,-11.0,228.0,1,12,1899,739,1266,301,1236,24,1779,667,1176,351,641,171.31258457374832,-1.2652232746955345,176.311844077961,-0.43478260869565216,-12,120,-4.999259504212688,-0.8304406659998824
2018,Belgium,Tunisia,win,1.33,5.15,11.78,5,2,-10.45,80.11,79.89,79.11,78.72,71.0,69.5,70.0,71.0,5.0,1325.0,27.0,915.0,9.11,10.39,9.11,7.719999999999999,-22.0,410.0,3,3,2035,790,1400,338,1285,48,1650,657,931,269,746,177.2151898734177,-1.1987341772151898,141.7047184170472,-0.726027397260274,-45,385,35.51047145637051,-0.47270677995491583
2014,Belgium,United States,win,2.03,3.39,3.96,2,1,-1.9300000000000002,80.11,79.89,79.11,78.72,74.39,74.0,73.67,72.5,11.0,1098.0,14.0,1019.0,5.719999999999999,5.890000000000001,5.439999999999998,6.219999999999999,-3.0,79.0,1,12,1899,739,1266,301,1236,19,1813,640,901,267,896,171.31258457374832,-1.2652232746955345,140.78125,-0.9828125,-7,86,30.531334573748325,-0.28241077469553455
2014,Bosnia and Herzegovina,Iran,win,2.23,3.53,3.21,3,1,-0.98,74.0,77.0,75.0,72.0,75.0,81.0,73.0,72.0,19.0,899.0,33.0,727.0,-1.0,-4.0,2.0,0.0,-14.0,172.0,2,35,1710,170,244,65,238,44,1672,546,1012,297,444,143.52941176470588,-1.0176470588235293,185.34798534798534,-0.2692307692307692,-9,38,-41.81857358327946,-0.7484162895927602
2006,Brazil,Australia,win,1.2,5.0,11.0,2,0,-9.8,82.67,83.17,81.22,82.22,72.17,71.56,71.11,69.28,1.0,839.0,48.0,610.0,10.5,11.61,10.11,12.939999999999998,-47.0,229.0,2,1,2081,808,1764,502,778,30,1763,411,898,211,484,218.31683168316835,-0.3415841584158416,218.49148418491487,-0.6642335766423357,-29,318,-0.1746525017465217,0.3226494182264941
2018,Brazil,Belgium,lose,2.13,3.43,3.74,1,2,-1.6100000000000003,82.67,83.17,81.22,82.22,80.11,79.89,79.11,78.72,2.0,1483.0,5.0,1325.0,2.5600000000000023,3.280000000000001,2.1099999999999994,3.5,-3.0,158.0,-1,1,2136,982,2131,623,893,3,2035,790,1400,338,1285,217.00610997963338,-0.27494908350305497,177.2151898734177,-1.1987341772151898,-2,101,39.79092010621568,0.9237850937121348
2014,Brazil,Cameroon,win,1.13,9.35,20.81,4,1,-19.68,82.67,83.17,81.22,82.22,74.31,74.56,72.81,72.75,10.0,1102.0,50.0,616.0,8.36,8.61,8.409999999999997,9.469999999999999,-40.0,486.0,3,3,2042,930,2027,585,869,51,1644,531,789,233,597,217.95698924731184,-0.3053763440860215,148.58757062146893,-0.6854990583804144,-48,398,69.36941862584291,0.38012271429439287
2014,Brazil,Chile,draw,1.53,4.42,6.17,1,1,-4.64,82.67,83.17,81.22,82.22,76.6,77.2,77.0,73.5,10.0,1102.0,15.0,1005.0,6.070000000000007,5.969999999999999,4.219999999999999,8.719999999999999,-5.0,97.0,0,3,2042,930,2027,585,869,7,1963,714,1020,269,1046,217.95698924731184,-0.3053763440860215,142.85714285714286,-1.088235294117647,-4,79,75.09984639016898,0.7828589500316254
2010,Brazil,Chile,win,1.52,3.92,6.67,3,0,-5.15,82.67,83.17,81.22,82.22,76.6,77.2,77.0,73.5,2.0,1568.0,15.0,955.0,6.070000000000007,5.969999999999999,4.219999999999999,8.719999999999999,-13.0,613.0,3,3,2095,866,1884,542,817,9,1894,658,919,241,980,217.55196304849886,-0.31755196304849886,139.66565349544072,-1.1231003039513678,-6,201,77.88630955305814,0.805548340902869
2014,Brazil,Colombia,win,1.79,3.75,4.72,2,1,-2.9299999999999997,82.67,83.17,81.22,82.22,77.9,79.2,77.6,75.9,10.0,1102.0,4.0,1200.0,4.769999999999996,3.969999999999999,3.6200000000000045,6.319999999999993,6.0,-98.0,1,3,2042,930,2027,585,869,5,2019,515,641,198,631,217.95698924731184,-0.3053763440860215,124.46601941747572,-0.8407766990291262,-2,23,93.49096982983612,0.5354003549431048
2018,Brazil,Costa Rica,win,1.21,6.69,18.8,2,0,-17.59,82.67,83.17,81.22,82.22,73.0,73.0,73.0,74.0,2.0,1483.0,26.0,831.0,9.670000000000002,10.170000000000002,8.219999999999999,8.219999999999999,-24.0,652.0,2,1,2136,982,2131,623,893,40,1724,691,1234,319,797,217.00610997963338,-0.27494908350305497,178.58176555716355,-0.6917510853835022,-39,412,38.42434442246983,0.4168020018804472
2014,Brazil,Croatia,win,1.32,5.16,11.26,3,1,-9.94,82.67,83.17,81.22,82.22,78.12,78.5,76.75,74.62,10.0,1102.0,16.0,971.0,4.549999999999997,4.670000000000002,4.469999999999999,7.599999999999994,-6.0,131.0,2,3,2042,930,2027,585,869,17,1825,263,457,138,262,217.95698924731184,-0.3053763440860215,173.7642585551331,-0.4714828897338403,-14,217,44.19273069217874,0.1661065456478188
2006,Brazil,Croatia,win,1.4,3.5,8.0,1,0,-6.6,82.67,83.17,81.22,82.22,78.12,78.5,76.75,74.62,1.0,839.0,20.0,701.0,4.549999999999997,4.670000000000002,4.469999999999999,7.599999999999994,-19.0,138.0,1,1,2081,808,1764,502,778,9,1897,174,302,84,180,218.31683168316835,-0.3415841584158416,173.5632183908046,-0.5517241379310345,-8,184,44.75361329236375,0.21013997951519287
2006,Brazil,France,lose,1.74,3.25,5.08,0,1,-3.34,82.67,83.17,81.22,82.22,83.28,83.28,82.56,81.72,1.0,839.0,5.0,768.0,-0.6099999999999994,-0.10999999999999943,-1.3400000000000034,0.5,-4.0,71.0,-1,1,2081,808,1764,502,778,2,2062,686,1232,320,1073,218.31683168316835,-0.3415841584158416,179.59183673469389,-1.097667638483965,-1,19,38.72499494847446,0.7560834800681233
2014,Brazil,Germany,lose,2.69,3.19,2.87,1,7,-0.18000000000000016,82.67,83.17,81.22,82.22,83.83,82.44,83.11,81.22,10.0,1102.0,2.0,1318.0,-1.1599999999999966,0.730000000000004,-1.8900000000000006,1.0,8.0,-216.0,-6,3,2042,930,2027,585,869,1,2134,907,2036,527,1080,217.95698924731184,-0.3053763440860215,224.4762954796031,-0.6097023153252481,2,-92,-6.519306232291257,0.3043259712392266
2006,Brazil,Ghana,win,1.26,5.16,10.25,3,0,-8.99,82.67,83.17,81.22,82.22,76.0,79.5,74.5,73.5,1.0,839.0,50.0,608.0,6.670000000000002,3.6700000000000017,6.719999999999999,8.719999999999999,-49.0,231.0,3,1,2081,808,1764,502,778,34,1755,528,880,261,561,218.31683168316835,-0.3415841584158416,166.66666666666669,-0.5681818181818182,-33,326,51.65016501650166,0.22659765976597662
2010,Brazil,Ivory Coast,win,1.72,3.44,5.32,3,1,-3.6000000000000005,82.67,83.17,81.22,82.22,76.0,77.6,75.8,73.8,2.0,1568.0,16.0,865.0,6.670000000000002,5.570000000000007,5.420000000000002,8.420000000000002,-14.0,703.0,2,3,2095,866,1884,542,817,35,1716,496,792,244,514,217.55196304849886,-0.31755196304849886,159.6774193548387,-0.5443548387096774,-32,379,57.87454369366017,0.22680287566117852
2018,Brazil,Mexico,win,1.5,4.38,7.58,2,0,-6.08,82.67,83.17,81.22,82.22,76.94,77.28,76.17,75.0,2.0,1483.0,16.0,1032.0,5.730000000000004,5.890000000000001,5.049999999999997,7.219999999999999,-14.0,451.0,2,1,2136,982,2131,623,893,22,1787,904,1620,462,946,217.00610997963338,-0.27494908350305497,179.20353982300884,-0.5353982300884956,-21,349,37.80257015662454,0.26044914658544066
2014,Brazil,Mexico,draw,1.33,5.33,9.34,0,0,-8.01,82.67,83.17,81.22,82.22,76.94,77.28,76.17,75.0,10.0,1102.0,21.0,892.0,5.730000000000004,5.890000000000001,5.049999999999997,7.219999999999999,-11.0,210.0,0,3,2042,930,2027,585,869,13,1892,826,1505,420,863,217.95698924731184,-0.3053763440860215,182.20338983050848,-0.5363196125907991,-10,150,35.753599416803354,0.2309432685047776
2014,Brazil,Netherlands,lose,2.17,3.7,3.26,0,3,-1.0899999999999999,82.67,83.17,81.22,82.22,81.0,81.47,80.29,78.88,10.0,1102.0,9.0,1106.0,1.6700000000000017,1.7000000000000028,0.9299999999999926,3.3400000000000034,1.0,-4.0,-3,3,2042,930,2027,585,869,4,2030,770,1599,390,1004,217.95698924731184,-0.3053763440860215,207.66233766233765,-0.7974025974025974,-1,12,10.29465158497419,0.49202625331657596
2010,Brazil,North Korea,win,1.1,9.09,28.29,2,1,-27.189999999999998,82.67,83.17,81.22,82.22,65.0,66.0,64.0,65.0,2.0,1568.0,86.0,378.0,17.67,17.17,17.22,17.22,-84.0,1190.0,1,3,2095,866,1884,542,817,80,1526,307,504,132,310,217.55196304849886,-0.31755196304849886,164.16938110749186,-0.5798045602605864,-77,569,53.382581941007004,0.2622525972120875
2018,Brazil,Switzerland,draw,1.47,4.38,8.28,1,1,-6.81,82.67,83.17,81.22,82.22,76.94,74.88,75.81,76.44,2.0,1483.0,8.0,1190.0,5.730000000000004,8.290000000000006,5.409999999999997,5.780000000000001,-6.0,293.0,0,1,2136,982,2131,623,893,12,1922,808,1184,283,1378,217.00610997963338,-0.27494908350305497,146.53465346534654,-1.3551980198019802,-11,214,70.47145651428684,1.0802489362989252
2014,Cameroon,Croatia,lose,5.38,3.9,1.67,0,4,3.71,74.31,74.56,72.81,72.75,78.12,78.5,76.75,74.62,50.0,616.0,16.0,971.0,-3.8100000000000023,-3.9399999999999977,-3.9399999999999977,-1.8700000000000045,34.0,-355.0,-4,51,1644,531,789,233,597,17,1825,263,457,138,262,148.58757062146893,-0.6854990583804144,173.7642585551331,-0.4714828897338403,34,-181,-25.17668793366417,-0.21401616864657408
2010,Cameroon,Denmark,lose,2.87,3.17,2.52,1,2,0.3500000000000001,74.31,74.56,72.81,72.75,76.78,75.11,77.06,75.5,11.0,914.0,28.0,827.0,-2.469999999999999,-0.5499999999999972,-4.25,-2.75,-17.0,87.0,-1,51,1649,488,741,215,554,32,1732,736,1364,336,1055,151.84426229508196,-0.694672131147541,185.32608695652172,-0.9769021739130435,19,-83,-33.48182466143976,0.28223004276550245
2010,Cameroon,Netherlands,lose,5.26,3.73,1.66,1,2,3.5999999999999996,74.31,74.56,72.81,72.75,81.0,81.47,80.29,78.88,11.0,914.0,3.0,1288.0,-6.689999999999998,-6.909999999999997,-7.480000000000004,-6.1299999999999955,8.0,-374.0,-1,51,1649,488,741,215,554,2,2105,717,1480,361,954,151.84426229508196,-0.694672131147541,206.41562064156207,-0.8270571827057183,49,-456,-54.57135834648011,0.13238505155817726
2014,Chile,Australia,win,1.42,4.44,8.74,3,1,-7.32,76.6,77.2,77.0,73.5,72.17,71.56,71.11,69.28,15.0,1005.0,58.0,571.0,4.429999999999993,5.640000000000001,5.890000000000001,4.219999999999999,-43.0,434.0,2,7,1963,714,1020,269,1046,49,1653,512,1054,259,592,142.85714285714286,-1.088235294117647,205.859375,-0.650390625,-42,310,-63.00223214285714,-0.43784466911764697
2010,Chile,Spain,lose,6.91,4.15,1.48,1,2,5.43,76.6,77.2,77.0,73.5,84.61,83.06,84.44,82.83,15.0,955.0,1.0,1627.0,-8.010000000000005,-5.859999999999999,-7.439999999999998,-9.329999999999998,14.0,-672.0,-1,9,1894,658,919,241,980,1,2116,587,1136,332,555,139.66565349544072,-1.1231003039513678,193.52640545144803,-0.3798977853492334,8,-222,-53.860751956007306,-0.7432025186021345
2010,Chile,Switzerland,win,2.16,3.14,3.6,1,0,-1.44,76.6,77.2,77.0,73.5,76.94,74.88,75.81,76.44,15.0,955.0,18.0,924.0,-0.3400000000000034,2.3200000000000074,1.1899999999999977,-2.9399999999999977,-3.0,31.0,1,9,1894,658,919,241,980,25,1754,724,1037,235,1302,139.66565349544072,-1.1231003039513678,143.23204419889504,-1.473756906077348,-16,140,-3.566390703454317,0.35065660212598027
2018,Colombia,England,draw,4.05,3.12,2.16,1,1,1.8899999999999997,77.9,79.2,77.6,75.9,82.44,83.5,81.56,81.06,13.0,1078.0,15.0,1047.0,-4.539999999999992,-4.299999999999997,-3.960000000000008,-5.159999999999997,-2.0,31.0,0,6,1961,564,713,221,674,7,1960,1065,2477,617,1061,126.41843971631207,-0.8031914893617021,232.58215962441312,-0.4169014084507042,-1,1,-106.16371990810106,-0.3862900809109979
2014,Colombia,Greece,win,1.86,3.25,5.09,3,0,-3.2299999999999995,77.9,79.2,77.6,75.9,75.12,75.12,74.12,75.12,4.0,1200.0,12.0,1055.0,2.780000000000001,4.079999999999998,3.4799999999999898,0.7800000000000011,-8.0,145.0,3,5,2019,515,641,198,631,44,1672,536,671,198,774,124.46601941747572,-0.8407766990291262,125.18656716417911,-1.0746268656716418,-39,347,-0.7205477467033887,0.23385016664251557
2014,Colombia,Ivory Coast,win,2.04,3.5,3.73,2,1,-1.69,77.9,79.2,77.6,75.9,76.0,77.6,75.8,73.8,4.0,1200.0,17.0,912.0,1.9000000000000057,1.6000000000000085,1.7999999999999972,2.1000000000000085,-13.0,288.0,1,5,2019,515,641,198,631,36,1690,545,893,274,568,124.46601941747572,-0.8407766990291262,163.85321100917432,-0.5394495412844037,-31,329,-39.387191591698596,-0.3013271577447225
2018,Colombia,Japan,lose,1.88,3.33,5.13,1,2,-3.25,77.9,79.2,77.6,75.9,76.0,75.0,77.0,76.0,13.0,1078.0,57.0,598.0,1.9000000000000057,4.200000000000003,0.5999999999999943,-0.09999999999999432,-44.0,480.0,-1,6,1961,564,713,221,674,36,1731,731,1266,339,906,126.41843971631207,-0.8031914893617021,173.187414500684,-0.7756497948016415,-30,230,-46.76897478437195,-0.027541694560060614
2014,Colombia,Uruguay,win,2.13,3.33,3.69,2,0,-1.56,77.9,79.2,77.6,75.9,78.38,80.69,75.44,77.0,4.0,1200.0,6.0,1132.0,-0.47999999999998977,-1.4899999999999949,2.1599999999999966,-1.0999999999999943,-2.0,68.0,2,5,2019,515,641,198,631,11,1908,883,1411,384,1119,124.46601941747572,-0.8407766990291262,159.79614949037372,-0.8323895809739524,-6,111,-35.330130072898,-0.008387118055173781
2014,Costa Rica,England,draw,4.3,3.94,1.79,0,0,2.51,73.0,73.0,73.0,74.0,82.44,83.5,81.56,81.06,31.0,743.0,13.0,1041.0,-9.439999999999998,-10.5,-8.560000000000002,-7.060000000000002,18.0,-298.0,0,15,1866,629,1164,296,724,9,1924,1014,2391,587,1022,185.0556438791733,-0.6804451510333863,235.79881656804736,-0.4289940828402367,6,-58,-50.74317268887407,-0.2514510681931496
2014,Costa Rica,Greece,draw,2.65,3.07,2.97,1,1,-0.3200000000000003,73.0,73.0,73.0,74.0,75.12,75.12,74.12,75.12,31.0,743.0,12.0,1055.0,-2.1200000000000045,-2.1200000000000045,-1.1200000000000045,-1.1200000000000045,19.0,-312.0,0,15,1866,629,1164,296,724,44,1672,536,671,198,774,185.0556438791733,-0.6804451510333863,125.18656716417911,-1.0746268656716418,-29,194,59.86907671499418,0.39418171463825546
2006,Costa Rica,Poland,lose,4.5,3.3,1.66,1,2,2.84,73.0,73.0,73.0,74.0,75.78,77.89,73.39,72.33,21.0,700.0,22.0,695.0,-2.780000000000001,-4.890000000000001,-0.39000000000000057,1.6700000000000017,-1.0,5.0,-1,50,1633,492,967,239,585,24,1780,688,1181,296,983,196.54471544715446,-0.7032520325203252,171.65697674418604,-0.998546511627907,26,-147,24.88773870296842,0.2952944791075818
2018,Costa Rica,Serbia,lose,5.26,3.38,1.85,0,1,3.4099999999999997,73.0,73.0,73.0,74.0,77.67,78.67,77.33,74.33,26.0,831.0,36.0,756.0,-4.670000000000002,-5.670000000000002,-4.329999999999998,-0.3299999999999983,-10.0,75.0,-1,40,1724,691,1234,319,797,20,1808,781,1491,367,1078,178.58176555716355,-0.6917510853835022,190.9090909090909,-0.910371318822023,20,-84,-12.327325351927357,0.21862023343852088
2006,Croatia,Australia,draw,2.23,3.2,2.95,2,2,-0.7200000000000002,78.12,78.5,76.75,74.62,72.17,71.56,71.11,69.28,20.0,701.0,48.0,610.0,5.950000000000003,6.939999999999998,5.640000000000001,5.340000000000003,-28.0,91.0,0,9,1897,174,302,84,180,30,1763,411,898,211,484,173.5632183908046,-0.5517241379310345,218.49148418491487,-0.6642335766423357,-21,134,-44.928265794110274,0.11250943871130126
2018,Croatia,Denmark,draw,1.96,3.24,4.78,1,1,-2.8200000000000003,78.12,78.5,76.75,74.62,76.78,75.11,77.06,75.5,17.0,1048.0,12.0,1099.0,1.3400000000000034,3.3900000000000006,-0.3100000000000023,-0.8799999999999955,5.0,-51.0,0,10,1925,313,543,165,309,14,1898,820,1488,373,1142,173.48242811501598,-0.46006389776357826,181.46341463414635,-0.9378048780487804,-4,27,-7.980986519130369,0.4777409802852022
2018,Croatia,England,win,3.91,2.99,2.28,2,1,1.6300000000000003,78.12,78.5,76.75,74.62,82.44,83.5,81.56,81.06,17.0,1048.0,15.0,1047.0,-4.319999999999993,-5.0,-4.810000000000002,-6.439999999999998,2.0,1.0,1,10,1925,313,543,165,309,7,1960,1065,2477,617,1061,173.48242811501598,-0.46006389776357826,232.58215962441312,-0.4169014084507042,3,-35,-59.099731509397145,-0.04316248931287403
2014,Croatia,Mexico,lose,2.67,3.46,2.64,1,3,0.029999999999999805,78.12,78.5,76.75,74.62,76.94,77.28,76.17,75.0,16.0,971.0,21.0,892.0,1.1800000000000068,1.2199999999999989,0.5799999999999983,-0.37999999999999545,-5.0,79.0,-2,17,1825,263,457,138,262,13,1892,826,1505,420,863,173.7642585551331,-0.4714828897338403,182.20338983050848,-0.5363196125907991,4,-67,-8.439131275375388,0.0648367228569588
2018,Croatia,Nigeria,win,1.68,3.75,6.03,2,0,-4.3500000000000005,78.12,78.5,76.75,74.62,77.5,78.5,71.5,75.0,17.0,1048.0,51.0,651.0,0.6200000000000045,0.0,5.25,-0.37999999999999545,-34.0,397.0,2,10,1925,313,543,165,309,42,1713,620,927,283,635,173.48242811501598,-0.46006389776357826,149.51612903225805,-0.567741935483871,-32,212,23.966299082757928,0.10767803772029272
2006,Czech Republic,Ghana,lose,1.61,3.3,5.0,0,2,-3.3899999999999997,76.13,74.8,74.47,74.27,76.0,79.5,74.5,73.5,2.0,796.0,50.0,608.0,0.12999999999999545,-4.700000000000003,-0.030000000000001137,0.769999999999996,-48.0,188.0,-2,11,1886,673,1297,328,862,34,1755,528,880,261,561,192.71916790490343,-0.7934621099554234,166.66666666666669,-0.5681818181818182,-23,131,26.052501238236744,-0.2252802917736052
2006,Czech Republic,Italy,lose,3.95,3.15,1.95,0,2,2.0,76.13,74.8,74.47,74.27,82.65,82.24,81.65,81.65,2.0,796.0,12.0,741.0,-6.52000000000001,-7.439999999999998,-7.180000000000007,-7.38000000000001,-10.0,55.0,-2,11,1886,673,1297,328,862,3,2020,662,1173,355,669,192.71916790490343,-0.7934621099554234,177.190332326284,-0.4743202416918429,8,-134,15.528835578619436,-0.31914186826358054
2018,Denmark,Australia,draw,1.93,3.4,4.58,1,1,-2.6500000000000004,76.78,75.11,77.06,75.5,72.17,71.56,71.11,69.28,12.0,1099.0,38.0,763.0,4.609999999999999,3.549999999999997,5.950000000000003,6.219999999999999,-26.0,336.0,0,14,1898,820,1488,373,1142,35,1735,560,1150,284,639,181.46341463414635,-0.9378048780487804,205.35714285714283,-0.6339285714285714,-21,163,-23.893728222996486,-0.30387630662020904
2018,Denmark,France,draw,5.37,2.74,2.08,0,0,3.29,76.78,75.11,77.06,75.5,83.28,83.28,82.56,81.72,12.0,1099.0,9.0,1183.0,-6.5,-8.170000000000002,-5.5,-6.219999999999999,3.0,-84.0,0,14,1898,820,1488,373,1142,2,2094,847,1495,413,1205,181.46341463414635,-0.9378048780487804,176.50531286894923,-0.935064935064935,12,-196,4.958101765197114,-0.0027399429838453893
2010,Denmark,Japan,lose,2.22,3.22,3.33,1,3,-1.1099999999999999,76.78,75.11,77.06,75.5,76.0,75.0,77.0,76.0,28.0,827.0,43.0,729.0,0.7800000000000011,0.10999999999999943,0.060000000000002274,-0.5,-15.0,98.0,-2,32,1732,736,1364,336,1055,18,1787,618,1038,277,783,185.32608695652172,-0.9769021739130435,167.96116504854368,-0.8187702265372169,14,-55,17.364921907978044,-0.1581319473758266
2006,Ecuador,Costa Rica,win,1.9,3.1,3.6,3,0,-1.7000000000000002,71.88,71.56,70.94,68.94,73.0,73.0,73.0,74.0,37.0,647.0,21.0,700.0,-1.1200000000000045,-1.4399999999999977,-2.0600000000000023,-5.060000000000002,16.0,-53.0,3,33,1759,377,420,101,649,50,1633,492,967,239,585,111.40583554376657,-1.453580901856764,196.54471544715446,-0.7032520325203252,-17,126,-85.13887990338789,-0.7503288693364388
2014,Ecuador,France,draw,5.42,4.12,1.62,0,0,3.8,71.88,71.56,70.94,68.94,83.28,83.28,82.56,81.72,23.0,852.0,20.0,893.0,-11.400000000000006,-11.719999999999999,-11.620000000000005,-12.780000000000001,3.0,-41.0,0,16,1847,473,557,135,774,6,1966,791,1387,375,1151,117.75898520084567,-1.3509513742071881,175.34766118836916,-0.9810366624525917,10,-119,-57.58867598752349,-0.36991471175459645
2018,Egypt,Uruguay,lose,8.23,4.1,1.51,0,1,6.720000000000001,70.7,71.0,70.6,68.4,78.38,80.69,75.44,77.0,31.0,814.0,21.0,924.0,-7.679999999999993,-9.689999999999998,-4.840000000000003,-8.599999999999994,10.0,-110.0,-1,53,1617,769,1358,387,831,11,1923,930,1482,407,1169,176.59297789336802,-0.577373211963589,159.3548387096774,-0.8193548387096774,42,-306,17.238139183690606,0.24198162674608836
2010,England,Algeria,draw,1.23,5.52,14.9,0,0,-13.67,82.44,83.5,81.56,81.06,77.0,77.0,78.0,76.0,9.0,1076.0,26.0,784.0,5.439999999999998,6.5,3.5600000000000023,5.060000000000002,-17.0,292.0,0,6,1924,967,2301,560,984,98,1464,500,680,200,531,237.952430196484,-0.4384694932781799,136.0,-0.662,-92,460,101.95243019648399,0.22353050672182012
2018,England,Belgium,lose,2.51,2.84,3.58,0,1,-1.0700000000000003,82.44,83.5,81.56,81.06,80.11,79.89,79.11,78.72,15.0,1047.0,5.0,1325.0,2.3299999999999983,3.6099999999999994,2.450000000000003,2.3400000000000034,10.0,-278.0,-1,7,1960,1065,2477,617,1061,3,2035,790,1400,338,1285,232.58215962441312,-0.4169014084507042,177.2151898734177,-1.1987341772151898,4,-75,55.36696975099542,0.7818327687644856
2006,England,Ecuador,win,1.49,3.79,7.05,1,0,-5.56,82.44,83.5,81.56,81.06,71.88,71.56,70.94,68.94,9.0,757.0,37.0,647.0,10.560000000000002,11.939999999999998,10.620000000000005,12.120000000000005,-28.0,110.0,1,7,1960,922,2206,532,946,33,1759,377,420,101,649,239.26247288503254,-0.4490238611713666,111.40583554376657,-1.453580901856764,-26,201,127.85663734126597,1.0045570406853974
2014,England,Italy,lose,2.54,2.98,3.21,1,2,-0.6699999999999999,82.44,83.5,81.56,81.06,82.65,82.24,81.65,81.65,13.0,1041.0,7.0,1120.0,-0.21000000000000796,1.2600000000000051,-0.09000000000000341,-0.5900000000000034,6.0,-79.0,-1,9,1924,1014,2391,587,1022,14,1885,767,1325,404,771,235.79881656804736,-0.4289940828402367,172.7509778357236,-0.4784876140808344,-5,39,63.047838732323754,0.04949353124059769
2018,England,Panama,win,1.22,6.33,18.11,6,1,-16.89,82.44,83.5,81.56,81.06,68.0,68.0,70.0,68.0,15.0,1047.0,55.0,636.0,14.439999999999998,15.5,11.560000000000002,13.060000000000002,-40.0,411.0,5,7,1960,1065,2477,617,1061,65,1568,490,580,151,773,232.58215962441312,-0.4169014084507042,118.36734693877551,-1.2693877551020407,-58,392,114.21481268563761,0.8524863466513365
2006,England,Paraguay,win,1.61,3.36,5.94,1,0,-4.33,82.44,83.5,81.56,81.06,74.0,75.08,72.85,71.92,9.0,757.0,30.0,672.0,8.439999999999998,8.420000000000002,8.710000000000008,9.14,-21.0,85.0,1,7,1960,922,2206,532,946,32,1760,569,774,211,841,239.26247288503254,-0.4490238611713666,136.0281195079086,-1.1072056239015817,-25,200,103.23435337712394,0.6581817627302151
2006,England,Portugal,draw,2.11,2.97,3.7,0,0,-1.5900000000000003,82.44,83.5,81.56,81.06,81.94,82.33,81.44,80.44,9.0,757.0,10.0,753.0,0.5,1.1700000000000017,0.12000000000000455,0.6200000000000045,-1.0,4.0,0,7,1960,922,2206,532,946,10,1895,453,726,203,581,239.26247288503254,-0.4490238611713666,160.26490066225165,-0.8344370860927153,-3,65,78.99757222278089,0.38541322492134866
2006,England,Trinidad and Tobago,win,1.13,5.5,15.0,2,0,-13.870000000000001,82.44,83.5,81.56,81.06,61.0,67.0,59.0,57.0,9.0,757.0,50.0,608.0,21.439999999999998,16.5,22.560000000000002,24.060000000000002,-41.0,149.0,2,7,1960,922,2206,532,946,72,1552,616,1063,281,757,239.26247288503254,-0.4490238611713666,172.56493506493507,-0.7727272727272727,-65,408,66.69753782009747,0.3237034115559061
2010,England,United States,draw,1.5,4.04,6.87,1,1,-5.37,82.44,83.5,81.56,81.06,74.39,74.0,73.67,72.5,9.0,1076.0,14.0,963.0,8.049999999999997,9.5,7.890000000000001,8.560000000000002,-5.0,113.0,0,6,1924,967,2301,560,984,23,1768,571,791,230,820,237.952430196484,-0.4384694932781799,138.52889667250437,-1.0332749562171628,-17,156,99.42353352397961,0.594805462938983
2018,France,Argentina,win,2.43,3.09,3.37,4,3,-0.94,83.28,83.28,82.56,81.72,82.53,84.74,81.05,79.47,9.0,1183.0,4.0,1348.0,0.75,-1.4599999999999937,1.5100000000000051,2.25,5.0,-165.0,1,2,2094,847,1495,413,1205,13,1915,1017,1914,544,1081,176.50531286894923,-0.935064935064935,188.20058997050145,-0.528023598820059,-11,179,-11.695277101552222,-0.40704133624487604
2018,France,Australia,win,1.26,7.16,10.92,2,1,-9.66,83.28,83.28,82.56,81.72,72.17,71.56,71.11,69.28,9.0,1183.0,38.0,763.0,11.11,11.719999999999999,11.450000000000003,12.439999999999998,-29.0,420.0,1,2,2094,847,1495,413,1205,35,1735,560,1150,284,639,176.50531286894923,-0.935064935064935,205.35714285714283,-0.6339285714285714,-33,359,-28.8518299881936,-0.30113636363636365
2018,France,Belgium,win,2.61,3.12,3.08,1,0,-0.4700000000000002,83.28,83.28,82.56,81.72,80.11,79.89,79.11,78.72,9.0,1183.0,5.0,1325.0,3.1700000000000017,3.3900000000000006,3.450000000000003,3.0,4.0,-142.0,1,2,2094,847,1495,413,1205,3,2035,790,1400,338,1285,176.50531286894923,-0.935064935064935,177.2151898734177,-1.1987341772151898,-1,59,-0.709877004468467,0.2636692421502548
2018,France,Croatia,win,2.14,3.08,4.24,4,2,-2.1,83.28,83.28,82.56,81.72,78.12,78.5,76.75,74.62,9.0,1183.0,17.0,1048.0,5.159999999999997,4.780000000000001,5.810000000000002,7.099999999999994,-8.0,135.0,2,2,2094,847,1495,413,1205,10,1925,313,543,165,309,176.50531286894923,-0.935064935064935,173.48242811501598,-0.46006389776357826,-8,169,3.022884753933255,-0.4750010373013568
2014,France,Germany,lose,2.85,3.12,2.72,0,1,0.1299999999999999,83.28,83.28,82.56,81.72,83.83,82.44,83.11,81.22,20.0,893.0,2.0,1318.0,-0.5499999999999972,0.8400000000000034,-0.5499999999999972,0.5,18.0,-425.0,-1,6,1966,791,1387,375,1151,1,2134,907,2036,527,1080,175.34766118836916,-0.9810366624525917,224.4762954796031,-0.6097023153252481,5,-168,-49.128634291233936,-0.3713343471273436
2014,France,Honduras,win,1.27,5.87,11.85,3,0,-10.58,83.28,83.28,82.56,81.72,68.5,68.0,70.0,67.5,20.0,893.0,42.0,692.0,14.780000000000001,15.280000000000001,12.560000000000002,14.219999999999999,-22.0,201.0,3,6,1966,791,1387,375,1151,68,1552,522,789,215,668,175.34766118836916,-0.9810366624525917,151.14942528735634,-0.867816091954023,-62,414,24.198235901012822,-0.1132205704985687
2010,France,Mexico,lose,2.09,3.12,3.83,0,2,-1.7400000000000002,83.28,83.28,82.56,81.72,76.94,77.28,76.17,75.0,7.0,1117.0,17.0,947.0,6.340000000000003,6.0,6.390000000000001,6.719999999999999,-10.0,170.0,-2,17,1802,737,1295,345,1115,11,1846,755,1383,381,803,175.71234735413842,-1.044776119402985,183.17880794701986,-0.5589403973509933,6,-44,-7.466460592881447,-0.48583572205199166
2014,France,Nigeria,win,1.41,4.61,8.63,2,0,-7.220000000000001,83.28,83.28,82.56,81.72,77.5,78.5,71.5,75.0,20.0,893.0,37.0,701.0,5.780000000000001,4.780000000000001,11.060000000000002,6.719999999999999,-17.0,192.0,2,6,1966,791,1387,375,1151,41,1678,582,872,264,605,175.34766118836916,-0.9810366624525917,149.82817869415808,-0.5859106529209622,-35,288,25.519482494211076,-0.39512600953162946
2018,France,Peru,win,1.61,3.89,6.56,1,0,-4.949999999999999,83.28,83.28,82.56,81.72,71.6,73.1,70.7,69.5,9.0,1183.0,11.0,1128.0,11.680000000000007,10.180000000000007,11.86,12.219999999999999,-2.0,55.0,1,2,2094,847,1495,413,1205,16,1855,628,790,204,895,176.50531286894923,-0.935064935064935,125.79617834394905,-1.1003184713375795,-14,239,50.70913452500018,0.1652535362726445
2006,France,South Korea,draw,1.44,3.5,7.0,1,1,-5.5600000000000005,83.28,83.28,82.56,81.72,71.5,71.9,70.2,68.8,5.0,768.0,29.0,680.0,11.780000000000001,11.379999999999995,12.36,12.920000000000002,-24.0,88.0,0,2,2062,686,1232,320,1073,46,1668,780,1477,432,708,179.59183673469389,-1.097667638483965,189.35897435897436,-0.35384615384615387,-44,394,-9.76713762428048,-0.7438214846378111
2006,France,Switzerland,draw,1.65,3.25,5.4,0,0,-3.7500000000000004,83.28,83.28,82.56,81.72,76.94,74.88,75.81,76.44,5.0,768.0,35.0,655.0,6.340000000000003,8.400000000000006,6.75,5.280000000000001,-30.0,113.0,0,2,2062,686,1232,320,1073,15,1847,680,978,217,1253,179.59183673469389,-1.097667638483965,143.8235294117647,-1.5235294117647058,-13,215,35.76830732292919,0.4258617732807408
2014,Germany,Algeria,win,1.31,5.57,10.19,2,1,-8.879999999999999,83.83,82.44,83.11,81.22,77.0,77.0,78.0,76.0,2.0,1318.0,26.0,792.0,6.829999999999998,5.439999999999998,5.109999999999999,5.219999999999999,-24.0,526.0,1,1,2134,907,2036,527,1080,42,1674,539,745,225,566,224.4762954796031,-0.6097023153252481,138.21892393320965,-0.6326530612244898,-41,460,86.25737154639344,0.02295074589924173
2014,Germany,Argentina,win,2.32,3.28,3.39,1,0,-1.0700000000000003,83.83,82.44,83.11,81.22,82.53,84.74,81.05,79.47,2.0,1318.0,3.0,1251.0,1.2999999999999972,-2.299999999999997,2.0600000000000023,1.75,-1.0,67.0,1,1,2134,907,2036,527,1080,2,2050,964,1814,514,1037,224.4762954796031,-0.6097023153252481,188.17427385892117,-0.5425311203319502,-1,84,36.30202162068193,-0.06717119499329793
2006,Germany,Argentina,draw,2.53,3.0,2.87,1,1,-0.3400000000000003,83.83,82.44,83.11,81.22,82.53,84.74,81.05,79.47,16.0,707.0,4.0,772.0,1.2999999999999972,-2.299999999999997,2.0600000000000023,1.75,12.0,-65.0,0,6,1977,795,1770,452,969,5,1979,851,1605,445,934,222.64150943396226,-0.650314465408805,188.60164512338423,-0.5746180963572268,1,-2,34.039864310578025,-0.07569636905157817
2010,Germany,Australia,win,1.5,3.9,7.22,4,0,-5.72,83.83,82.44,83.11,81.22,72.17,71.56,71.11,69.28,6.0,1173.0,21.0,857.0,11.659999999999997,10.879999999999995,12.0,11.939999999999998,-15.0,316.0,4,4,2067,851,1896,490,1011,22,1776,459,957,235,525,222.7967097532315,-0.6122209165687427,208.4967320261438,-0.6318082788671024,-18,291,14.299977727087708,0.01958736229835978
2006,Germany,Costa Rica,win,1.26,4.94,11.36,4,2,-10.1,83.83,82.44,83.11,81.22,73.0,73.0,73.0,74.0,16.0,707.0,21.0,700.0,10.829999999999998,9.439999999999998,10.11,7.219999999999999,-5.0,7.0,2,6,1977,795,1770,452,969,50,1633,492,967,239,585,222.64150943396226,-0.650314465408805,196.54471544715446,-0.7032520325203252,-44,344,26.096793986807796,0.0529375671115202
2010,Germany,England,win,2.89,3.03,2.61,4,1,0.28000000000000025,83.83,82.44,83.11,81.22,82.44,83.5,81.56,81.06,6.0,1173.0,9.0,1076.0,1.3900000000000006,-1.0600000000000023,1.5499999999999972,0.1599999999999966,-3.0,97.0,3,4,2067,851,1896,490,1011,6,1924,967,2301,560,984,222.7967097532315,-0.6122209165687427,237.952430196484,-0.4384694932781799,-2,143,-15.155720443252477,-0.17375142329056276
2014,Germany,Ghana,draw,1.32,5.61,9.14,2,2,-7.82,83.83,82.44,83.11,81.22,76.0,79.5,74.5,73.5,2.0,1318.0,24.0,851.0,7.829999999999998,2.9399999999999977,8.61,7.719999999999999,-22.0,467.0,0,1,2134,907,2036,527,1080,40,1683,639,1052,315,670,224.4762954796031,-0.6097023153252481,164.6322378716745,-0.5555555555555556,-39,451,59.84405760792859,-0.05414675976969252
2006,Germany,Italy,lose,2.38,2.88,3.21,0,2,-0.8300000000000001,83.83,82.44,83.11,81.22,82.65,82.24,81.65,81.65,16.0,707.0,12.0,741.0,1.1799999999999926,0.20000000000000284,1.4599999999999937,-0.4300000000000068,4.0,-34.0,-2,6,1977,795,1770,452,969,3,2020,662,1173,355,669,222.64150943396226,-0.650314465408805,177.190332326284,-0.4743202416918429,3,-43,45.45117710767826,-0.1759942237169621
2018,Germany,Mexico,lose,1.49,4.5,7.48,0,1,-5.99,83.83,82.44,83.11,81.22,76.94,77.28,76.17,75.0,1.0,1602.0,16.0,1032.0,6.890000000000001,5.159999999999997,6.939999999999998,6.219999999999999,-15.0,570.0,-1,9,1938,960,2147,557,1130,22,1787,904,1620,462,946,223.64583333333331,-0.596875,179.20353982300884,-0.5353982300884956,-13,151,44.442293510324475,-0.061476769911504414
2014,Germany,Portugal,win,2.05,3.53,3.71,4,0,-1.6600000000000001,83.83,82.44,83.11,81.22,81.94,82.33,81.44,80.44,2.0,1318.0,5.0,1172.0,1.8900000000000006,0.10999999999999943,1.6700000000000017,0.7800000000000011,-3.0,146.0,4,1,2134,907,2036,527,1080,10,1910,551,902,256,669,224.4762954796031,-0.6097023153252481,163.70235934664248,-0.7495462794918331,-9,224,60.773936132960614,0.13984396416658496
2006,Germany,Portugal,win,1.85,3.3,4.29,3,1,-2.44,83.83,82.44,83.11,81.22,81.94,82.33,81.44,80.44,16.0,707.0,10.0,753.0,1.8900000000000006,0.10999999999999943,1.6700000000000017,0.7800000000000011,6.0,-46.0,2,6,1977,795,1770,452,969,10,1895,453,726,203,581,222.64150943396226,-0.650314465408805,160.26490066225165,-0.8344370860927153,-4,82,62.37660877171061,0.18412262068391028
2010,Germany,Serbia,lose,1.62,3.73,5.72,0,1,-4.1,83.83,82.44,83.11,81.22,77.67,78.67,77.33,74.33,6.0,1173.0,19.0,916.0,6.159999999999997,3.769999999999996,5.780000000000001,6.890000000000001,-13.0,257.0,-1,4,2067,851,1896,490,1011,27,1743,698,1377,332,991,222.7967097532315,-0.6122209165687427,197.27793696275072,-0.9441260744985673,-23,324,25.518772790480796,0.33190515792982467
2010,Germany,Spain,lose,2.73,3.32,2.56,0,1,0.16999999999999993,83.83,82.44,83.11,81.22,84.61,83.06,84.44,82.83,6.0,1173.0,1.0,1627.0,-0.7800000000000011,-0.6200000000000045,-1.3299999999999983,-1.6099999999999994,5.0,-454.0,-1,4,2067,851,1896,490,1011,1,2116,587,1136,332,555,222.7967097532315,-0.6122209165687427,193.52640545144803,-0.3798977853492334,3,-49,29.270304301783483,-0.23232313121950926
2018,Germany,Sweden,win,1.46,4.63,7.64,2,1,-6.18,83.83,82.44,83.11,81.22,75.76,77.47,74.76,74.18,1.0,1602.0,18.0,1000.0,8.069999999999993,4.969999999999999,8.349999999999994,7.039999999999992,-17.0,602.0,1,9,1938,960,2147,557,1130,17,1851,1037,2088,507,1374,223.64583333333331,-0.596875,201.35004821600774,-0.8360655737704918,-8,87,22.29578511732558,0.2391905737704918
2006,Germany,Sweden,win,1.63,3.46,5.63,2,0,-4.0,83.83,82.44,83.11,81.22,75.76,77.47,74.76,74.18,16.0,707.0,14.0,731.0,8.069999999999993,4.969999999999999,8.349999999999994,7.039999999999992,2.0,-24.0,2,6,1977,795,1770,452,969,14,1870,881,1852,432,1218,222.64150943396226,-0.650314465408805,210.21566401816116,-0.8921679909194098,-8,107,12.425845415801092,0.2418535255106048
2010,Ghana,Australia,draw,2.3,3.14,3.23,1,1,-0.9300000000000002,76.0,79.5,74.5,73.5,72.17,71.56,71.11,69.28,34.0,823.0,21.0,857.0,3.8299999999999983,7.939999999999998,3.3900000000000006,4.219999999999999,13.0,-34.0,0,28,1742,583,954,287,616,22,1776,459,957,235,525,163.63636363636365,-0.5643224699828473,208.4967320261438,-0.6318082788671024,6,-34,-44.86036838978015,0.06748580888425515
2010,Ghana,Germany,lose,7.54,4.23,1.45,0,1,6.09,76.0,79.5,74.5,73.5,83.83,82.44,83.11,81.22,34.0,823.0,6.0,1173.0,-7.829999999999998,-2.9399999999999977,-8.61,-7.719999999999999,28.0,-350.0,-1,28,1742,583,954,287,616,4,2067,851,1896,490,1011,163.63636363636365,-0.5643224699828473,222.7967097532315,-0.6122209165687427,24,-325,-59.160346116867856,0.04789844658589537
2014,Ghana,United States,lose,2.42,3.4,2.97,1,2,-0.5500000000000003,76.0,79.5,74.5,73.5,74.39,74.0,73.67,72.5,24.0,851.0,14.0,1019.0,1.6099999999999994,5.5,0.8299999999999983,1.0,10.0,-168.0,-1,40,1683,639,1052,315,670,19,1813,640,901,267,896,164.6322378716745,-0.5555555555555556,140.78125,-0.9828125,21,-130,23.850987871674505,0.4272569444444444
2006,Ghana,United States,win,2.2,3.25,2.75,2,1,-0.5499999999999998,76.0,79.5,74.5,73.5,74.39,74.0,73.67,72.5,50.0,608.0,8.0,767.0,1.6099999999999994,5.5,0.8299999999999983,1.0,42.0,-159.0,1,34,1755,528,880,261,561,25,1775,502,671,192,737,166.66666666666669,-0.5681818181818182,133.66533864541833,-1.0856573705179282,9,-20,33.001328021248355,0.51747555233611
2010,Greece,Argentina,lose,7.09,4.09,1.48,0,2,5.609999999999999,75.12,75.12,74.12,75.12,82.53,84.74,81.05,79.47,13.0,1030.0,8.0,1082.0,-7.409999999999997,-9.61999999999999,-6.929999999999993,-4.349999999999994,5.0,-52.0,-2,26,1750,488,621,176,734,5,1992,905,1701,480,983,127.25409836065573,-1.1434426229508197,187.95580110497238,-0.5558011049723757,21,-242,-60.70170274431665,-0.587641517978444
2014,Greece,Ivory Coast,win,3.97,3.57,1.96,2,1,2.0100000000000002,75.12,75.12,74.12,75.12,76.0,77.6,75.8,73.8,12.0,1055.0,17.0,912.0,-0.8799999999999955,-2.4799999999999898,-1.6799999999999926,1.3200000000000074,-5.0,143.0,1,44,1672,536,671,198,774,36,1690,545,893,274,568,125.18656716417911,-1.0746268656716418,163.85321100917432,-0.5394495412844037,8,-18,-38.66664384499521,-0.5351773243872381
2010,Greece,Nigeria,win,3.77,3.18,2.07,2,1,1.7000000000000002,75.12,75.12,74.12,75.12,77.5,78.5,71.5,75.0,13.0,1030.0,22.0,956.0,-2.3799999999999955,-3.3799999999999955,2.6200000000000045,0.12000000000000455,-9.0,74.0,1,26,1750,488,621,176,734,50,1653,524,779,239,552,127.25409836065573,-1.1434426229508197,148.66412213740458,-0.5973282442748091,-24,97,-21.410023776748844,-0.5461143786760105
2010,Honduras,Chile,lose,5.68,3.47,1.68,0,1,4.0,68.5,68.0,70.0,67.5,76.6,77.2,77.0,73.5,37.0,759.0,15.0,955.0,-8.099999999999994,-9.200000000000003,-7.0,-6.0,22.0,-196.0,-1,42,1677,455,716,193,580,9,1894,658,919,241,980,157.36263736263737,-0.8505494505494505,139.66565349544072,-1.1231003039513678,33,-217,17.69698386719665,0.2725508534019173
2014,Honduras,Ecuador,lose,5.7,4.11,1.6,1,2,4.1,68.5,68.0,70.0,67.5,71.88,71.56,70.94,68.94,42.0,692.0,23.0,852.0,-3.3799999999999955,-3.5600000000000023,-0.9399999999999977,-1.4399999999999977,19.0,-160.0,-1,68,1552,522,789,215,668,16,1847,473,557,135,774,151.14942528735634,-0.867816091954023,117.75898520084567,-1.3509513742071881,52,-295,33.390440086510665,0.48313528225316515
2014,Honduras,Switzerland,lose,7.0,4.47,1.48,0,3,5.52,68.5,68.0,70.0,67.5,76.94,74.88,75.81,76.44,42.0,692.0,8.0,1113.0,-8.439999999999998,-6.8799999999999955,-5.810000000000002,-8.939999999999998,34.0,-421.0,-3,68,1552,522,789,215,668,21,1792,763,1100,256,1340,151.14942528735634,-0.867816091954023,144.16775884665793,-1.4207077326343382,47,-240,6.981666440698405,0.5528916406803153
2018,Iceland,Croatia,lose,4.31,3.94,1.84,1,2,2.4699999999999998,70.67,71.5,71.17,69.33,78.12,78.5,76.75,74.62,22.0,959.0,17.0,1048.0,-7.450000000000003,-7.0,-5.579999999999998,-5.290000000000006,5.0,-89.0,-1,46,1669,439,524,134,741,10,1925,313,543,165,309,119.36218678815489,-1.3826879271070616,173.48242811501598,-0.46006389776357826,36,-256,-54.12024132686109,-0.9226240293434833
2006,Iran,Angola,draw,2.4,3.1,2.6,1,1,-0.20000000000000018,75.0,81.0,73.0,72.0,72.0,73.0,71.0,72.0,19.0,703.0,61.0,568.0,3.0,8.0,2.0,0.0,-42.0,135.0,0,28,1768,428,822,233,360,58,1592,246,307,96,266,192.05607476635512,-0.2967289719626168,124.79674796747969,-0.6910569105691057,-30,176,67.25932679887543,0.39432793860648885
2014,Iran,Nigeria,draw,4.79,3.5,1.82,0,0,2.9699999999999998,75.0,81.0,73.0,72.0,77.5,78.5,71.5,75.0,33.0,727.0,37.0,701.0,-2.5,2.5,1.5,-3.0,-4.0,26.0,0,44,1672,546,1012,297,444,41,1678,582,872,264,605,185.34798534798534,-0.2692307692307692,149.82817869415808,-0.5859106529209622,3,-6,35.51980665382726,0.316679883690193
2018,Iran,Portugal,draw,6.23,4.06,1.6,1,1,4.630000000000001,75.0,81.0,73.0,72.0,81.94,82.33,81.44,80.44,32.0,797.0,3.0,1358.0,-6.939999999999998,-1.3299999999999983,-8.439999999999998,-8.439999999999998,29.0,-561.0,0,19,1823,597,1105,331,472,8,1959,608,1013,290,713,185.0921273031826,-0.23618090452261306,166.61184210526315,-0.6957236842105263,11,-136,18.480285197919443,0.45954277968791324
2018,Iran,Spain,lose,19.51,6.79,1.2,0,1,18.310000000000002,75.0,81.0,73.0,72.0,84.61,83.06,84.44,82.83,32.0,797.0,6.0,1231.0,-9.61,-2.0600000000000023,-11.439999999999998,-10.829999999999998,26.0,-434.0,-1,19,1823,597,1105,331,472,4,2011,692,1380,404,632,185.0921273031826,-0.23618090452261306,199.42196531791907,-0.32947976878612717,15,-188,-14.329838014736481,0.09329886426351411
2006,Italy,Australia,win,1.51,3.7,7.11,1,0,-5.6000000000000005,82.65,82.24,81.65,81.65,72.17,71.56,71.11,69.28,12.0,741.0,48.0,610.0,10.480000000000004,10.679999999999993,10.540000000000006,12.370000000000005,-36.0,131.0,1,3,2020,662,1173,355,669,30,1763,411,898,211,484,177.190332326284,-0.4743202416918429,218.49148418491487,-0.6642335766423357,-27,257,-41.301151858630874,0.18991333495049284
2014,Italy,Costa Rica,lose,1.56,4.03,6.5,0,1,-4.9399999999999995,82.65,82.24,81.65,81.65,73.0,73.0,73.0,74.0,7.0,1120.0,31.0,743.0,9.650000000000006,9.239999999999995,8.650000000000006,7.650000000000006,-24.0,377.0,-1,14,1885,767,1325,404,771,15,1866,629,1164,296,724,172.7509778357236,-0.4784876140808344,185.0556438791733,-0.6804451510333863,-1,19,-12.304666043449686,0.20195753695255192
2006,Italy,France,draw,2.51,2.79,3.07,1,1,-0.56,82.65,82.24,81.65,81.65,83.28,83.28,82.56,81.72,12.0,741.0,5.0,768.0,-0.6299999999999955,-1.0400000000000063,-0.9099999999999966,-0.06999999999999318,7.0,-27.0,0,3,2020,662,1173,355,669,2,2062,686,1232,320,1073,177.190332326284,-0.4743202416918429,179.59183673469389,-1.097667638483965,1,-42,-2.4015044084098918,0.6233473967921221
2006,Italy,Ghana,win,1.5,3.3,6.5,2,0,-5.0,82.65,82.24,81.65,81.65,76.0,79.5,74.5,73.5,12.0,741.0,50.0,608.0,6.650000000000006,2.739999999999995,7.150000000000006,8.150000000000006,-38.0,133.0,2,3,2020,662,1173,355,669,34,1755,528,880,261,561,177.190332326284,-0.4743202416918429,166.66666666666669,-0.5681818181818182,-31,265,10.523665659617308,0.09386157648997534
2010,Italy,New Zealand,draw,1.21,5.85,15.63,1,1,-14.420000000000002,82.65,82.24,81.65,81.65,65.2,66.47,61.6,63.67,4.0,1209.0,82.0,400.0,17.450000000000003,15.769999999999996,20.050000000000004,17.980000000000004,-78.0,809.0,0,12,1833,711,1246,379,714,69,1572,335,604,137,529,175.24613220815752,-0.4711673699015471,180.29850746268656,-1.1701492537313434,-57,261,-5.052375254529039,0.6989818838297963
2010,Italy,Paraguay,draw,2.13,3.02,3.84,1,1,-1.71,82.65,82.24,81.65,81.65,74.0,75.08,72.85,71.92,4.0,1209.0,29.0,806.0,8.650000000000006,7.159999999999997,8.800000000000011,9.730000000000004,-25.0,403.0,0,12,1833,711,1246,379,714,19,1785,627,838,232,896,175.24613220815752,-0.4711673699015471,133.652312599681,-1.059011164274322,-7,48,41.59381960847651,0.587843794372775
2006,Italy,Ukraine,win,1.58,3.38,6.86,3,0,-5.28,82.65,82.24,81.65,81.65,75.0,74.67,73.83,69.5,12.0,741.0,40.0,629.0,7.650000000000006,7.569999999999993,7.820000000000007,12.150000000000006,-28.0,112.0,3,3,2020,662,1173,355,669,20,1806,130,158,51,131,177.190332326284,-0.4743202416918429,121.53846153846153,-0.6153846153846154,-17,214,55.65187078782246,0.14106437369277253
2014,Italy,Uruguay,lose,2.54,3.46,2.77,0,1,-0.22999999999999998,82.65,82.24,81.65,81.65,78.38,80.69,75.44,77.0,7.0,1120.0,6.0,1132.0,4.27000000000001,1.5499999999999972,6.210000000000008,4.650000000000006,1.0,-12.0,-1,14,1885,767,1325,404,771,11,1908,883,1411,384,1119,172.7509778357236,-0.4784876140808344,159.79614949037372,-0.8323895809739524,3,-23,12.954828345349881,0.35390196689311804
2014,Ivory Coast,Japan,win,2.7,3.29,2.71,2,1,-0.009999999999999787,76.0,77.6,75.8,73.8,76.0,75.0,77.0,76.0,17.0,912.0,47.0,641.0,0.0,2.5999999999999943,-1.2000000000000028,-2.200000000000003,-30.0,271.0,1,36,1690,545,893,274,568,29,1728,677,1149,309,854,163.85321100917432,-0.5394495412844037,169.71935007385522,-0.8050221565731167,7,-38,-5.866139064680908,0.265572615288713
2010,Ivory Coast,Portugal,draw,3.81,3.15,2.09,0,0,1.7200000000000002,76.0,77.6,75.8,73.8,81.94,82.33,81.44,80.44,16.0,865.0,5.0,1176.0,-5.939999999999998,-4.730000000000004,-5.640000000000001,-6.640000000000001,11.0,-311.0,0,35,1716,496,792,244,514,8,1897,503,817,230,620,159.6774193548387,-0.5443548387096774,162.42544731610337,-0.7753479125248509,27,-181,-2.7480279612646825,0.23099307381517353
2006,Ivory Coast,Serbia,win,2.1,3.2,3.0,3,2,-0.8999999999999999,76.0,77.6,75.8,73.8,77.67,78.67,77.33,74.33,42.0,626.0,47.0,612.0,-1.6700000000000017,-1.0700000000000074,-1.5300000000000011,-0.5300000000000011,-5.0,14.0,1,27,1772,437,683,211,465,31,1761,652,1302,310,949,156.2929061784897,-0.5812356979405034,199.69325153374234,-0.9800613496932515,-4,11,-43.400345355252654,0.3988256517527481
2006,Japan,Brazil,lose,12.0,5.25,1.21,1,4,10.79,76.0,75.0,77.0,76.0,82.67,83.17,81.22,82.22,15.0,714.0,1.0,839.0,-6.670000000000002,-8.170000000000002,-4.219999999999999,-6.219999999999999,14.0,-125.0,-3,40,1729,550,924,241,730,1,2081,808,1764,502,778,168.0,-0.889090909090909,218.31683168316835,-0.3415841584158416,39,-352,-50.316831683168346,-0.5475067506750675
2010,Japan,Cameroon,win,3.61,3.11,2.16,1,0,1.4499999999999997,76.0,75.0,77.0,76.0,74.31,74.56,72.81,72.75,43.0,729.0,11.0,914.0,1.6899999999999977,0.4399999999999977,4.189999999999998,3.25,32.0,-185.0,1,18,1787,618,1038,277,783,51,1649,488,741,215,554,167.96116504854368,-0.8187702265372169,151.84426229508196,-0.694672131147541,-33,138,16.116902753461716,-0.12409809538967587
2014,Japan,Colombia,lose,3.44,3.71,2.07,1,4,1.37,76.0,75.0,77.0,76.0,77.9,79.2,77.6,75.9,47.0,641.0,4.0,1200.0,-1.9000000000000057,-4.200000000000003,-0.5999999999999943,0.09999999999999432,43.0,-559.0,-3,29,1728,677,1149,309,854,5,2019,515,641,198,631,169.71935007385522,-0.8050221565731167,124.46601941747572,-0.8407766990291262,24,-291,45.253330656379504,0.03575454245600951
2006,Japan,Croatia,draw,5.0,3.3,1.61,0,0,3.3899999999999997,76.0,75.0,77.0,76.0,78.12,78.5,76.75,74.62,15.0,714.0,20.0,701.0,-2.1200000000000045,-3.5,0.25,1.3799999999999955,-5.0,13.0,0,40,1729,550,924,241,730,9,1897,174,302,84,180,168.0,-0.889090909090909,173.5632183908046,-0.5517241379310345,31,-168,-5.563218390804593,-0.33736677115987457
2014,Japan,Greece,draw,2.37,3.4,3.05,0,0,-0.6799999999999997,76.0,75.0,77.0,76.0,75.12,75.12,74.12,75.12,47.0,641.0,12.0,1055.0,0.8799999999999955,-0.12000000000000455,2.8799999999999955,0.8799999999999955,35.0,-414.0,0,29,1728,677,1149,309,854,44,1672,536,671,198,774,169.71935007385522,-0.8050221565731167,125.18656716417911,-1.0746268656716418,-15,56,44.532782909676115,0.2696047090985251
2018,Japan,Poland,lose,2.89,3.1,2.75,0,1,0.14000000000000012,76.0,75.0,77.0,76.0,75.78,77.89,73.39,72.33,57.0,598.0,7.0,1209.0,0.21999999999999886,-2.8900000000000006,3.6099999999999994,3.6700000000000017,50.0,-611.0,-1,36,1731,731,1266,339,906,32,1752,836,1421,359,1139,173.187414500684,-0.7756497948016415,169.97607655502392,-0.9330143540669856,4,-21,3.211337945660091,0.1573645592653441
2018,Japan,Senegal,draw,3.23,2.95,2.61,2,2,0.6200000000000001,76.0,75.0,77.0,76.0,77.0,79.0,76.0,77.0,57.0,598.0,23.0,875.0,-1.0,-4.0,1.0,-1.0,34.0,-277.0,0,36,1731,731,1266,339,906,28,1758,592,782,250,586,173.187414500684,-0.7756497948016415,132.0945945945946,-0.5675675675675675,8,-27,41.0928199060894,-0.208082227234074
2006,Mexico,Angola,draw,1.4,3.5,8.0,0,0,-6.6,76.94,77.28,76.17,75.0,72.0,73.0,71.0,72.0,5.0,767.0,61.0,568.0,4.939999999999998,4.280000000000001,5.170000000000002,3.0,-56.0,199.0,0,19,1817,676,1241,337,726,58,1592,246,307,96,266,183.57988165680473,-0.5754437869822485,124.79674796747969,-0.6910569105691057,-39,225,58.78313368932504,0.11561312358685716
2014,Mexico,Cameroon,win,2.18,3.15,3.75,1,0,-1.5699999999999998,76.94,77.28,76.17,75.0,74.31,74.56,72.81,72.75,21.0,892.0,50.0,616.0,2.6299999999999955,2.719999999999999,3.3599999999999994,2.25,-29.0,276.0,1,13,1892,826,1505,420,863,51,1644,531,789,233,597,182.20338983050848,-0.5363196125907991,148.58757062146893,-0.6854990583804144,-38,248,33.61581920903956,0.14917944578961528
2018,Mexico,Sweden,lose,2.23,3.37,3.51,0,3,-1.2799999999999998,76.94,77.28,76.17,75.0,75.76,77.47,74.76,74.18,16.0,1032.0,18.0,1000.0,1.1799999999999926,-0.18999999999999773,1.4099999999999966,0.8199999999999932,-2.0,32.0,-3,22,1787,904,1620,462,946,17,1851,1037,2088,507,1374,179.20353982300884,-0.5353982300884956,201.35004821600774,-0.8360655737704918,5,-64,-22.146508392998896,0.3006673436819962
2010,Mexico,Uruguay,lose,3.72,1.91,3.7,0,1,0.020000000000000018,76.94,77.28,76.17,75.0,78.38,80.69,75.44,77.0,17.0,947.0,20.0,909.0,-1.4399999999999977,-3.4099999999999966,0.730000000000004,-2.0,-3.0,38.0,-1,11,1846,755,1383,381,803,10,1892,827,1315,356,1055,183.17880794701986,-0.5589403973509933,159.00846432889963,-0.845223700120919,1,-46,24.170343618120228,0.28628330276992564
2018,Morocco,Iran,lose,2.21,2.99,4.19,0,1,-1.9800000000000004,77.0,78.5,72.5,78.5,75.0,81.0,73.0,72.0,40.0,748.0,32.0,797.0,2.0,-2.5,-0.5,6.5,8.0,-49.0,-1,37,1730,624,909,292,559,19,1823,597,1105,331,472,145.6730769230769,-0.42788461538461536,185.0921273031826,-0.23618090452261306,18,-93,-39.41905038010569,-0.1917037108620023
2014,Netherlands,Argentina,draw,3.0,3.22,2.56,0,0,0.43999999999999995,81.0,81.47,80.29,78.88,82.53,84.74,81.05,79.47,9.0,1106.0,3.0,1251.0,-1.5300000000000011,-3.269999999999996,-0.7599999999999909,-0.5900000000000034,6.0,-145.0,0,4,2030,770,1599,390,1004,2,2050,964,1814,514,1037,207.66233766233765,-0.7974025974025974,188.17427385892117,-0.5425311203319502,2,-20,19.48806380341648,-0.2548714770706473
2006,Netherlands,Argentina,draw,3.4,3.0,2.0,0,0,1.4,81.0,81.47,80.29,78.88,82.53,84.74,81.05,79.47,3.0,790.0,4.0,772.0,-1.5300000000000011,-3.269999999999996,-0.7599999999999909,-0.5900000000000034,-1.0,18.0,0,4,1991,662,1371,321,917,5,1979,851,1605,445,934,207.09969788519635,-0.9003021148036254,188.60164512338423,-0.5746180963572268,-1,12,18.49805276181212,-0.3256840184463986
2010,Netherlands,Brazil,win,4.06,3.27,1.97,2,1,2.09,81.0,81.47,80.29,78.88,82.67,83.17,81.22,82.22,3.0,1288.0,2.0,1568.0,-1.6700000000000017,-1.7000000000000028,-0.9299999999999926,-3.3400000000000034,1.0,-280.0,1,2,2105,717,1480,361,954,3,2095,866,1884,542,817,206.41562064156207,-0.8270571827057183,217.55196304849886,-0.31755196304849886,-1,10,-11.136342406936791,-0.5095052196572194
2014,Netherlands,Chile,win,2.65,3.52,2.63,2,0,0.020000000000000018,81.0,81.47,80.29,78.88,76.6,77.2,77.0,73.5,9.0,1106.0,15.0,1005.0,4.400000000000006,4.269999999999996,3.2900000000000063,5.3799999999999955,-6.0,101.0,2,4,2030,770,1599,390,1004,7,1963,714,1020,269,1046,207.66233766233765,-0.7974025974025974,142.85714285714286,-1.088235294117647,-3,67,64.80519480519479,0.2908326967150495
2014,Netherlands,Costa Rica,draw,1.52,4.16,7.04,0,0,-5.52,81.0,81.47,80.29,78.88,73.0,73.0,73.0,74.0,9.0,1106.0,31.0,743.0,8.0,8.469999999999999,7.290000000000006,4.8799999999999955,-22.0,363.0,0,4,2030,770,1599,390,1004,15,1866,629,1164,296,724,207.66233766233765,-0.7974025974025974,185.0556438791733,-0.6804451510333863,-11,164,22.60669378316436,-0.11695744636921113
2010,Netherlands,Denmark,win,1.51,3.93,7.0,2,0,-5.49,81.0,81.47,80.29,78.88,76.78,75.11,77.06,75.5,3.0,1288.0,28.0,827.0,4.219999999999999,6.359999999999999,3.230000000000004,3.3799999999999955,-25.0,461.0,2,2,2105,717,1480,361,954,32,1732,736,1364,336,1055,206.41562064156207,-0.8270571827057183,185.32608695652172,-0.9769021739130435,-30,373,21.08953368504035,0.1498449912073252
2006,Netherlands,Ivory Coast,win,1.9,3.1,3.6,2,1,-1.7000000000000002,81.0,81.47,80.29,78.88,76.0,77.6,75.8,73.8,3.0,790.0,42.0,626.0,5.0,3.8700000000000045,4.490000000000009,5.079999999999998,-39.0,164.0,1,4,1991,662,1371,321,917,27,1772,437,683,211,465,207.09969788519635,-0.9003021148036254,156.2929061784897,-0.5812356979405034,-23,219,50.80679170670666,-0.319066416863122
2010,Netherlands,Japan,win,1.43,4.1,8.4,1,0,-6.970000000000001,81.0,81.47,80.29,78.88,76.0,75.0,77.0,76.0,3.0,1288.0,43.0,729.0,5.0,6.469999999999999,3.2900000000000063,2.8799999999999955,-40.0,559.0,1,2,2105,717,1480,361,954,18,1787,618,1038,277,783,206.41562064156207,-0.8270571827057183,167.96116504854368,-0.8187702265372169,-16,318,38.454455593018395,-0.008286956168501391
2014,Netherlands,Mexico,win,2.11,3.35,3.72,2,1,-1.6100000000000003,81.0,81.47,80.29,78.88,76.94,77.28,76.17,75.0,9.0,1106.0,21.0,892.0,4.060000000000002,4.189999999999998,4.1200000000000045,3.8799999999999955,-12.0,214.0,1,4,2030,770,1599,390,1004,13,1892,826,1505,420,863,207.66233766233765,-0.7974025974025974,182.20338983050848,-0.5363196125907991,-9,138,25.458947831829164,-0.26108298481179837
2010,Netherlands,Slovakia,win,1.39,4.35,9.14,2,1,-7.750000000000001,81.0,81.47,80.29,78.88,73.0,68.0,75.0,78.0,3.0,1288.0,33.0,752.0,8.0,13.469999999999999,5.290000000000006,0.8799999999999955,-30.0,536.0,1,2,2105,717,1480,361,954,48,1657,213,312,81,299,206.41562064156207,-0.8270571827057183,146.47887323943664,-1.0234741784037558,-46,448,59.936747402125434,0.1964169956980375
2010,Netherlands,Spain,lose,3.78,3.33,2.02,0,1,1.7599999999999998,81.0,81.47,80.29,78.88,84.61,83.06,84.44,82.83,3.0,1288.0,1.0,1627.0,-3.6099999999999994,-1.5900000000000034,-4.1499999999999915,-3.950000000000003,2.0,-339.0,-1,2,2105,717,1480,361,954,1,2116,587,1136,332,555,206.41562064156207,-0.8270571827057183,193.52640545144803,-0.3798977853492334,1,-11,12.889215190114044,-0.44715939735648486
2010,New Zealand,Slovakia,draw,7.41,3.91,1.49,1,1,5.92,65.2,66.47,61.6,63.67,73.0,68.0,75.0,78.0,82.0,400.0,33.0,752.0,-7.799999999999997,-1.5300000000000011,-13.399999999999999,-14.329999999999998,49.0,-352.0,0,69,1572,335,604,137,529,48,1657,213,312,81,299,180.29850746268656,-1.1701492537313434,146.47887323943664,-1.0234741784037558,21,-85,33.81963422324992,-0.1466750753275876
2018,Nigeria,Argentina,lose,5.87,5.08,1.51,1,2,4.36,77.5,78.5,71.5,75.0,82.53,84.74,81.05,79.47,51.0,651.0,4.0,1348.0,-5.030000000000001,-6.239999999999995,-9.549999999999997,-4.469999999999999,47.0,-697.0,-1,42,1713,620,927,283,635,13,1915,1017,1914,544,1081,149.51612903225805,-0.567741935483871,188.20058997050145,-0.528023598820059,29,-202,-38.684460938243404,-0.03971833666381197
2014,Nigeria,Argentina,lose,9.01,4.09,1.45,2,3,7.56,77.5,78.5,71.5,75.0,82.53,84.74,81.05,79.47,37.0,701.0,3.0,1251.0,-5.030000000000001,-6.239999999999995,-9.549999999999997,-4.469999999999999,34.0,-550.0,-1,41,1678,582,872,264,605,2,2050,964,1814,514,1037,149.82817869415808,-0.5859106529209622,188.17427385892117,-0.5425311203319502,39,-372,-38.346095164763085,-0.04337953258901206
2014,Nigeria,Bosnia and Herzegovina,win,4.23,3.65,1.87,1,0,2.3600000000000003,77.5,78.5,71.5,75.0,74.0,77.0,75.0,72.0,37.0,701.0,19.0,899.0,3.5,1.5,-3.5,3.0,18.0,-198.0,1,41,1678,582,872,264,605,35,1710,170,244,65,238,149.82817869415808,-0.5859106529209622,143.52941176470588,-1.0176470588235293,6,-32,6.298766929452199,0.4317364059025671
2018,Nigeria,Iceland,win,3.0,3.07,2.68,2,0,0.31999999999999984,77.5,78.5,71.5,75.0,70.67,71.5,71.17,69.33,51.0,651.0,22.0,959.0,6.829999999999998,7.0,0.3299999999999983,5.670000000000002,29.0,-308.0,2,42,1713,620,927,283,635,46,1669,439,524,134,741,149.51612903225805,-0.567741935483871,119.36218678815489,-1.3826879271070616,-4,44,30.153942244103163,0.8149459916231906
2010,Nigeria,South Korea,draw,2.89,3.28,2.44,2,2,0.4500000000000002,77.5,78.5,71.5,75.0,71.5,71.9,70.2,68.8,22.0,956.0,52.0,634.0,6.0,6.599999999999994,1.2999999999999972,6.200000000000003,-30.0,322.0,0,50,1653,524,779,239,552,30,1741,840,1557,460,755,148.66412213740458,-0.5973282442748091,185.35714285714286,-0.35119047619047616,20,-88,-36.693020719738286,-0.24613776808433296
2010,North Korea,Ivory Coast,lose,8.81,4.88,1.35,0,3,7.460000000000001,65.0,66.0,64.0,65.0,76.0,77.6,75.8,73.8,86.0,378.0,16.0,865.0,-11.0,-11.599999999999994,-11.799999999999997,-8.799999999999997,70.0,-487.0,-3,80,1526,307,504,132,310,35,1716,496,792,244,514,164.16938110749186,-0.5798045602605864,159.6774193548387,-0.5443548387096774,45,-190,4.491961752653168,-0.035449721550908975
2018,Panama,Tunisia,lose,4.38,3.73,1.86,1,2,2.5199999999999996,68.0,68.0,70.0,68.0,71.0,69.5,70.0,71.0,55.0,636.0,27.0,915.0,-3.0,-1.5,0.0,-3.0,28.0,-279.0,-1,65,1568,490,580,151,773,48,1650,657,931,269,746,118.36734693877551,-1.2693877551020407,141.7047184170472,-0.726027397260274,17,-82,-23.337371478271677,-0.5433603578417667
2010,Paraguay,Japan,draw,2.17,3.13,3.59,0,0,-1.42,74.0,75.08,72.85,71.92,76.0,75.0,77.0,76.0,29.0,806.0,43.0,729.0,-2.0,0.0799999999999983,-4.150000000000006,-4.079999999999998,-14.0,77.0,0,19,1785,627,838,232,896,18,1787,618,1038,277,783,133.652312599681,-1.059011164274322,167.96116504854368,-0.8187702265372169,1,-2,-34.308852448862666,-0.2402409377371052
2010,Paraguay,New Zealand,draw,1.39,4.4,8.85,0,0,-7.46,74.0,75.08,72.85,71.92,65.2,66.47,61.6,63.67,29.0,806.0,82.0,400.0,8.799999999999997,8.61,11.249999999999993,8.25,-53.0,406.0,0,19,1785,627,838,232,896,69,1572,335,604,137,529,133.652312599681,-1.059011164274322,180.29850746268656,-1.1701492537313434,-50,213,-46.64619486300555,0.1111380894570213
2010,Paraguay,Spain,lose,8.43,4.2,1.42,0,1,7.01,74.0,75.08,72.85,71.92,84.61,83.06,84.44,82.83,29.0,806.0,1.0,1627.0,-10.61,-7.980000000000004,-11.590000000000003,-10.909999999999997,28.0,-821.0,-1,19,1785,627,838,232,896,1,2116,587,1136,332,555,133.652312599681,-1.059011164274322,193.52640545144803,-0.3798977853492334,18,-331,-59.87409285176702,-0.6791133789250887
2006,Paraguay,Trinidad and Tobago,win,1.8,3.75,3.3,2,0,-1.4999999999999998,74.0,75.08,72.85,71.92,61.0,67.0,59.0,57.0,30.0,672.0,50.0,608.0,13.0,8.079999999999998,13.849999999999994,14.920000000000002,-20.0,64.0,2,32,1760,569,774,211,841,72,1552,616,1063,281,757,136.0281195079086,-1.1072056239015817,172.56493506493507,-0.7727272727272727,-40,208,-36.53681555702647,-0.334478351174309
2018,Peru,Denmark,lose,3.65,3.09,2.34,0,1,1.31,71.6,73.1,70.7,69.5,76.78,75.11,77.06,75.5,11.0,1128.0,12.0,1099.0,-5.180000000000007,-2.010000000000005,-6.359999999999999,-6.0,-1.0,29.0,-1,16,1855,628,790,204,895,14,1898,820,1488,373,1142,125.79617834394905,-1.1003184713375795,181.46341463414635,-0.9378048780487804,2,-43,-55.667236290197295,-0.1625135932887991
2018,Poland,Colombia,lose,3.48,3.45,2.21,0,3,1.27,75.78,77.89,73.39,72.33,77.9,79.2,77.6,75.9,7.0,1209.0,13.0,1078.0,-2.1200000000000045,-1.3100000000000023,-4.209999999999994,-3.5700000000000074,-6.0,131.0,-3,32,1752,836,1421,359,1139,6,1961,564,713,221,674,169.97607655502392,-0.9330143540669856,126.41843971631207,-0.8031914893617021,26,-209,43.55763683871186,-0.12982286470528348
2006,Poland,Ecuador,lose,1.9,3.25,3.75,0,2,-1.85,75.78,77.89,73.39,72.33,71.88,71.56,70.94,68.94,22.0,695.0,37.0,647.0,3.9000000000000057,6.329999999999998,2.450000000000003,3.3900000000000006,-15.0,48.0,-2,24,1780,688,1181,296,983,33,1759,377,420,101,649,171.65697674418604,-0.998546511627907,111.40583554376657,-1.453580901856764,-9,21,60.25114120041947,0.45503439022885706
2018,Poland,Senegal,lose,2.5,3.04,3.34,1,2,-0.8399999999999999,75.78,77.89,73.39,72.33,77.0,79.0,76.0,77.0,7.0,1209.0,23.0,875.0,-1.2199999999999989,-1.1099999999999994,-2.6099999999999994,-4.670000000000002,-16.0,334.0,-1,32,1752,836,1421,359,1139,28,1758,592,782,250,586,169.97607655502392,-0.9330143540669856,132.0945945945946,-0.5675675675675675,4,-6,37.88148196042931,-0.3654467864994181
2010,Portugal,Brazil,draw,3.51,2.93,2.33,0,0,1.1799999999999997,81.94,82.33,81.44,80.44,82.67,83.17,81.22,82.22,5.0,1176.0,2.0,1568.0,-0.730000000000004,-0.8400000000000034,0.21999999999999886,-1.7800000000000011,3.0,-392.0,0,8,1897,503,817,230,620,3,2095,866,1884,542,817,162.42544731610337,-0.7753479125248509,217.55196304849886,-0.31755196304849886,5,-198,-55.12651573239549,-0.45779594947635205
2006,Portugal,France,lose,3.82,2.87,2.13,0,1,1.69,81.94,82.33,81.44,80.44,83.28,83.28,82.56,81.72,10.0,753.0,5.0,768.0,-1.3400000000000034,-0.9500000000000028,-1.1200000000000045,-1.2800000000000011,5.0,-15.0,-1,10,1895,453,726,203,581,2,2062,686,1232,320,1073,160.26490066225165,-0.8344370860927153,179.59183673469389,-1.097667638483965,8,-167,-19.326936072442237,0.2632305523912497
2014,Portugal,Ghana,win,1.78,4.68,3.74,2,1,-1.9600000000000002,81.94,82.33,81.44,80.44,76.0,79.5,74.5,73.5,5.0,1172.0,24.0,851.0,5.939999999999998,2.8299999999999983,6.939999999999998,6.939999999999998,-19.0,321.0,1,10,1910,551,902,256,669,40,1683,639,1052,315,670,163.70235934664248,-0.7495462794918331,164.6322378716745,-0.5555555555555556,-30,227,-0.9298785250320236,-0.19399072393627748
2006,Portugal,Iran,win,1.3,4.0,9.5,2,0,-8.2,81.94,82.33,81.44,80.44,75.0,81.0,73.0,72.0,10.0,753.0,19.0,703.0,6.939999999999998,1.3299999999999983,8.439999999999998,8.439999999999998,-9.0,50.0,2,10,1895,453,726,203,581,28,1768,428,822,233,360,160.26490066225165,-0.8344370860927153,192.05607476635512,-0.2967289719626168,-18,127,-31.791174104103476,-0.5377081141300984
2006,Portugal,Mexico,win,2.2,2.62,3.5,2,1,-1.2999999999999998,81.94,82.33,81.44,80.44,76.94,77.28,76.17,75.0,10.0,753.0,5.0,767.0,5.0,5.049999999999997,5.269999999999996,5.439999999999998,5.0,-14.0,1,10,1895,453,726,203,581,19,1817,676,1241,337,726,160.26490066225165,-0.8344370860927153,183.57988165680473,-0.5754437869822485,-9,78,-23.314980994553082,-0.25899329911046676
2018,Portugal,Morocco,win,1.69,3.72,6.11,1,0,-4.42,81.94,82.33,81.44,80.44,77.0,78.5,72.5,78.5,3.0,1358.0,40.0,748.0,4.939999999999998,3.8299999999999983,8.939999999999998,1.9399999999999977,-37.0,610.0,1,8,1959,608,1013,290,713,37,1730,624,909,292,559,166.61184210526315,-0.6957236842105263,145.6730769230769,-0.42788461538461536,-29,229,20.938765182186245,-0.26783906882591096
2006,Portugal,Netherlands,win,3.1,3.03,2.35,1,0,0.75,81.94,82.33,81.44,80.44,81.0,81.47,80.29,78.88,10.0,753.0,3.0,790.0,0.9399999999999977,0.8599999999999994,1.1499999999999915,1.5600000000000023,7.0,-37.0,1,10,1895,453,726,203,581,4,1991,662,1371,321,917,160.26490066225165,-0.8344370860927153,207.09969788519635,-0.9003021148036254,6,-96,-46.8347972229447,0.06586502871091016
2010,Portugal,North Korea,win,1.36,4.44,9.84,7,0,-8.48,81.94,82.33,81.44,80.44,65.0,66.0,64.0,65.0,5.0,1176.0,86.0,378.0,16.939999999999998,16.33,17.439999999999998,15.439999999999998,-81.0,798.0,7,8,1897,503,817,230,620,80,1526,307,504,132,310,162.42544731610337,-0.7753479125248509,164.16938110749186,-0.5798045602605864,-72,371,-1.7439337913884856,-0.19554335226426456
2018,Portugal,Spain,draw,4.39,3.23,2.04,3,3,2.3499999999999996,81.94,82.33,81.44,80.44,84.61,83.06,84.44,82.83,3.0,1358.0,6.0,1231.0,-2.6700000000000017,-0.730000000000004,-3.0,-2.3900000000000006,-3.0,127.0,0,8,1959,608,1013,290,713,4,2011,692,1380,404,632,166.61184210526315,-0.6957236842105263,199.42196531791907,-0.32947976878612717,4,-52,-32.810123212655924,-0.36624391542439916
2018,Russia,Croatia,draw,4.11,3.16,2.12,2,2,1.9900000000000002,77.53,77.53,76.2,75.4,78.12,78.5,76.75,74.62,64.0,534.0,17.0,1048.0,-0.5900000000000034,-0.9699999999999989,-0.5499999999999972,0.7800000000000011,47.0,-514.0,0,30,1753,715,1249,368,705,10,1925,313,543,165,309,174.68531468531467,-0.47132867132867134,173.48242811501598,-0.46006389776357826,20,-172,1.2028865702986877,-0.01126477356509309
2018,Russia,Egypt,win,1.97,3.54,4.26,3,1,-2.29,77.53,77.53,76.2,75.4,70.7,71.0,70.6,68.4,64.0,534.0,31.0,814.0,6.829999999999998,6.530000000000001,5.6000000000000085,7.0,33.0,-280.0,2,30,1753,715,1249,368,705,53,1617,769,1358,387,831,174.68531468531467,-0.47132867132867134,176.59297789336802,-0.577373211963589,-23,136,-1.90766320805335,0.1060445406349177
2018,Russia,Saudi Arabia,win,1.46,4.3,8.99,5,0,-7.53,77.53,77.53,76.2,75.4,71.5,72.0,72.0,72.0,64.0,534.0,63.0,522.0,6.030000000000001,5.530000000000001,4.200000000000003,3.4000000000000057,1.0,12.0,5,30,1753,715,1249,368,705,62,1580,704,1124,341,766,174.68531468531467,-0.47132867132867134,159.6590909090909,-0.6036931818181818,-32,173,15.026223776223759,0.13236451048951042
2014,Russia,South Korea,draw,1.81,3.6,4.64,1,1,-2.8299999999999996,77.53,77.53,76.2,75.4,71.5,71.9,70.2,68.8,22.0,870.0,54.0,581.0,6.030000000000001,5.6299999999999955,6.0,6.6000000000000085,-32.0,289.0,0,24,1779,667,1176,351,641,54,1633,896,1640,485,827,176.311844077961,-0.43478260869565216,183.03571428571428,-0.38169642857142855,-30,146,-6.723870207753265,-0.053086180124223614
2018,Russia,Spain,draw,6.4,4.07,1.59,1,1,4.8100000000000005,77.53,77.53,76.2,75.4,84.61,83.06,84.44,82.83,64.0,534.0,6.0,1231.0,-7.079999999999998,-5.530000000000001,-8.239999999999995,-7.429999999999993,58.0,-697.0,0,30,1753,715,1249,368,705,4,2011,692,1380,404,632,174.68531468531467,-0.47132867132867134,199.42196531791907,-0.32947976878612717,26,-258,-24.73665063260441,-0.14184890254254418
2018,Russia,Uruguay,lose,2.93,3.05,2.76,0,3,0.17000000000000037,77.53,77.53,76.2,75.4,78.38,80.69,75.44,77.0,64.0,534.0,21.0,924.0,-0.8499999999999943,-3.1599999999999966,0.7600000000000051,-1.5999999999999943,43.0,-390.0,-3,30,1753,715,1249,368,705,11,1923,930,1482,407,1169,174.68531468531467,-0.47132867132867134,159.3548387096774,-0.8193548387096774,19,-170,15.330475975637256,0.34802616738100606
2018,Saudi Arabia,Egypt,win,5.22,3.59,1.78,2,1,3.4399999999999995,71.5,72.0,72.0,72.0,70.7,71.0,70.6,68.4,63.0,522.0,31.0,814.0,0.7999999999999972,1.0,1.4000000000000057,3.5999999999999943,32.0,-292.0,1,62,1580,704,1124,341,766,53,1617,769,1358,387,831,159.6590909090909,-0.6036931818181818,176.59297789336802,-0.577373211963589,9,-37,-16.93388698427711,-0.02631996985459273
2006,Saudi Arabia,Spain,lose,16.03,6.71,1.14,0,1,14.89,71.5,72.0,72.0,72.0,84.61,83.06,84.44,82.83,33.0,663.0,5.0,768.0,-13.11,-11.060000000000002,-12.439999999999998,-10.829999999999998,28.0,-105.0,-1,55,1599,523,858,257,577,12,1884,526,1003,279,517,164.05353728489484,-0.6118546845124283,190.68441064638785,-0.4524714828897338,43,-285,-26.630873361493002,-0.15938320162269448
2006,Saudi Arabia,Ukraine,lose,7.0,3.75,1.4,0,4,5.6,71.5,72.0,72.0,72.0,75.0,74.67,73.83,69.5,33.0,663.0,40.0,629.0,-3.5,-2.6700000000000017,-1.8299999999999983,2.5,-7.0,34.0,-4,55,1599,523,858,257,577,20,1806,130,158,51,131,164.05353728489484,-0.6118546845124283,121.53846153846153,-0.6153846153846154,35,-207,42.51507574643331,0.0035299308721871148
2018,Senegal,Colombia,lose,5.05,3.73,1.77,0,1,3.28,77.0,79.0,76.0,77.0,77.9,79.2,77.6,75.9,23.0,875.0,13.0,1078.0,-0.9000000000000057,-0.20000000000000284,-1.5999999999999943,1.0999999999999943,10.0,-203.0,-1,28,1758,592,782,250,586,6,1961,564,713,221,674,132.0945945945946,-0.5675675675675675,126.41843971631207,-0.8031914893617021,22,-203,5.676154878282546,0.2356239217941346
2018,Serbia,Brazil,lose,7.43,4.58,1.47,0,2,5.96,77.67,78.67,77.33,74.33,82.67,83.17,81.22,82.22,36.0,756.0,2.0,1483.0,-5.0,-4.5,-3.8900000000000006,-7.890000000000001,34.0,-727.0,-2,20,1808,781,1491,367,1078,1,2136,982,2131,623,893,190.9090909090909,-0.910371318822023,217.00610997963338,-0.27494908350305497,19,-328,-26.097019070542473,-0.635422235318968
2010,Serbia,Ghana,lose,2.03,3.22,3.91,0,1,-1.8800000000000003,77.67,78.67,77.33,74.33,76.0,79.5,74.5,73.5,19.0,916.0,34.0,823.0,1.6700000000000017,-0.8299999999999983,2.8299999999999983,0.8299999999999983,-15.0,93.0,-1,27,1743,698,1377,332,991,28,1742,583,954,287,616,197.27793696275072,-0.9441260744985673,163.63636363636365,-0.5643224699828473,-1,1,33.64157332638706,-0.37980360451572004
2006,Serbia,Netherlands,lose,4.12,3.06,1.89,0,1,2.2300000000000004,77.67,78.67,77.33,74.33,81.0,81.47,80.29,78.88,47.0,612.0,3.0,790.0,-3.3299999999999983,-2.799999999999997,-2.960000000000008,-4.549999999999997,44.0,-178.0,-1,31,1761,652,1302,310,949,4,1991,662,1371,321,917,199.69325153374234,-0.9800613496932515,207.09969788519635,-0.9003021148036254,27,-230,-7.406446351454008,-0.07975923488962611
2018,Serbia,Switzerland,lose,2.8,3.02,2.94,1,2,-0.14000000000000012,77.67,78.67,77.33,74.33,76.94,74.88,75.81,76.44,36.0,756.0,8.0,1190.0,0.730000000000004,3.7900000000000063,1.519999999999996,-2.1099999999999994,28.0,-434.0,-1,20,1808,781,1491,367,1078,12,1922,808,1184,283,1378,190.9090909090909,-0.910371318822023,146.53465346534654,-1.3551980198019802,8,-114,44.37443744374437,0.44482670097995713
2010,Slovakia,Italy,win,6.78,3.82,1.54,3,2,5.24,73.0,68.0,75.0,78.0,82.65,82.24,81.65,81.65,33.0,752.0,4.0,1209.0,-9.650000000000006,-14.239999999999995,-6.650000000000006,-3.6500000000000057,29.0,-457.0,1,48,1657,213,312,81,299,12,1833,711,1246,379,714,146.47887323943664,-1.0234741784037558,175.24613220815752,-0.4711673699015471,36,-176,-28.76725896872088,-0.5523068085022087
2010,Slovakia,Paraguay,lose,3.78,3.21,2.05,0,2,1.73,73.0,68.0,75.0,78.0,74.0,75.08,72.85,71.92,33.0,752.0,29.0,806.0,-1.0,-7.079999999999998,2.1500000000000057,6.079999999999998,4.0,-54.0,-2,48,1657,213,312,81,299,19,1785,627,838,232,896,146.47887323943664,-1.0234741784037558,133.652312599681,-1.059011164274322,29,-128,12.826560639755627,0.03553698587056631
2010,Slovenia,England,lose,7.78,4.17,1.44,0,1,6.34,72.5,71.5,71.56,69.56,82.44,83.5,81.56,81.06,31.0,767.0,9.0,1076.0,-9.939999999999998,-12.0,-10.0,-11.5,22.0,-309.0,-1,39,1694,170,212,59,219,6,1924,967,2301,560,984,124.70588235294117,-0.9411764705882353,237.952430196484,-0.4384694932781799,33,-230,-113.24654784354281,-0.5027069773100554
2010,Slovenia,United States,draw,3.64,3.18,2.11,2,2,1.5300000000000002,72.5,71.5,71.56,69.56,74.39,74.0,73.67,72.5,31.0,767.0,14.0,963.0,-1.8900000000000006,-2.5,-2.1099999999999994,-2.9399999999999977,17.0,-196.0,0,39,1694,170,212,59,219,23,1768,571,791,230,820,124.70588235294117,-0.9411764705882353,138.52889667250437,-1.0332749562171628,16,-74,-13.8230143195632,0.09209848562892753
2010,South Africa,France,win,3.44,3.4,2.1,2,1,1.3399999999999999,70.93,69.79,70.29,68.64,83.28,83.28,82.56,81.72,85.0,391.0,7.0,1117.0,-12.349999999999994,-13.489999999999995,-12.269999999999996,-13.079999999999998,78.0,-726.0,1,58,1608,315,437,140,369,17,1802,737,1295,345,1115,138.73015873015873,-0.726984126984127,175.71234735413842,-1.044776119402985,41,-194,-36.98218862397968,0.317791992418858
2010,South Africa,Mexico,draw,2.87,3.14,2.55,1,1,0.3200000000000003,70.93,69.79,70.29,68.64,76.94,77.28,76.17,75.0,85.0,391.0,17.0,947.0,-6.009999999999991,-7.489999999999995,-5.8799999999999955,-6.359999999999999,68.0,-556.0,0,58,1608,315,437,140,369,11,1846,755,1383,381,803,138.73015873015873,-0.726984126984127,183.17880794701986,-0.5589403973509933,47,-238,-44.44864921686113,-0.16804372963313363
2010,South Africa,Uruguay,lose,3.22,3.04,2.39,0,3,0.8300000000000001,70.93,69.79,70.29,68.64,78.38,80.69,75.44,77.0,85.0,391.0,20.0,909.0,-7.449999999999989,-10.899999999999991,-5.1499999999999915,-8.36,65.0,-518.0,-3,58,1608,315,437,140,369,10,1892,827,1315,356,1055,138.73015873015873,-0.726984126984127,159.00846432889963,-0.845223700120919,48,-284,-20.2783055987409,0.11823957313679201
2014,South Korea,Algeria,lose,2.49,3.29,2.94,2,4,-0.44999999999999973,71.5,71.9,70.2,68.8,77.0,77.0,78.0,76.0,54.0,581.0,26.0,792.0,-5.5,-5.099999999999994,-7.799999999999997,-7.200000000000003,28.0,-211.0,-2,54,1633,896,1640,485,827,42,1674,539,745,225,566,183.03571428571428,-0.38169642857142855,138.21892393320965,-0.6326530612244898,12,-41,44.816790352504626,0.2509566326530613
2014,South Korea,Belgium,lose,4.64,3.55,1.83,0,1,2.8099999999999996,71.5,71.9,70.2,68.8,80.11,79.89,79.11,78.72,54.0,581.0,11.0,1098.0,-8.61,-7.989999999999995,-8.909999999999997,-9.920000000000002,43.0,-517.0,-1,54,1633,896,1640,485,827,12,1899,739,1266,301,1236,183.03571428571428,-0.38169642857142855,171.31258457374832,-1.2652232746955345,42,-266,11.723129711965953,0.8835268461241059
2018,South Korea,Germany,win,19.05,8.18,1.17,2,0,17.880000000000003,71.5,71.9,70.2,68.8,83.83,82.44,83.11,81.22,60.0,569.0,1.0,1602.0,-12.329999999999998,-10.539999999999992,-12.909999999999997,-12.420000000000002,59.0,-1033.0,2,23,1778,958,1739,519,879,9,1938,960,2147,557,1130,181.52400835073067,-0.3757828810020877,223.64583333333331,-0.596875,14,-160,-42.12182498260265,0.22109211899791237
2010,South Korea,Greece,win,2.71,3.0,2.82,2,0,-0.10999999999999988,71.5,71.9,70.2,68.8,75.12,75.12,74.12,75.12,52.0,634.0,13.0,1030.0,-3.6200000000000045,-3.219999999999999,-3.9200000000000017,-6.320000000000007,39.0,-396.0,2,30,1741,840,1557,460,755,26,1750,488,621,176,734,185.35714285714286,-0.35119047619047616,127.25409836065573,-1.1434426229508197,4,-9,58.10304449648713,0.7922521467603435
2018,South Korea,Mexico,lose,5.63,3.81,1.7,1,2,3.9299999999999997,71.5,71.9,70.2,68.8,76.94,77.28,76.17,75.0,60.0,569.0,16.0,1032.0,-5.439999999999998,-5.3799999999999955,-5.969999999999999,-6.200000000000003,44.0,-463.0,-1,23,1778,958,1739,519,879,22,1787,904,1620,462,946,181.52400835073067,-0.3757828810020877,179.20353982300884,-0.5353982300884956,1,-9,2.320468527721829,0.15961534908640795
2006,South Korea,Togo,win,2.04,2.87,3.5,2,1,-1.46,71.5,71.9,70.2,68.8,62.0,67.0,65.0,54.0,29.0,680.0,56.0,585.0,9.5,4.900000000000006,5.200000000000003,14.799999999999997,-27.0,95.0,1,46,1668,780,1477,432,708,97,1438,334,366,107,468,189.35897435897436,-0.35384615384615387,109.5808383233533,-1.0808383233532934,-51,230,79.77813603562106,0.7269921695071395
2014,Spain,Chile,lose,1.57,4.45,5.52,0,2,-3.9499999999999993,84.61,83.06,84.44,82.83,76.6,77.2,77.0,73.5,1.0,1507.0,15.0,1005.0,8.010000000000005,5.859999999999999,7.439999999999998,9.329999999999998,-14.0,502.0,-2,8,1954,644,1266,373,594,7,1963,714,1020,269,1046,196.58385093167703,-0.34316770186335405,142.85714285714286,-1.088235294117647,1,-9,53.72670807453417,0.7450675922542929
2006,Spain,France,lose,2.32,2.99,3.16,1,3,-0.8400000000000003,84.61,83.06,84.44,82.83,83.28,83.28,82.56,81.72,5.0,768.0,5.0,768.0,1.3299999999999983,-0.21999999999999886,1.8799999999999955,1.1099999999999994,0.0,0.0,-2,12,1884,526,1003,279,517,2,2062,686,1232,320,1073,190.68441064638785,-0.4524714828897338,179.59183673469389,-1.097667638483965,10,-178,11.092573911693961,0.6451961555942312
2010,Spain,Honduras,win,1.11,8.36,22.57,2,0,-21.46,84.61,83.06,84.44,82.83,68.5,68.0,70.0,67.5,1.0,1627.0,37.0,759.0,16.11,15.060000000000002,14.439999999999998,15.329999999999998,-36.0,868.0,2,1,2116,587,1136,332,555,42,1677,455,716,193,580,193.52640545144803,-0.3798977853492334,157.36263736263737,-0.8505494505494505,-41,439,36.163768088810656,0.4706516652002171
2018,Spain,Morocco,draw,1.35,5.08,10.24,2,2,-8.89,84.61,83.06,84.44,82.83,77.0,78.5,72.5,78.5,6.0,1231.0,40.0,748.0,7.609999999999999,4.560000000000002,11.939999999999998,4.329999999999998,-34.0,483.0,0,4,2011,692,1380,404,632,37,1730,624,909,292,559,199.42196531791907,-0.32947976878612717,145.6730769230769,-0.42788461538461536,-33,281,53.74888839484217,0.0984048465984882
2014,Spain,Netherlands,lose,1.83,3.35,5.06,1,5,-3.2299999999999995,84.61,83.06,84.44,82.83,81.0,81.47,80.29,78.88,1.0,1507.0,9.0,1106.0,3.6099999999999994,1.5900000000000034,4.1499999999999915,3.950000000000003,-8.0,401.0,-4,8,1954,644,1266,373,594,4,2030,770,1599,390,1004,196.58385093167703,-0.34316770186335405,207.66233766233765,-0.7974025974025974,4,-76,-11.078486730660615,0.4542348955392434
2010,Spain,Portugal,win,1.98,3.19,4.16,1,0,-2.18,84.61,83.06,84.44,82.83,81.94,82.33,81.44,80.44,1.0,1627.0,5.0,1176.0,2.6700000000000017,0.730000000000004,3.0,2.3900000000000006,-4.0,451.0,1,1,2116,587,1136,332,555,8,1897,503,817,230,620,193.52640545144803,-0.3798977853492334,162.42544731610337,-0.7753479125248509,-7,219,31.100958135344655,0.3954501271756175
2010,Spain,Switzerland,lose,1.27,5.16,13.02,0,1,-11.75,84.61,83.06,84.44,82.83,76.94,74.88,75.81,76.44,1.0,1627.0,18.0,924.0,7.670000000000002,8.180000000000007,8.629999999999995,6.390000000000001,-17.0,703.0,-1,1,2116,587,1136,332,555,25,1754,724,1037,235,1302,193.52640545144803,-0.3798977853492334,143.23204419889504,-1.473756906077348,-24,362,50.29436125255299,1.0938591207281148
2006,Spain,Tunisia,win,1.3,4.0,9.5,3,1,-8.2,84.61,83.06,84.44,82.83,71.0,69.5,70.0,71.0,5.0,768.0,28.0,685.0,13.61,13.560000000000002,14.439999999999998,11.829999999999998,-23.0,83.0,2,12,1884,526,1003,279,517,49,1644,520,725,209,607,190.68441064638785,-0.4524714828897338,139.4230769230769,-0.7653846153846153,-37,240,51.26133372331094,0.3129131324948815
2006,Spain,Ukraine,win,1.8,3.0,4.33,4,0,-2.5300000000000002,84.61,83.06,84.44,82.83,75.0,74.67,73.83,69.5,5.0,768.0,40.0,629.0,9.61,8.39,10.61,13.329999999999998,-35.0,139.0,4,12,1884,526,1003,279,517,20,1806,130,158,51,131,190.68441064638785,-0.4524714828897338,121.53846153846153,-0.6153846153846154,-8,78,69.14594910792631,0.1629131324948816
2018,Sweden,England,lose,5.19,3.36,1.85,0,2,3.3400000000000003,75.76,77.47,74.76,74.18,82.44,83.5,81.56,81.06,18.0,1000.0,15.0,1047.0,-6.679999999999993,-6.030000000000001,-6.799999999999997,-6.8799999999999955,3.0,-47.0,-2,17,1851,1037,2088,507,1374,7,1960,1065,2477,617,1061,201.35004821600774,-0.8360655737704918,232.58215962441312,-0.4169014084507042,10,-109,-31.232111408405387,-0.4191641653197876
2006,Sweden,England,draw,3.1,2.62,2.37,2,2,0.73,75.76,77.47,74.76,74.18,82.44,83.5,81.56,81.06,14.0,731.0,9.0,757.0,-6.679999999999993,-6.030000000000001,-6.799999999999997,-6.8799999999999955,5.0,-26.0,0,14,1870,881,1852,432,1218,7,1960,922,2206,532,946,210.21566401816116,-0.8921679909194098,239.26247288503254,-0.4490238611713666,7,-90,-29.046808866871373,-0.4431441297480432
2006,Sweden,Paraguay,win,1.9,3.1,3.6,1,0,-1.7000000000000002,75.76,77.47,74.76,74.18,74.0,75.08,72.85,71.92,14.0,731.0,30.0,672.0,1.7600000000000051,2.3900000000000006,1.9100000000000108,2.260000000000005,-16.0,59.0,1,14,1870,881,1852,432,1218,32,1760,569,774,211,841,210.21566401816116,-0.8921679909194098,136.0281195079086,-1.1072056239015817,-18,110,74.18754451025256,0.21503763298217193
2018,Sweden,South Korea,win,2.25,3.05,3.91,1,0,-1.6600000000000001,75.76,77.47,74.76,74.18,71.5,71.9,70.2,68.8,18.0,1000.0,60.0,569.0,4.260000000000005,5.569999999999993,4.560000000000002,5.38000000000001,-42.0,431.0,1,17,1851,1037,2088,507,1374,23,1778,958,1739,519,879,201.35004821600774,-0.8360655737704918,181.52400835073067,-0.3757828810020877,-6,73,19.826039865277068,-0.46028269276840417
2018,Sweden,Switzerland,win,3.37,2.95,2.54,1,0,0.8300000000000001,75.76,77.47,74.76,74.18,76.94,74.88,75.81,76.44,18.0,1000.0,8.0,1190.0,-1.1799999999999926,2.5900000000000034,-1.0499999999999972,-2.259999999999991,10.0,-190.0,1,17,1851,1037,2088,507,1374,12,1922,808,1184,283,1378,201.35004821600774,-0.8360655737704918,146.53465346534654,-1.3551980198019802,5,-71,54.8153947506612,0.5191324460314883
2018,Switzerland,Costa Rica,draw,1.59,3.68,7.53,2,2,-5.94,76.94,74.88,75.81,76.44,73.0,73.0,73.0,74.0,8.0,1190.0,26.0,831.0,3.9399999999999977,1.8799999999999955,2.8100000000000023,2.4399999999999977,-18.0,359.0,0,12,1922,808,1184,283,1378,40,1724,691,1234,319,797,146.53465346534654,-1.3551980198019802,178.58176555716355,-0.6917510853835022,-28,198,-32.04711209181701,-0.663446934418478
2014,Switzerland,Ecuador,win,2.41,3.19,3.16,2,1,-0.75,76.94,74.88,75.81,76.44,71.88,71.56,70.94,68.94,8.0,1113.0,23.0,852.0,5.060000000000002,3.319999999999993,4.8700000000000045,7.5,-15.0,261.0,1,21,1792,763,1100,256,1340,16,1847,473,557,135,774,144.16775884665793,-1.4207077326343382,117.75898520084567,-1.3509513742071881,5,-55,26.40877364581226,-0.06975635842715011
2014,Switzerland,France,lose,4.46,3.51,1.87,2,5,2.59,76.94,74.88,75.81,76.44,83.28,83.28,82.56,81.72,8.0,1113.0,20.0,893.0,-6.340000000000003,-8.400000000000006,-6.75,-5.280000000000001,-12.0,220.0,-3,21,1792,763,1100,256,1340,6,1966,791,1387,375,1151,144.16775884665793,-1.4207077326343382,175.34766118836916,-0.9810366624525917,15,-174,-31.179902341711227,-0.43967107018174656
2010,Switzerland,Honduras,draw,1.52,4.0,6.64,0,0,-5.119999999999999,76.94,74.88,75.81,76.44,68.5,68.0,70.0,67.5,18.0,924.0,37.0,759.0,8.439999999999998,6.8799999999999955,5.810000000000002,8.939999999999998,-19.0,165.0,0,25,1754,724,1037,235,1302,42,1677,455,716,193,580,143.23204419889504,-1.473756906077348,157.36263736263737,-0.8505494505494505,-17,77,-14.130593163742333,-0.6232074555278976
2006,Switzerland,South Korea,win,1.99,2.83,4.41,2,0,-2.42,76.94,74.88,75.81,76.44,71.5,71.9,70.2,68.8,35.0,655.0,29.0,680.0,5.439999999999998,2.9799999999999898,5.609999999999999,7.640000000000001,6.0,-25.0,2,15,1847,680,978,217,1253,46,1668,780,1477,432,708,143.8235294117647,-1.5235294117647058,189.35897435897436,-0.35384615384615387,-31,179,-45.53544494720967,-1.1696832579185519
2006,Switzerland,Ukraine,draw,2.41,3.02,3.08,0,0,-0.6699999999999999,76.94,74.88,75.81,76.44,75.0,74.67,73.83,69.5,35.0,655.0,40.0,629.0,1.9399999999999977,0.20999999999999375,1.980000000000004,6.939999999999998,-5.0,26.0,0,15,1847,680,978,217,1253,20,1806,130,158,51,131,143.8235294117647,-1.5235294117647058,121.53846153846153,-0.6153846153846154,-5,41,22.285067873303163,-0.9081447963800904
2006,Togo,France,lose,14.43,6.91,1.14,0,2,13.29,62.0,67.0,65.0,54.0,83.28,83.28,82.56,81.72,56.0,585.0,5.0,768.0,-21.28,-16.28,-17.560000000000002,-27.72,51.0,-183.0,-2,97,1438,334,366,107,468,2,2062,686,1232,320,1073,109.5808383233533,-1.0808383233532934,179.59183673469389,-1.097667638483965,95,-624,-70.01099841134058,0.01682931513067154
2006,Togo,Switzerland,lose,6.5,3.6,1.44,0,2,5.0600000000000005,62.0,67.0,65.0,54.0,76.94,74.88,75.81,76.44,56.0,585.0,35.0,655.0,-14.939999999999998,-7.8799999999999955,-10.810000000000002,-22.439999999999998,21.0,-70.0,-2,97,1438,334,366,107,468,15,1847,680,978,217,1253,109.5808383233533,-1.0808383233532934,143.8235294117647,-1.5235294117647058,82,-409,-34.24269108841139,0.44269108841141236
2018,Tunisia,England,lose,8.73,4.26,1.48,1,2,7.25,71.0,69.5,70.0,71.0,82.44,83.5,81.56,81.06,27.0,915.0,15.0,1047.0,-11.439999999999998,-14.0,-11.560000000000002,-10.060000000000002,12.0,-132.0,-1,48,1650,657,931,269,746,7,1960,1065,2477,617,1061,141.7047184170472,-0.726027397260274,232.58215962441312,-0.4169014084507042,41,-310,-90.87744120736593,-0.30912598880956976
2006,Ukraine,Tunisia,win,1.59,3.58,6.2,1,0,-4.61,75.0,74.67,73.83,69.5,71.0,69.5,70.0,71.0,40.0,629.0,28.0,685.0,4.0,5.170000000000002,3.8299999999999983,-1.5,12.0,-56.0,1,20,1806,130,158,51,131,49,1644,520,725,209,607,121.53846153846153,-0.6153846153846154,139.4230769230769,-0.7653846153846153,-29,162,-17.884615384615373,0.1499999999999999
2010,United States,Algeria,win,1.87,3.55,4.1,1,0,-2.2299999999999995,74.39,74.0,73.67,72.5,77.0,77.0,78.0,76.0,14.0,963.0,26.0,784.0,-2.6099999999999994,-3.0,-4.329999999999998,-3.5,-12.0,179.0,1,23,1768,571,791,230,820,98,1464,500,680,200,531,138.52889667250437,-1.0332749562171628,136.0,-0.662,-75,304,2.5288966725043736,-0.3712749562171628
2014,United States,Germany,lose,8.13,3.07,1.68,0,1,6.450000000000001,74.39,74.0,73.67,72.5,83.83,82.44,83.11,81.22,14.0,1019.0,2.0,1318.0,-9.439999999999998,-8.439999999999998,-9.439999999999998,-8.719999999999999,12.0,-299.0,-1,19,1813,640,901,267,896,1,2134,907,2036,527,1080,140.78125,-0.9828125,224.4762954796031,-0.6097023153252481,18,-321,-83.6950454796031,-0.3731101846747519
2010,United States,Ghana,lose,2.42,3.06,3.13,1,2,-0.71,74.39,74.0,73.67,72.5,76.0,79.5,74.5,73.5,14.0,963.0,34.0,823.0,-1.6099999999999994,-5.5,-0.8299999999999983,-1.0,-20.0,140.0,-1,23,1768,571,791,230,820,28,1742,583,954,287,616,138.52889667250437,-1.0332749562171628,163.63636363636365,-0.5643224699828473,-5,26,-25.10746696385928,-0.4689524862343155
2014,United States,Portugal,draw,4.42,4.09,1.75,2,2,2.67,74.39,74.0,73.67,72.5,81.94,82.33,81.44,80.44,14.0,1019.0,5.0,1172.0,-7.549999999999997,-8.329999999999998,-7.769999999999996,-7.939999999999998,9.0,-153.0,0,19,1813,640,901,267,896,10,1910,551,902,256,669,140.78125,-0.9828125,163.70235934664248,-0.7495462794918331,9,-97,-22.92110934664248,-0.23326622050816692
2014,Uruguay,Costa Rica,lose,1.43,4.31,8.8,1,3,-7.370000000000001,78.38,80.69,75.44,77.0,73.0,73.0,73.0,74.0,6.0,1132.0,31.0,743.0,5.3799999999999955,7.689999999999998,2.4399999999999977,3.0,-25.0,389.0,-2,11,1908,883,1411,384,1119,15,1866,629,1164,296,724,159.79614949037372,-0.8323895809739524,185.0556438791733,-0.6804451510333863,-4,42,-25.259494388799567,-0.15194442994056612
2014,Uruguay,England,win,3.76,3.76,1.95,2,1,1.8099999999999998,78.38,80.69,75.44,77.0,82.44,83.5,81.56,81.06,6.0,1132.0,13.0,1041.0,-4.060000000000002,-2.8100000000000023,-6.1200000000000045,-4.060000000000002,-7.0,91.0,1,11,1908,883,1411,384,1119,9,1924,1014,2391,587,1022,159.79614949037372,-0.8323895809739524,235.79881656804736,-0.4289940828402367,2,-16,-76.00266707767364,-0.4033954981337157
2018,Uruguay,France,lose,4.69,3.1,2.02,0,2,2.6700000000000004,78.38,80.69,75.44,77.0,83.28,83.28,82.56,81.72,21.0,924.0,9.0,1183.0,-4.900000000000006,-2.5900000000000034,-7.1200000000000045,-4.719999999999999,12.0,-259.0,-2,11,1923,930,1482,407,1169,2,2094,847,1495,413,1205,159.3548387096774,-0.8193548387096774,176.50531286894923,-0.935064935064935,9,-171,-17.150474159271823,0.11571009635525764
2010,Uruguay,France,draw,3.56,3.13,2.17,0,0,1.3900000000000001,78.38,80.69,75.44,77.0,83.28,83.28,82.56,81.72,20.0,909.0,7.0,1117.0,-4.900000000000006,-2.5900000000000034,-7.1200000000000045,-4.719999999999999,13.0,-208.0,0,10,1892,827,1315,356,1055,17,1802,737,1295,345,1115,159.00846432889963,-0.845223700120919,175.71234735413842,-1.044776119402985,-7,90,-16.70388302523878,0.19955241928206602
2010,Uruguay,Germany,lose,3.92,3.64,1.89,2,3,2.0300000000000002,78.38,80.69,75.44,77.0,83.83,82.44,83.11,81.22,20.0,909.0,6.0,1173.0,-5.450000000000003,-1.75,-7.670000000000002,-4.219999999999999,14.0,-264.0,-1,10,1892,827,1315,356,1055,4,2067,851,1896,490,1011,159.00846432889963,-0.845223700120919,222.7967097532315,-0.6122209165687427,6,-175,-63.788245424331876,-0.2330027835521763
2010,Uruguay,Ghana,draw,1.88,3.27,4.35,1,1,-2.4699999999999998,78.38,80.69,75.44,77.0,76.0,79.5,74.5,73.5,20.0,909.0,34.0,823.0,2.3799999999999955,1.1899999999999977,0.9399999999999977,3.5,-14.0,86.0,0,10,1892,827,1315,356,1055,28,1742,583,954,287,616,159.00846432889963,-0.845223700120919,163.63636363636365,-0.5643224699828473,-18,150,-4.62789930746402,-0.28090123013807167
2010,Uruguay,Netherlands,lose,5.52,3.52,1.67,2,3,3.8499999999999996,78.38,80.69,75.44,77.0,81.0,81.47,80.29,78.88,20.0,909.0,3.0,1288.0,-2.6200000000000045,-0.7800000000000011,-4.8500000000000085,-1.8799999999999955,17.0,-379.0,-1,10,1892,827,1315,356,1055,2,2105,717,1480,361,954,159.00846432889963,-0.845223700120919,206.41562064156207,-0.8270571827057183,8,-213,-47.40715631266244,-0.0181665174152007
2018,Uruguay,Portugal,win,3.03,3.0,2.75,2,1,0.2799999999999998,78.38,80.69,75.44,77.0,81.94,82.33,81.44,80.44,21.0,924.0,3.0,1358.0,-3.5600000000000023,-1.6400000000000006,-6.0,-3.4399999999999977,18.0,-434.0,1,11,1923,930,1482,407,1169,8,1959,608,1013,290,713,159.3548387096774,-0.8193548387096774,166.61184210526315,-0.6957236842105263,3,-36,-7.257003395585741,-0.12363115449915107
2018,Uruguay,Saudi Arabia,win,1.21,6.75,18.4,1,0,-17.189999999999998,78.38,80.69,75.44,77.0,71.5,72.0,72.0,72.0,21.0,924.0,63.0,522.0,6.8799999999999955,8.689999999999998,3.4399999999999977,5.0,-42.0,402.0,1,11,1923,930,1482,407,1169,62,1580,704,1124,341,766,159.3548387096774,-0.8193548387096774,159.6590909090909,-0.6036931818181818,-51,343,-0.30425219941349724,-0.21566165689149563
2010,Uruguay,South Korea,win,1.85,3.27,4.7,2,1,-2.85,78.38,80.69,75.44,77.0,71.5,71.9,70.2,68.8,20.0,909.0,52.0,634.0,6.8799999999999955,8.789999999999992,5.239999999999995,8.200000000000003,-32.0,275.0,1,10,1892,827,1315,356,1055,30,1741,840,1557,460,755,159.00846432889963,-0.845223700120919,185.35714285714286,-0.35119047619047616,-20,151,-26.348678528243227,-0.4940332239304428
