Elo_ranking,Country_simp,Elo_rating,avg_rank,avg_rating,total_game,total_wins,total_lose,total_draw,goal_for,goal_against,year
1,Brazil,2081,5,1984,808,502,137,169,1764,778,2006
2,France,2062,18,1756,686,320,225,141,1232,1073,2006
3,Italy,2020,8,1911,662,355,132,175,1173,669,2006
4,Netherlands,1991,16,1821,662,321,194,147,1371,917,2006
5,Argentina,1979,5,1982,851,445,193,213,1605,934,2006
6,Germany,1977,8,1892,795,452,178,165,1770,969,2006
7,England,1960,4,1982,922,532,177,213,2206,946,2006
8,Denmark,1902,20,1793,692,318,242,132,1304,1007,2006
9,Croatia,1897,12,1878,174,84,37,53,302,180,2006
10,Portugal,1895,21,1763,453,203,148,102,726,581,2006
11,Czech Republic,1886,11,1871,673,328,195,150,1297,862,2006
12,Spain,1884,8,1922,526,279,112,135,1003,517,2006
13,Romania,1874,26,1715,594,266,185,143,997,789,2006
14,Sweden,1870,15,1794,881,432,256,193,1852,1218,2006
15,Switzerland,1847,29,1660,680,217,318,145,978,1253,2006
16,Turkey,1843,44,1581,440,154,183,103,578,690,2006
17,Greece,1839,51,1521,441,153,184,104,555,682,2006
18,Uruguay,1821,12,1875,777,333,259,185,1226,1000,2006
19,Mexico,1817,21,1761,676,337,177,162,1241,726,2006
20,Ukraine,1806,44,1670,130,51,38,41,158,131,2006
21,Colombia,1790,58,1540,419,148,154,117,502,548,2006
22,Cameroon,1787,52,1593,443,193,117,133,664,504,2006
23,Nigeria,1785,40,1659,475,216,127,132,718,515,2006
24,Poland,1780,29,1704,688,296,232,160,1181,983,2006
25,United States,1775,44,1614,502,192,198,112,671,737,2006
26,Russia,1773,23,1733,580,305,123,152,1035,571,2006
27,Ivory Coast,1772,45,1628,437,211,117,109,683,465,2006
28,Iran,1768,42,1631,428,233,97,98,822,360,2006
29,Norway,1766,38,1602,694,242,295,157,1062,1234,2006
30,Australia,1763,34,1659,411,211,117,83,898,484,2006
31,Serbia,1761,18,1789,652,310,203,139,1302,949,2006
32,Paraguay,1760,22,1757,569,211,215,143,774,841,2006
33,Ecuador,1759,74,1447,377,101,181,95,420,649,2006
34,Ghana,1755,42,1651,528,261,138,129,880,561,2006
35,Ireland,1747,22,1612,531,185,224,122,716,944,2006
36,Austria,1738,11,1901,688,332,201,155,1250,844,2006
37,Honduras,1737,62,1476,386,157,122,107,605,509,2006
38,Chile,1736,30,1647,594,207,258,129,837,914,2006
38,Bulgaria,1736,37,1635,595,224,226,145,875,897,2006
40,Japan,1729,68,1398,550,241,198,111,924,730,2006
41,Egypt,1725,33,1667,613,296,161,156,1074,688,2006
42,Slovakia,1717,35,1684,167,65,61,41,238,231,2006
43,Israel,1713,48,1614,360,134,139,87,555,511,2006
44,Finland,1686,63,1473,622,145,352,125,747,1442,2006
45,Belgium,1674,23,1736,656,263,254,139,1140,1134,2006
46,South Korea,1668,36,1672,780,432,158,190,1477,708,2006
47,Senegal,1655,58,1568,473,193,150,130,601,477,2006
48,Morocco,1653,40,1664,500,231,123,146,715,466,2006
49,Tunisia,1644,51,1602,520,209,169,142,725,607,2006
50,Costa Rica,1633,34,1690,492,239,149,104,967,585,2006
51,Peru,1630,35,1661,488,153,214,121,631,723,2006
52,Scotland,1629,17,1830,664,280,243,141,1243,1082,2006
53,Venezuela,1626,96,1349,253,55,155,43,256,555,2006
54,Jamaica,1610,86,1376,465,174,182,109,612,649,2006
55,Iraq,1599,43,1633,462,238,101,123,852,417,2006
55,China,1599,43,1593,504,264,142,98,1025,538,2006
55,Saudi Arabia,1599,80,1470,523,257,147,119,858,577,2006
58,Angola,1592,78,1483,246,96,72,78,307,266,2006
59,Canada,1589,44,1601,281,100,118,63,299,400,2006
60,Hungary,1585,15,1864,838,405,255,178,1817,1276,2006
61,Cuba,1579,76,1439,340,138,116,86,498,420,2006
61,Guinea,1579,67,1528,421,160,134,127,610,510,2006
63,Oman,1577,151,1060,290,92,137,61,382,498,2006
63,Wales,1577,19,1665,548,162,264,122,696,967,2006
65,Uzbekistan,1572,60,1587,128,63,39,26,272,171,2006
66,Bolivia,1564,60,1483,344,81,181,82,370,683,2006
67,Slovenia,1563,55,1611,129,42,50,37,157,179,2006
67,Mali,1563,68,1520,418,167,145,106,537,511,2006
67,Belarus,1563,88,1472,105,28,50,27,122,165,2006
70,Bosnia and Herzegovina,1562,60,1585,92,30,38,24,113,134,2006
71,Jordan,1556,124,1243,275,87,116,72,300,368,2006
72,Trinidad and Tobago,1552,54,1517,616,281,206,129,1063,757,2006
73,Qatar,1550,103,1348,363,148,121,94,511,433,2006
74,Zambia,1548,53,1576,579,282,158,139,1013,611,2006
75,Guatemala,1545,63,1486,413,144,151,118,590,581,2006
76,North Ireland,1536,34,1669,434,116,212,106,458,708,2006
77,Libya,1531,73,1529,118,32,54,32,143,174,2006
78,Georgia,1528,60,1584,129,44,62,23,181,193,2006
79,New Zealand,1519,61,1502,304,129,126,49,573,482,2006
80,Albania,1509,74,1481,216,46,131,39,182,391,2006
81,Cyprus,1507,100,1366,259,48,168,43,227,618,2006
82,Lithuania,1505,85,1251,230,65,120,45,269,449,2006
83,Panama,1503,110,1287,309,83,154,72,365,569,2006
84,Iceland,1496,83,1388,309,90,164,55,360,552,2006
85,North Korea,1495,50,1630,239,107,67,65,406,244,2006
86,UAE,1492,106,1334,390,144,143,103,518,518,2006
87,Kuwait,1487,79,1473,493,223,152,118,831,543,2006
88,Latvia,1486,75,1393,268,85,122,61,353,460,2006
89,Bahrain,1485,118,1292,335,101,145,89,386,478,2006
90,Syria,1483,89,1398,353,125,141,87,503,473,2006
91,South Africa,1477,22,1751,236,104,77,55,337,305,2006
92,DR Congo,1475,54,1582,353,147,113,93,572,444,2006
93,North Cyprus,1469,80,1466,13,7,4,2,23,18,2006
94,Zimbabwe,1463,72,1488,339,146,108,85,492,396,2006
95,Libya,1444,76,1482,277,99,122,56,412,410,2006
96,Haiti,1442,78,1400,366,162,128,76,635,512,2006
97,Togo,1438,82,1457,334,107,142,85,366,468,2006
98,Burkina Faso,1427,102,1372,281,85,123,73,337,437,2006
99,Algeria,1419,46,1646,457,182,143,132,634,481,2006
99,Moldova,1419,97,1432,107,22,61,24,84,189,2006
101,Estonia,1407,90,1304,305,68,167,70,328,588,2006
102,Ethiopia,1403,87,1424,300,116,124,60,451,449,2006
103,Uganda,1395,69,1492,478,195,160,123,796,649,2006
104,Guadeloupe,1394,80,1432,166,72,65,29,287,251,2006
105,Gabon,1392,97,1391,281,93,114,74,337,372,2006
106,Armenia,1385,117,1349,106,18,65,23,74,213,2006
107,Martinique,1377,71,1473,238,110,74,54,465,331,2006
108,Kosovo,1373,109,1386,4,1,3,0,8,6,2006
109,Sudan,1372,76,1492,328,120,127,81,424,439,2006
110,El Salvador,1371,66,1472,423,144,188,91,573,679,2006
111,Congo,1370,70,1511,341,134,129,78,528,465,2006
112,St Vincent/Gren,1359,92,1375,207,79,79,49,349,369,2006
113,Solomon Isl,1353,143,1174,126,53,50,23,290,280,2006
114,Turkmenistan,1350,97,1430,76,29,31,16,129,116,2006
114,Azerbaijan,1350,107,1393,128,23,76,29,98,239,2006
116,Gambia,1348,115,1306,172,44,81,47,178,260,2006
117,Lebanon,1346,106,1314,204,59,89,56,274,337,2006
118,Thailand,1345,112,1294,682,247,279,156,1071,1105,2006
119,Guyana,1331,95,1301,298,84,152,62,353,527,2006
120,Kazakhstan,1328,83,1483,93,25,45,23,107,142,2006
120,Tajikistan,1328,101,1412,59,22,28,9,95,102,2006
122,Cape Verde,1325,130,1239,97,27,50,20,83,128,2006
123,Fiji,1318,122,1247,189,87,71,31,440,334,2006
123,Kenya,1318,83,1379,522,200,198,124,778,774,2006
123,Barbados,1318,109,1264,235,77,94,64,300,369,2006
126,Malawi,1315,110,1326,442,159,162,121,575,610,2006
127,Niger,1310,131,1227,140,30,77,33,138,269,2006
128,Tanzania,1307,114,1277,391,110,176,105,476,642,2006
129,Botswana,1306,161,1079,143,29,71,43,100,224,2006
130,Rwanda,1302,153,1139,119,35,52,32,122,176,2006
131,Sierra Leone,1299,96,1385,215,66,95,54,210,289,2006
132,Singapore,1286,127,1234,537,160,270,107,714,1011,2006
133,Mozambique,1282,118,1313,204,60,95,49,223,287,2006
134,Indonesia,1281,89,1387,588,219,257,112,1003,987,2006
135,Liberia,1280,104,1357,219,58,111,50,208,333,2006
135,Benin,1280,107,1350,204,40,118,46,202,417,2006
137,Réunion,1278,126,1137,96,32,48,16,153,219,2006
138,Mauritius,1260,86,1411,212,75,91,46,335,321,2006
138,Burundi,1260,119,1291,91,28,44,19,100,145,2006
140,Malta,1258,106,1353,274,34,191,49,172,656,2006
141,Chad,1255,128,1251,97,20,54,23,99,185,2006
142,Yemen,1247,138,1215,135,33,81,21,156,324,2006
143,Tahiti,1243,82,1457,180,105,51,24,554,262,2006
144,Hong Kong,1240,110,1319,353,128,159,66,588,620,2006
145,Vanuatu,1236,153,1081,139,36,85,18,233,337,2006
146,Suriname,1233,71,1434,399,172,131,96,733,549,2006
147,St Kitts/Nevis,1228,130,1173,127,57,51,19,247,202,2006
148,Palestine,1226,121,1223,109,20,64,25,134,225,2006
149,Guinea-Bissau,1224,119,1289,107,31,52,24,113,175,2006
149,C African Rep,1224,115,1312,72,14,45,13,86,162,2006
151,Vietnam,1220,117,1291,326,133,137,56,606,540,2006
152,French Guiana,1215,117,1248,83,17,46,20,101,168,2006
153,Zanzibar,1211,150,1049,158,24,110,24,122,385,2006
154,Mayotte,1207,152,1214,4,1,2,1,3,5,2006
155,Namibia,1205,147,1216,119,24,61,34,124,212,2006
156,Bermuda,1203,114,1321,127,39,60,28,190,222,2006
157,Mauritania,1201,160,1053,164,17,108,39,111,351,2006
158,Kyrgyzstan,1194,155,1193,54,13,35,6,50,103,2006
159,New Caledonia,1186,91,1382,183,93,73,17,503,288,2006
160,Grenada,1185,82,1434,156,61,59,36,294,262,2006
160,Swaziland,1185,146,1182,136,27,72,37,120,258,2006
162,Equat Guinea,1184,166,1077,52,8,33,11,37,107,2006
162,Saint Lucia,1184,111,1279,154,54,76,24,242,286,2006
164,Malaysia,1183,110,1317,690,267,265,158,1137,1009,2006
165,Madagascar,1182,92,1395,195,83,79,33,303,317,2006
166,Faroe Islands,1179,113,1257,130,22,94,14,99,342,2006
167,Myanmar,1162,116,1294,362,160,137,65,681,588,2006
168,Eritrea,1131,154,1194,47,7,28,12,25,72,2006
169,Lesotho,1122,148,1175,146,27,80,39,124,271,2006
170,Netherlands Antilles,1114,84,1420,345,147,113,85,620,552,2006
170,Liechtenstein,1114,164,1109,93,6,77,10,41,293,2006
172,Seychelles,1107,177,978,67,11,45,11,59,130,2006
173,Bonaire,1103,138,1047,53,10,38,5,51,129,2006
174,Belize,1093,129,1113,28,6,18,4,31,68,2006
175,Andorra,1092,179,1070,67,3,56,8,24,187,2006
176,Gibraltar,1089,181,1055,8,4,3,1,18,11,2006
177,Dominican Rep,1072,159,995,79,20,46,13,95,164,2006
178,Antigua/Barb,1065,138,1182,153,47,74,32,207,269,2006
179,São Tomé/Pr,1050,169,1055,28,3,21,4,19,79,2006
180,India,1047,103,1352,394,135,180,79,551,702,2006
181,Papua N Guinea,1046,159,1093,108,35,55,18,250,250,2006
182,Nicaragua,1028,140,990,106,10,92,4,80,401,2006
183,Maldives,1027,193,803,97,18,60,19,93,281,2006
184,Saint Martin,1011,173,1079,26,11,13,2,38,57,2006
185,Bangladesh,995,171,1025,176,49,94,33,170,344,2006
186,Luxembourg,993,101,1254,285,16,244,25,168,869,2006
187,Dominica,989,115,1249,142,34,79,29,170,310,2006
188,Cayman Islands,981,170,1074,67,14,43,10,75,174,2006
189,Greenland,967,179,984,17,4,12,1,24,38,2006
190,Somalia,954,149,1157,84,10,61,13,56,230,2006
191,Sri Lanka,947,168,947,164,29,108,27,147,465,2006
192,San Marino,938,186,972,81,1,76,4,14,340,2006
193,Taiwan,934,125,1265,208,57,118,33,275,505,2006
193,Aruba,934,107,1263,133,33,69,31,203,317,2006
195,Sint Maarten,931,179,924,31,9,17,5,39,70,2006
196,Laos,917,174,941,103,18,73,12,91,381,2006
197,Br Virgin Islands,899,194,871,64,14,42,8,68,178,2006
198,Nepal,894,186,871,146,30,98,18,128,427,2006
199,Pakistan,890,135,1184,201,46,119,36,191,468,2006
199,Monaco,890,196,900,5,1,2,2,5,14,2006
201,Puerto Rico,884,156,913,105,12,80,13,74,347,2006
202,Bahamas,882,182,878,36,7,27,2,29,134,2006
203,Comoros,855,191,867,20,3,16,1,12,54,2006
204,Macao,814,155,1049,88,13,70,5,64,290,2006
205,Cambodia,811,140,1153,161,32,103,26,177,433,2006
206,Afghanistan,803,162,877,42,3,32,7,25,137,2006
207,Djibouti,802,167,889,44,1,40,3,37,180,2006
208,Turks & Caicos,797,208,769,10,1,8,1,6,38,2006
209,Mongolia,779,179,881,28,3,22,3,18,131,2006
210,Philippines,766,125,1068,197,24,161,12,145,744,2006
211,Tuvalu,754,197,752,10,2,7,1,13,62,2006
212,Tonga,716,202,685,41,12,25,4,52,163,2006
213,Brunei,710,187,848,88,11,68,9,56,302,2006
214,Vatican,705,213,705,1,0,0,1,0,0,2006
215,Wallis and Futuna,701,192,699,24,5,19,0,23,109,2006
216,Samoa,683,205,635,42,11,28,3,62,161,2006
217,Cook Islands,673,197,679,31,6,23,2,25,213,2006
218,Tibet,668,197,685,7,0,7,0,5,30,2006
219,US Virgin Isl,658,215,695,23,1,19,3,11,134,2006
220,N Marianas,636,220,641,4,2,2,0,16,10,2006
221,Falkland Islands,593,223,593,1,0,1,0,0,4,2006
222,East Timor,592,219,669,10,0,10,0,9,41,2006
223,Kiribati,579,208,596,7,0,6,1,5,80,2006
224,FS Micronesia,564,222,592,8,1,7,0,8,64,2006
225,Bhutan,563,208,615,35,2,31,2,18,134,2006
226,Anguilla,553,215,551,35,2,31,2,23,151,2006
227,Montserrat,540,181,617,25,3,21,1,19,125,2006
228,Guam,532,200,686,44,7,36,1,47,344,2006
229,Niue,496,214,496,2,0,2,0,0,33,2006
230,Palau,403,228,403,2,0,2,0,3,27,2006
231,Eastern Samoa,373,214,514,30,1,29,0,18,227,2006
1,Spain,2116,8,1927,587,332,116,139,1136,555,2010
2,Netherlands,2105,16,1828,717,361,200,156,1480,954,2010
3,Brazil,2095,4,1987,866,542,144,180,1884,817,2010
4,Germany,2067,8,1896,851,490,187,174,1896,1011,2010
5,Argentina,1992,5,1981,905,480,204,221,1701,983,2010
6,England,1924,4,1982,967,560,187,220,2301,984,2010
7,Croatia,1913,12,1880,217,114,41,62,382,217,2010
8,Portugal,1897,21,1768,503,230,156,117,817,620,2010
9,Chile,1894,29,1654,658,241,277,140,919,980,2010
10,Uruguay,1892,13,1873,827,356,271,200,1315,1055,2010
11,Mexico,1846,21,1766,755,381,199,175,1383,803,2010
12,Italy,1833,8,1913,711,379,141,191,1246,714,2010
13,Russia,1827,22,1737,620,328,135,157,1102,614,2010
14,Sweden,1813,15,1794,932,455,274,203,1919,1268,2010
15,Norway,1809,38,1608,732,261,306,165,1119,1275,2010
16,Ukraine,1808,40,1694,171,71,47,53,221,172,2010
17,France,1802,17,1762,737,345,239,153,1295,1115,2010
18,Japan,1787,67,1414,618,277,210,131,1038,783,2010
19,Paraguay,1785,22,1758,627,232,235,160,838,896,2010
20,Turkey,1777,43,1592,488,176,198,114,649,742,2010
20,Egypt,1777,33,1671,671,331,172,168,1183,743,2010
22,Australia,1776,34,1663,459,235,129,95,957,525,2010
23,United States,1768,43,1621,571,230,219,122,791,820,2010
24,Colombia,1764,56,1553,469,169,171,129,560,601,2010
25,Switzerland,1754,28,1666,724,235,334,155,1037,1302,2010
26,Greece,1750,50,1533,488,176,198,114,621,734,2010
27,Serbia,1743,19,1788,698,332,217,149,1377,991,2010
28,Czech Republic,1742,11,1869,714,348,205,161,1359,894,2010
28,Ghana,1742,41,1657,583,287,155,141,954,616,2010
30,South Korea,1741,36,1674,840,460,170,210,1557,755,2010
31,Ireland,1740,22,1617,571,199,233,139,764,984,2010
32,Denmark,1732,20,1795,736,336,256,144,1364,1055,2010
33,Ecuador,1726,72,1462,424,116,203,105,478,717,2010
34,Montenegro,1722,45,1675,32,13,10,9,37,36,2010
35,Ivory Coast,1716,44,1637,496,244,129,123,792,514,2010
36,Romania,1713,26,1720,636,285,199,152,1054,833,2010
37,Bulgaria,1706,36,1641,632,241,237,154,925,937,2010
38,Venezuela,1704,93,1367,314,79,174,61,339,636,2010
39,Iran,1694,42,1637,496,269,108,119,924,413,2010
39,Slovenia,1694,56,1609,170,59,67,44,212,219,2010
41,Israel,1685,47,1622,395,150,149,96,607,550,2010
42,Honduras,1677,61,1487,455,193,145,117,716,580,2010
43,Costa Rica,1669,34,1689,556,266,166,124,1065,650,2010
44,Poland,1668,29,1705,743,317,248,178,1266,1046,2010
45,Belarus,1667,82,1496,148,44,66,38,185,216,2010
46,Saudi Arabia,1662,77,1485,600,299,162,139,974,633,2010
47,Austria,1658,11,1896,719,345,215,159,1280,882,2010
48,Slovakia,1657,37,1680,213,81,82,50,312,299,2010
49,Jamaica,1655,84,1386,518,200,195,123,695,698,2010
50,Nigeria,1653,40,1664,524,239,139,146,779,552,2010
51,Cameroon,1649,51,1603,488,215,131,142,741,554,2010
52,Hungary,1641,17,1854,879,422,274,183,1868,1332,2010
53,Kuwait,1638,80,1473,556,243,170,143,920,614,2010
54,Peru,1628,36,1659,528,164,235,129,668,788,2010
54,China,1628,44,1592,566,291,159,116,1120,605,2010
56,Bosnia and Herzegovina,1627,60,1588,130,45,55,30,176,195,2010
57,Belgium,1620,24,1731,694,275,274,145,1187,1199,2010
58,South Africa,1608,24,1742,315,140,101,74,437,369,2010
59,Scotland,1604,18,1822,706,290,263,153,1295,1147,2010
60,Canada,1598,45,1601,317,112,133,72,346,451,2010
61,Finland,1593,63,1480,661,157,369,135,788,1490,2010
62,Iraq,1590,44,1630,523,260,119,144,921,474,2010
63,Lithuania,1588,83,1285,270,81,139,50,308,497,2010
64,Panama,1586,108,1302,357,100,172,85,422,628,2010
65,Bolivia,1581,60,1488,379,89,200,90,405,748,2010
65,Senegal,1581,59,1570,510,209,159,142,662,522,2010
67,Tunisia,1579,51,1604,566,228,179,159,795,647,2010
68,North Ireland,1576,36,1664,468,126,226,116,492,743,2010
69,New Zealand,1572,62,1503,335,137,139,59,604,529,2010
70,Morocco,1568,41,1661,535,248,130,157,772,497,2010
71,Libya,1566,72,1537,155,44,68,43,186,215,2010
72,Uganda,1565,70,1490,525,220,167,138,875,686,2010
73,Gabon,1564,96,1400,316,109,124,83,383,401,2010
74,Cyprus,1553,98,1377,294,58,185,51,269,678,2010
75,Wales,1552,21,1663,586,177,282,127,740,1009,2010
76,Oman,1536,144,1106,369,125,157,87,473,569,2010
77,Syria,1532,88,1406,417,156,160,101,611,542,2010
78,Latvia,1531,76,1405,310,98,143,69,399,516,2010
79,Albania,1527,75,1482,253,58,142,53,220,427,2010
80,North Korea,1526,52,1622,307,132,87,88,504,310,2010
81,Mali,1524,68,1523,460,186,159,115,605,558,2010
82,Qatar,1520,101,1364,439,172,149,118,594,530,2010
83,Guinea,1518,68,1530,459,175,148,136,671,561,2010
84,Burkina Faso,1509,102,1376,312,97,135,80,380,484,2010
85,Uzbekistan,1508,63,1579,177,81,59,37,351,230,2010
86,Zambia,1507,55,1573,644,306,179,159,1090,674,2010
86,Georgia,1507,65,1567,169,52,81,36,215,249,2010
88,Guadeloupe,1506,81,1433,214,96,79,39,367,310,2010
89,Libya,1501,77,1482,308,111,131,66,453,443,2010
90,Cuba,1497,77,1441,380,153,132,95,561,483,2010
91,Trinidad and Tobago,1493,55,1517,689,314,229,146,1182,847,2010
92,El Salvador,1482,68,1471,488,162,220,106,646,756,2010
93,Estonia,1474,92,1316,359,81,195,83,371,670,2010
94,UAE,1473,106,1346,456,164,171,121,593,603,2010
95,Bahrain,1469,114,1313,412,135,172,105,502,580,2010
95,Moldova,1469,97,1436,145,32,78,35,124,239,2010
95,Jordan,1469,122,1261,325,102,137,86,357,426,2010
98,Algeria,1464,49,1632,500,200,159,141,680,531,2010
99,Angola,1460,79,1486,296,109,89,98,362,323,2010
100,Guatemala,1458,64,1486,457,160,170,127,638,629,2010
100,Azerbaijan,1458,107,1392,176,34,100,42,132,312,2010
102,North Cyprus,1455,82,1465,14,7,5,2,24,20,2010
103,Benin,1447,107,1352,241,52,135,54,246,470,2010
104,Armenia,1441,115,1362,143,28,83,32,108,267,2010
105,Iceland,1436,84,1391,350,101,183,66,403,607,2010
106,Haiti,1435,79,1403,422,180,148,94,691,581,2010
107,Botswana,1433,158,1102,185,47,83,55,133,251,2010
108,Malawi,1414,111,1326,490,175,183,132,636,669,2010
109,Gambia,1408,115,1311,191,50,87,54,199,285,2010
110,Cape Verde,1402,130,1247,120,36,56,28,107,149,2010
111,Thailand,1401,111,1302,743,275,295,173,1171,1169,2010
112,Tanzania,1398,115,1280,445,131,196,118,535,701,2010
113,DR Congo,1397,57,1573,380,154,125,101,611,487,2010
114,Congo,1384,73,1504,365,142,136,87,555,495,2010
115,Mozambique,1382,118,1319,250,77,115,58,261,331,2010
115,Togo,1382,83,1456,366,116,158,92,401,518,2010
117,Kosovo,1379,110,1386,6,2,4,0,11,9,2010
118,Turkmenistan,1368,102,1409,106,41,44,21,175,154,2010
119,Rwanda,1364,149,1165,164,53,72,39,175,228,2010
120,Zanzibar,1356,149,1063,176,30,115,31,142,400,2010
121,Réunion,1340,126,1145,111,40,50,21,181,228,2010
122,Martinique,1338,74,1468,265,121,82,62,502,359,2010
123,Zimbabwe,1331,74,1483,382,157,123,102,528,450,2010
124,Sudan,1330,78,1484,375,135,148,92,470,508,2010
125,Ethiopia,1327,90,1418,323,124,137,62,481,486,2010
126,Fiji,1322,122,1251,201,93,75,33,476,347,2010
127,Kazakhstan,1321,91,1455,130,33,69,28,139,213,2010
128,Singapore,1317,127,1242,593,178,291,124,799,1092,2010
129,Yemen,1311,139,1217,181,47,103,31,213,395,2010
130,Niger,1308,132,1230,158,34,87,37,156,300,2010
131,Guyana,1305,96,1301,335,95,169,71,389,579,2010
132,Grenada,1300,85,1423,190,73,72,45,344,320,2010
133,Sierra Leone,1295,99,1376,235,70,106,59,220,323,2010
133,Indonesia,1295,91,1381,630,239,273,118,1077,1040,2010
135,Namibia,1292,145,1229,158,34,81,43,162,269,2010
136,New Caledonia,1287,93,1377,204,103,78,23,537,319,2010
137,Solomon Isl,1286,141,1185,134,58,53,23,316,289,2010
138,Kenya,1276,85,1378,572,214,223,135,826,831,2010
139,Tajikistan,1273,108,1384,84,32,37,15,132,136,2010
140,Suriname,1265,74,1426,428,184,141,103,784,601,2010
141,Antigua/Barb,1259,140,1182,185,61,85,39,264,316,2010
142,Barbados,1255,110,1266,263,86,106,71,339,416,2010
143,C African Rep,1246,118,1303,77,15,48,14,91,170,2010
144,Malaysia,1243,114,1307,736,281,285,170,1210,1078,2010
144,Vietnam,1243,118,1292,372,146,154,72,668,603,2010
146,Guinea-Bissau,1237,121,1284,114,33,55,26,118,180,2010
147,Madagascar,1236,95,1386,228,94,90,44,342,353,2010
147,Liberia,1236,107,1349,236,60,121,55,223,364,2010
149,Chad,1230,129,1251,120,25,67,28,121,229,2010
150,Vanuatu,1227,153,1091,154,43,92,19,270,362,2010
151,Lebanon,1219,108,1311,234,64,108,62,304,391,2010
152,Hong Kong,1216,112,1312,379,138,171,70,647,670,2010
153,Burundi,1215,120,1288,123,37,61,25,125,184,2010
154,Faroe Islands,1209,116,1253,160,24,119,17,116,421,2010
155,Malta,1203,109,1344,315,37,224,54,196,745,2010
156,Equat Guinea,1198,164,1093,72,12,46,14,50,141,2010
157,French Guiana,1187,119,1246,99,22,55,22,128,197,2010
158,St Vincent/Gren,1185,95,1370,233,84,95,54,378,419,2010
159,Eritrea,1180,155,1191,64,12,36,16,43,101,2010
160,Tahiti,1175,87,1438,192,106,57,29,559,277,2010
161,Liechtenstein,1170,164,1117,124,8,101,15,55,373,2010
162,St Kitts/Nevis,1168,132,1173,152,64,63,25,285,240,2010
163,Lesotho,1163,150,1172,179,33,97,49,150,325,2010
164,Kyrgyzstan,1160,157,1187,76,19,48,9,72,145,2010
164,Palestine,1160,123,1221,125,20,74,31,140,256,2010
166,Bermuda,1152,119,1306,144,45,69,30,213,249,2010
166,Mauritania,1152,160,1063,176,18,116,42,118,377,2010
166,Maldives,1152,191,840,118,29,67,22,127,305,2010
169,Swaziland,1150,147,1181,171,33,89,49,145,314,2010
170,India,1149,106,1341,437,155,197,85,612,762,2010
171,Gibraltar,1126,179,1070,9,5,3,1,20,11,2010
172,Myanmar,1125,119,1285,398,176,152,70,729,651,2010
172,Mayotte,1125,157,1192,19,3,10,6,28,39,2010
174,Curaçao,1121,88,1407,366,153,123,90,646,583,2010
175,Luxembourg,1112,104,1246,321,19,268,34,183,939,2010
176,Belize,1090,131,1112,42,7,28,7,43,100,2010
177,Dominica,1080,119,1236,157,39,86,32,195,334,2010
178,Nicaragua,1075,142,993,121,12,103,6,91,439,2010
179,Saint Lucia,1071,114,1271,167,55,86,26,253,325,2010
180,Bonaire,1070,140,1050,56,10,40,6,56,140,2010
181,São Tomé/Pr,1050,171,1054,28,3,21,4,19,79,2010
182,Papua N Guinea,1044,161,1089,109,35,56,18,251,252,2010
183,Dominican Rep,1043,160,998,85,21,51,13,113,179,2010
184,Mauritius,1030,91,1396,241,76,113,52,349,389,2010
185,Seychelles,1024,177,987,88,14,61,13,78,176,2010
186,Andorra,1013,179,1065,96,3,84,9,31,274,2010
187,Puerto Rico,997,158,915,117,18,84,15,92,363,2010
188,Nepal,972,187,877,169,38,108,23,152,466,2010
189,Greenland,967,181,982,17,4,12,1,24,38,2010
190,Cayman Islands,961,173,1059,80,16,50,14,90,201,2010
191,Philippines,947,128,1058,222,32,169,21,175,775,2010
192,Sri Lanka,934,169,946,194,40,122,32,199,525,2010
193,Sint Maarten,931,180,924,31,9,17,5,39,70,2010
194,Taiwan,925,129,1243,229,63,127,39,322,545,2010
195,Bangladesh,923,174,1016,200,54,106,40,190,377,2010
196,Somalia,911,153,1138,99,12,74,13,61,265,2010
197,San Marino,907,188,964,105,1,100,4,17,448,2010
198,Aruba,904,111,1247,140,33,74,33,207,333,2010
199,Saint Martin,897,176,1058,36,14,19,3,51,78,2010
200,Pakistan,894,139,1164,220,51,129,40,225,509,2010
201,Monaco,890,198,896,5,1,2,2,5,14,2010
202,Bahamas,871,184,878,40,7,29,4,32,150,2010
203,Laos,866,176,936,122,22,85,15,113,448,2010
204,Comoros,862,193,865,33,4,26,3,17,83,2010
205,Br Virgin Islands,826,195,874,76,16,48,12,77,223,2010
205,Turks & Caicos,826,208,786,12,2,9,1,8,41,2010
207,Cambodia,802,145,1126,185,37,118,30,204,501,2010
208,Mongolia,794,181,874,38,7,27,4,34,155,2010
209,Djibouti,793,169,883,62,2,56,4,46,258,2010
210,Afghanistan,770,164,872,58,4,43,11,35,175,2010
211,Cook Islands,726,199,683,37,8,26,3,32,224,2010
212,Tuvalu,720,199,749,14,2,10,2,15,84,2010
213,Vatican,705,213,705,1,0,0,1,0,0,2010
214,Wallis and Futuna,701,194,699,24,5,19,0,23,109,2010
215,Samoa,700,206,643,46,13,30,3,71,169,2010
216,St Barthélemy,696,217,696,1,0,1,0,0,3,2010
217,Tonga,689,204,687,47,13,29,5,60,176,2010
218,St Pierre/Miquel,688,218,688,3,0,3,0,0,28,2010
219,Macao,674,159,1029,108,15,86,7,88,364,2010
220,US Virgin Isl,671,216,686,26,1,20,5,12,145,2010
221,Brunei,650,190,831,98,12,75,11,66,331,2010
222,Tibet,631,200,680,9,0,8,1,7,35,2010
223,Bhutan,599,210,614,51,4,42,5,32,181,2010
223,Guam,599,202,674,60,12,45,3,79,425,2010
225,Falkland Islands,593,223,593,1,0,1,0,0,4,2010
226,Kiribati,579,210,594,7,0,6,1,5,80,2010
227,Anguilla,571,217,551,44,3,39,2,31,186,2010
228,FS Micronesia,564,224,582,8,1,7,0,8,64,2010
229,Montserrat,534,184,612,29,3,25,1,20,148,2010
230,East Timor,533,221,621,20,0,19,1,19,82,2010
231,N Marianas,499,222,607,11,2,8,1,24,38,2010
232,Niue,496,217,496,2,0,2,0,0,33,2010
233,Palau,403,229,403,2,0,2,0,3,27,2010
234,Eastern Samoa,354,216,491,34,1,33,0,19,265,2010
1,Germany,2134,8,1902,907,527,195,185,2036,1080,2014
2,Argentina,2050,5,1982,964,514,213,237,1814,1037,2014
3,Brazil,2042,4,1991,930,585,153,192,2027,869,2014
4,Netherlands,2030,15,1836,770,390,212,168,1599,1004,2014
5,Colombia,2019,54,1569,515,198,180,137,641,631,2014
6,France,1966,17,1766,791,375,248,168,1387,1151,2014
7,Chile,1963,29,1663,714,269,293,152,1020,1046,2014
8,Spain,1954,7,1935,644,373,125,146,1266,594,2014
9,England,1924,4,1980,1014,587,193,234,2391,1022,2014
10,Portugal,1910,20,1774,551,256,166,129,902,669,2014
11,Uruguay,1908,12,1875,883,384,283,216,1411,1119,2014
12,Belgium,1899,25,1733,739,301,280,158,1266,1236,2014
13,Mexico,1892,20,1770,826,420,216,190,1505,863,2014
14,Italy,1885,8,1913,767,404,153,210,1325,771,2014
15,Costa Rica,1866,35,1690,629,296,186,147,1164,724,2014
16,Ecuador,1847,70,1480,473,135,216,122,557,774,2014
17,Croatia,1825,12,1878,263,138,53,72,457,262,2014
17,Ukraine,1825,37,1710,215,94,59,62,296,213,2014
19,United States,1813,42,1628,640,267,238,135,901,896,2014
20,Czech Republic,1805,12,1866,757,367,218,172,1421,941,2014
21,Switzerland,1792,28,1671,763,256,342,165,1100,1340,2014
22,Romania,1786,26,1720,679,306,209,164,1124,876,2014
23,Sweden,1784,15,1796,984,484,289,211,2011,1328,2014
24,Russia,1779,22,1741,667,351,141,175,1176,641,2014
25,Denmark,1755,20,1794,777,354,271,152,1425,1109,2014
26,Slovakia,1751,40,1671,251,98,94,59,355,336,2014
27,Ireland,1732,22,1621,622,221,247,154,843,1036,2014
28,Peru,1731,36,1661,576,182,252,142,718,840,2014
29,Poland,1728,30,1704,792,339,260,193,1340,1090,2014
29,Japan,1728,65,1429,677,309,225,143,1149,854,2014
31,Serbia,1727,19,1786,740,347,232,161,1428,1033,2014
32,Austria,1724,12,1890,754,361,227,166,1323,925,2014
33,Scotland,1714,20,1814,743,305,277,161,1348,1195,2014
34,Panama,1713,105,1321,423,132,189,102,518,687,2014
35,Bosnia and Herzegovina,1710,55,1614,170,65,69,36,244,238,2014
36,Ivory Coast,1690,43,1646,545,274,137,134,893,568,2014
37,Turkey,1685,43,1598,533,197,213,123,717,796,2014
38,Paraguay,1684,22,1758,675,248,253,174,901,964,2014
38,Israel,1684,47,1624,427,163,162,102,660,599,2014
40,Ghana,1683,41,1660,639,315,170,154,1052,670,2014
41,Nigeria,1678,40,1665,582,264,150,168,872,605,2014
42,Algeria,1674,51,1626,539,225,168,146,745,566,2014
42,Venezuela,1674,90,1385,360,91,195,74,388,713,2014
44,Iran,1672,42,1641,546,297,116,133,1012,444,2014
44,Greece,1672,49,1544,536,198,208,130,671,774,2014
46,Iceland,1662,84,1395,385,114,200,71,448,660,2014
47,Hungary,1658,18,1848,917,440,284,193,1931,1380,2014
48,Slovenia,1655,55,1615,205,72,85,48,249,262,2014
49,Australia,1653,34,1667,512,259,147,106,1054,592,2014
50,Uzbekistan,1647,61,1585,232,107,74,51,424,280,2014
51,Cameroon,1644,52,1604,531,233,144,154,789,597,2014
51,Senegal,1644,59,1570,546,224,167,155,710,554,2014
53,UAE,1640,103,1363,512,195,184,133,699,662,2014
54,South Korea,1633,36,1678,896,485,190,221,1640,827,2014
55,South Africa,1630,26,1736,366,161,111,94,500,406,2014
56,Bolivia,1628,60,1493,417,95,218,104,441,814,2014
57,Norway,1626,38,1612,776,277,325,174,1165,1328,2014
58,Finland,1625,62,1486,703,173,384,146,841,1544,2014
59,Wales,1621,22,1661,618,189,297,132,772,1054,2014
60,Egypt,1617,33,1673,727,364,187,176,1295,800,2014
61,Qatar,1613,99,1377,512,202,168,142,699,598,2014
62,Bulgaria,1606,37,1642,664,251,250,163,957,973,2014
63,Tunisia,1600,52,1602,612,248,190,174,863,697,2014
64,Montenegro,1597,47,1665,62,23,20,19,77,75,2014
65,Guinea,1595,69,1530,493,188,159,146,723,608,2014
66,Albania,1577,75,1484,292,70,159,63,256,468,2014
67,Oman,1553,138,1142,437,151,175,111,547,631,2014
68,Honduras,1552,61,1494,522,215,172,135,789,668,2014
69,China,1550,44,1592,619,316,173,130,1210,666,2014
69,Armenia,1550,109,1390,178,39,103,36,154,325,2014
69,Belarus,1550,78,1514,189,56,83,50,233,268,2014
72,Mali,1547,69,1525,500,201,176,123,658,607,2014
73,Morocco,1545,43,1653,579,266,142,171,844,535,2014
74,Burkina Faso,1543,100,1386,360,115,150,95,436,527,2014
75,Guatemala,1539,65,1486,504,178,191,135,700,698,2014
76,Jordan,1534,118,1280,400,131,159,110,457,508,2014
77,Gabon,1530,95,1410,352,121,133,98,419,430,2014
78,North Korea,1528,53,1616,348,151,98,99,563,340,2014
79,Trinidad and Tobago,1525,56,1516,734,335,243,156,1255,893,2014
80,Jamaica,1521,84,1396,569,216,219,134,751,762,2014
81,New Zealand,1518,62,1506,363,148,149,66,644,572,2014
82,Zambia,1517,56,1572,706,330,196,180,1162,721,2014
83,Canada,1508,46,1599,355,123,148,84,384,490,2014
84,Iraq,1507,45,1627,599,288,148,163,994,548,2014
84,El Salvador,1507,68,1474,542,183,243,116,720,839,2014
86,Cape Verde,1506,127,1262,149,50,66,33,147,180,2014
87,North Ireland,1502,38,1655,500,131,245,124,517,801,2014
88,Kuwait,1498,80,1477,627,272,192,163,1009,696,2014
89,Libya,1482,77,1485,353,130,142,81,500,481,2014
89,Libya,1482,74,1533,193,54,89,50,215,268,2014
91,Uganda,1481,70,1492,587,250,186,151,950,741,2014
92,Syria,1478,88,1413,449,168,173,108,657,580,2014
93,Saudi Arabia,1472,77,1487,653,317,183,153,1035,700,2014
93,DR Congo,1472,59,1565,417,170,137,110,665,523,2014
93,Bahrain,1472,112,1327,481,158,191,132,575,644,2014
96,Georgia,1468,68,1557,201,62,99,40,242,289,2014
97,Lithuania,1467,83,1305,307,89,159,59,337,549,2014
98,Estonia,1461,92,1332,412,99,222,91,414,750,2014
99,North Cyprus,1456,83,1464,16,8,6,2,27,22,2014
100,Latvia,1445,77,1413,346,105,162,79,432,577,2014
101,Haiti,1444,80,1404,460,197,162,101,754,626,2014
102,Togo,1443,85,1453,400,129,174,97,436,567,2014
103,Angola,1442,81,1484,346,126,100,120,414,361,2014
104,Congo,1437,75,1497,393,152,148,93,584,530,2014
105,Martinique,1428,75,1464,299,137,89,73,573,395,2014
106,Kurdistan,1425,105,1424,4,3,0,1,12,3,2014
107,Moldova,1412,98,1434,185,40,102,43,164,302,2014
108,Cyprus,1406,98,1381,325,62,206,57,290,728,2014
109,Azerbaijan,1405,107,1396,216,42,119,55,165,369,2014
110,Lebanon,1402,109,1312,287,77,135,75,359,485,2014
111,Cuba,1396,79,1439,416,162,153,101,590,547,2014
112,Rwanda,1395,146,1186,209,68,90,51,221,283,2014
113,Mozambique,1379,118,1323,293,88,131,74,297,382,2014
114,Kosovo,1376,111,1384,10,3,6,1,14,18,2014
115,Kenya,1375,86,1377,623,234,244,145,880,880,2014
116,Benin,1373,107,1355,263,57,146,60,270,509,2014
117,Thailand,1362,112,1306,790,297,312,181,1247,1228,2014
117,Réunion,1362,126,1155,122,47,52,23,209,240,2014
119,Zimbabwe,1360,76,1476,417,170,138,109,571,492,2014
120,Malawi,1358,111,1330,543,188,204,151,677,724,2014
121,New Caledonia,1355,95,1375,231,118,89,24,631,350,2014
122,Kazakhstan,1354,96,1436,162,40,86,36,177,274,2014
123,Ethiopia,1348,92,1413,372,139,158,75,536,554,2014
124,Tanzania,1347,115,1284,505,149,219,137,602,776,2014
125,Sierra Leone,1337,101,1374,262,77,119,66,250,368,2014
126,Sudan,1335,81,1477,432,156,174,102,526,579,2014
127,Gambia,1334,115,1314,210,54,98,58,217,315,2014
128,Guadeloupe,1325,83,1432,235,104,89,42,414,338,2014
129,Burundi,1323,121,1287,152,47,71,34,157,211,2014
129,Palestine,1323,124,1223,181,43,95,43,216,331,2014
131,Equat Guinea,1309,162,1112,101,23,59,19,86,182,2014
131,Botswana,1309,155,1123,242,63,105,74,189,324,2014
133,Liberia,1296,108,1345,261,68,132,61,247,402,2014
134,Namibia,1286,143,1240,192,43,92,57,193,300,2014
135,Niger,1282,132,1235,201,40,110,51,190,366,2014
136,Fiji,1279,123,1254,214,100,79,35,508,357,2014
136,Zanzibar,1279,148,1078,191,33,121,37,156,419,2014
138,French Guiana,1272,121,1244,132,36,68,28,195,243,2014
139,Antigua/Barb,1267,140,1188,219,74,100,45,320,361,2014
140,Tajikistan,1261,114,1361,113,44,51,18,170,188,2014
141,Turkmenistan,1260,106,1396,124,50,50,24,212,177,2014
142,Chad,1247,130,1250,134,28,75,31,132,254,2014
143,Lesotho,1240,151,1174,221,40,117,64,180,389,2014
144,Malta,1238,112,1336,347,44,245,58,218,805,2014
145,C African Rep,1237,120,1301,98,19,61,18,107,208,2014
146,Vietnam,1236,119,1289,405,162,167,76,727,648,2014
147,Suriname,1233,77,1418,455,196,149,110,828,633,2014
147,Dominican Rep,1233,160,1010,113,35,60,18,166,215,2014
149,Guinea-Bissau,1229,123,1281,128,36,63,29,131,197,2014
150,Philippines,1226,130,1061,288,63,188,37,283,836,2014
151,Faroe Islands,1225,117,1251,184,27,139,18,131,476,2014
151,Luxembourg,1225,106,1243,356,24,291,41,208,1021,2014
153,Malaysia,1224,116,1301,789,296,310,183,1278,1164,2014
153,Tahiti,1224,91,1424,218,118,70,30,618,337,2014
155,Liechtenstein,1221,163,1127,156,12,125,19,69,442,2014
156,Guyana,1219,98,1301,371,108,187,76,430,645,2014
157,Indonesia,1207,94,1375,676,254,293,129,1135,1111,2014
158,Bermuda,1204,122,1297,156,52,73,31,243,261,2014
159,Mauritania,1203,161,1071,194,23,125,46,127,397,2014
160,St Kitts/Nevis,1202,133,1173,170,71,67,32,306,256,2014
161,Yemen,1201,140,1220,214,49,127,38,230,455,2014
162,Mayotte,1199,158,1189,28,7,13,8,38,46,2014
163,Madagascar,1192,99,1374,241,96,99,46,353,380,2014
164,Solomon Isl,1175,142,1188,156,66,63,27,349,325,2014
165,Singapore,1173,127,1243,644,197,315,132,871,1180,2014
166,Vanuatu,1172,153,1098,169,50,97,22,301,383,2014
167,St Vincent/Gren,1171,98,1360,268,97,107,64,422,458,2014
168,Grenada,1164,89,1412,215,78,85,52,370,370,2014
169,Hong Kong,1152,115,1305,412,148,187,77,682,727,2014
170,Barbados,1146,113,1261,286,91,120,75,364,455,2014
171,Swaziland,1143,150,1175,200,37,104,59,160,364,2014
172,Belize,1139,133,1113,66,12,42,12,67,142,2014
173,Gibraltar,1132,178,1083,19,7,9,3,26,39,2014
174,Saint Lucia,1131,118,1260,194,64,100,30,283,378,2014
175,Eritrea,1110,157,1184,73,12,43,18,47,120,2014
176,Nicaragua,1105,144,998,143,16,117,10,109,477,2014
177,Kyrgyzstan,1098,160,1176,100,24,63,13,90,196,2014
178,Afghanistan,1096,166,876,89,19,51,19,79,201,2014
179,São Tomé/Pr,1077,172,1057,37,5,26,6,27,97,2014
180,India,1069,109,1330,480,170,216,94,673,838,2014
181,Curaçao,1068,92,1391,394,159,140,95,691,641,2014
182,Maldives,1067,189,870,155,42,81,32,192,360,2014
183,South Sudan,1064,181,1077,10,0,8,2,4,24,2014
184,Myanmar,1062,123,1269,435,188,168,79,767,701,2014
185,Puerto Rico,1059,159,923,137,23,93,21,126,394,2014
186,Papua N Guinea,1052,162,1086,118,37,61,20,276,267,2014
187,Mauritius,1022,95,1378,257,78,123,56,361,416,2014
188,Bonaire,1021,142,1049,67,14,45,8,71,176,2014
189,Western Sahara,996,190,996,1,0,1,0,0,6,2014
190,Somaliland,992,190,992,1,0,0,1,1,1,2014
191,Seychelles,982,178,990,107,20,72,15,100,214,2014
192,Andorra,976,182,1049,124,3,110,11,35,349,2014
193,Greenland,963,182,980,20,5,14,1,33,42,2014
194,Dominica,951,122,1225,175,41,100,34,208,372,2014
195,Bangladesh,946,176,1010,222,60,115,47,212,406,2014
196,Cayman Islands,936,176,1043,86,16,55,15,92,216,2014
196,Aruba,936,115,1234,156,39,80,37,237,358,2014
198,Pakistan,934,143,1149,245,57,142,46,240,547,2014
199,Bahamas,932,185,882,42,9,29,4,42,150,2014
200,Sint Maarten,931,181,925,31,9,17,5,39,70,2014
201,Monaco,909,198,897,8,4,2,2,11,15,2014
202,Comoros,896,194,866,45,4,33,8,24,104,2014
203,San Marino,890,190,952,129,1,123,5,20,549,2014
204,Nepal,887,188,882,204,47,126,31,180,516,2014
205,Somalia,870,156,1119,111,12,85,14,63,302,2014
206,Saint Martin,867,180,1030,40,15,22,3,55,104,2014
207,Laos,839,178,930,159,30,107,22,166,546,2014
208,Sri Lanka,836,172,941,215,44,135,36,220,577,2014
209,Chagos Islands,808,209,808,1,0,0,1,1,1,2014
210,Guam,806,204,675,88,21,58,9,118,490,2014
211,Taiwan,796,134,1219,259,68,146,45,354,620,2014
212,Djibouti,789,172,878,68,3,61,4,49,276,2014
213,Turks & Caicos,776,208,783,17,3,13,1,10,58,2014
214,Mongolia,736,183,869,48,10,33,5,44,170,2014
215,Tuvalu,725,201,746,20,4,13,3,25,104,2014
216,Cambodia,718,150,1099,209,42,136,31,232,572,2014
217,Wallis and Futuna,701,196,699,24,5,19,0,23,109,2014
218,St Barthélemy,695,216,695,2,0,2,0,1,11,2014
219,Vatican,686,214,702,4,0,3,1,1,6,2014
220,Tonga,684,205,687,50,14,30,6,64,180,2014
221,US Virgin Isl,680,216,689,37,3,28,6,19,189,2014
222,Samoa,679,208,648,55,15,36,4,78,207,2014
223,St Pierre/Miquel,677,220,682,7,0,7,0,2,78,2014
224,Cook Islands,675,201,683,44,9,31,4,40,245,2014
225,East Timor,641,224,607,32,3,27,2,36,107,2014
226,Macao,638,163,1006,127,18,99,10,107,418,2014
227,Br Virgin Islands,634,197,853,87,17,58,12,81,279,2014
228,Montserrat,632,186,609,36,5,29,2,32,168,2014
229,Tibet,631,202,675,9,0,8,1,7,35,2014
230,Brunei,608,193,815,107,14,82,11,77,355,2014
231,Falkland Islands,580,224,592,3,0,3,0,0,21,2014
232,FS Micronesia,564,225,578,8,1,7,0,8,64,2014
233,Anguilla,555,218,553,54,3,48,3,32,229,2014
234,Kiribati,545,212,589,11,0,10,1,7,126,2014
235,Bhutan,522,212,606,62,4,53,5,38,226,2014
236,Niue,496,219,496,2,0,2,0,0,33,2014
237,N Marianas,462,225,574,20,3,16,1,28,83,2014
238,Palau,403,231,403,2,0,2,0,3,27,2014
239,Eastern Samoa,381,219,476,42,2,39,1,22,294,2014
1,Brazil,2136,4,1994,982,623,158,201,2131,893,2018
2,France,2094,17,1774,847,413,257,177,1495,1205,2018
3,Belgium,2035,24,1740,790,338,287,165,1400,1285,2018
4,Spain,2011,7,1938,692,404,131,157,1380,632,2018
5,Netherlands,1985,15,1839,811,411,224,176,1674,1052,2018
6,Colombia,1961,51,1588,564,221,191,152,713,674,2018
7,England,1960,4,1979,1065,617,202,246,2477,1061,2018
8,Portugal,1959,20,1781,608,290,175,143,1013,713,2018
9,Germany,1938,8,1908,960,557,207,196,2147,1130,2018
10,Croatia,1925,12,1875,313,165,63,85,543,309,2018
11,Uruguay,1923,12,1876,930,407,301,222,1482,1169,2018
12,Switzerland,1922,28,1677,808,283,352,173,1184,1378,2018
13,Argentina,1915,5,1983,1017,544,222,251,1914,1081,2018
14,Denmark,1898,20,1793,820,373,279,168,1488,1142,2018
15,Italy,1889,8,1912,814,426,163,225,1394,814,2018
16,Peru,1855,35,1669,628,204,269,155,790,895,2018
17,Sweden,1851,16,1796,1037,507,305,225,2088,1374,2018
17,Chile,1851,28,1673,771,294,311,166,1106,1113,2018
19,Iran,1823,41,1648,597,331,121,145,1105,472,2018
20,Serbia,1808,20,1784,781,367,245,169,1491,1078,2018
21,Bosnia and Herzegovina,1795,52,1634,207,84,77,46,306,272,2018
22,Mexico,1787,20,1775,904,462,234,208,1620,946,2018
23,South Korea,1778,35,1682,958,519,203,236,1739,879,2018
24,Ukraine,1773,35,1720,255,115,69,71,349,248,2018
25,Ecuador,1772,67,1497,514,152,233,129,623,826,2018
26,Scotland,1764,20,1812,782,325,288,169,1405,1233,2018
27,Wales,1760,22,1663,655,204,310,141,819,1090,2018
28,Senegal,1758,58,1578,592,250,173,169,782,586,2018
29,Venezuela,1756,87,1400,403,102,213,88,433,775,2018
30,Romania,1753,27,1720,718,322,217,179,1176,911,2018
30,Russia,1753,23,1741,715,368,159,188,1249,705,2018
32,Poland,1752,30,1708,836,359,270,207,1421,1139,2018
33,Slovakia,1748,39,1681,292,118,107,67,417,376,2018
34,United States,1743,41,1634,709,302,257,150,1024,970,2018
35,Australia,1735,34,1669,560,284,157,119,1150,639,2018
36,Japan,1731,64,1441,731,339,237,155,1266,906,2018
37,Morocco,1730,44,1650,624,292,152,180,909,559,2018
38,Czech Republic,1729,12,1861,800,386,235,179,1486,995,2018
39,Paraguay,1725,23,1756,713,256,273,184,935,1025,2018
40,Costa Rica,1724,34,1694,691,319,209,163,1234,797,2018
41,Austria,1722,13,1885,788,376,240,172,1374,966,2018
42,Nigeria,1713,40,1665,620,283,159,178,927,635,2018
43,Ireland,1704,22,1625,665,235,259,171,888,1078,2018
44,Turkey,1691,42,1605,577,217,224,136,774,840,2018
45,Norway,1678,38,1612,814,294,340,180,1214,1372,2018
46,Iceland,1669,81,1411,439,134,222,83,524,741,2018
47,Bolivia,1655,59,1500,457,104,240,113,477,895,2018
48,Tunisia,1650,53,1601,657,269,203,185,931,746,2018
49,Bulgaria,1629,38,1641,694,264,263,167,991,1021,2018
50,Ghana,1626,42,1659,683,335,182,166,1115,706,2018
51,North Ireland,1622,39,1654,541,147,259,135,561,833,2018
52,Finland,1621,62,1490,744,187,401,156,877,1588,2018
53,Egypt,1617,34,1672,769,387,199,183,1358,831,2018
54,Greece,1613,49,1548,572,211,222,139,708,810,2018
55,Hungary,1611,19,1841,957,454,300,203,1981,1432,2018
56,Ivory Coast,1605,43,1648,587,291,143,153,945,601,2018
57,Cameroon,1599,52,1606,579,251,155,173,842,647,2018
58,Syria,1598,87,1420,494,187,183,124,725,628,2018
59,Honduras,1591,61,1497,580,234,194,152,856,740,2018
60,Uzbekistan,1590,60,1592,276,128,91,57,479,325,2018
61,Montenegro,1589,52,1641,94,32,36,26,117,116,2018
62,Saudi Arabia,1580,77,1491,704,341,201,162,1124,766,2018
63,Iraq,1579,47,1621,655,308,166,181,1063,612,2018
64,Jamaica,1570,83,1402,619,238,239,142,819,826,2018
65,Panama,1568,102,1339,490,151,218,121,580,773,2018
66,Slovenia,1561,55,1617,238,81,99,58,285,296,2018
66,Israel,1561,48,1621,454,171,179,104,693,642,2018
68,South Africa,1550,27,1731,421,184,120,117,580,451,2018
69,DR Congo,1547,60,1564,464,189,150,125,737,575,2018
69,Canada,1547,47,1596,393,140,159,94,444,526,2018
71,Georgia,1546,71,1547,241,77,114,50,297,336,2018
72,Algeria,1544,52,1625,580,244,182,154,831,616,2018
73,Belarus,1538,77,1521,228,70,98,60,269,315,2018
74,Mali,1531,69,1526,533,211,184,138,698,643,2018
75,Qatar,1528,97,1390,570,230,190,150,799,665,2018
76,Burkina Faso,1527,99,1396,399,131,163,105,484,566,2018
77,Oman,1524,134,1168,487,174,188,125,622,683,2018
78,Libya,1519,77,1522,227,66,104,57,260,306,2018
79,Albania,1515,75,1490,330,83,178,69,292,520,2018
79,China,1515,45,1591,668,334,189,145,1286,721,2018
81,Haiti,1512,80,1408,493,211,177,105,808,676,2018
82,New Zealand,1502,63,1506,391,159,160,72,678,599,2018
83,Kosovo,1495,111,1386,33,13,15,5,48,49,2018
84,Guatemala,1494,66,1487,534,187,204,143,735,750,2018
85,UAE,1482,100,1382,564,218,202,144,775,710,2018
86,Libya,1476,78,1484,383,139,154,90,538,516,2018
86,Uganda,1476,71,1491,638,270,201,167,996,773,2018
88,Zimbabwe,1474,78,1472,457,187,146,124,640,532,2018
89,Guinea,1469,69,1528,525,198,171,156,760,654,2018
89,Estonia,1469,91,1344,461,116,242,103,465,810,2018
91,North Cyprus,1457,84,1464,17,9,6,2,30,23,2018
92,El Salvador,1454,69,1473,585,194,263,128,757,899,2018
93,Lebanon,1451,109,1317,321,89,144,88,397,512,2018
94,Martinique,1450,76,1463,322,151,95,76,619,414,2018
95,Armenia,1448,105,1405,211,49,119,43,205,382,2018
96,Jordan,1446,116,1294,455,150,176,129,536,555,2018
97,Kuwait,1434,81,1475,650,278,203,169,1036,724,2018
98,Trinidad and Tobago,1433,57,1515,784,349,268,167,1320,974,2018
99,Bahrain,1431,112,1334,528,177,205,146,639,687,2018
100,North Korea,1429,56,1608,389,169,111,109,618,392,2018
101,Kurdistan,1425,103,1425,4,3,0,1,12,3,2018
102,Zambia,1417,58,1566,758,347,213,198,1214,773,2018
103,Cyprus,1414,99,1383,355,69,225,61,317,782,2018
104,Cape Verde,1407,125,1276,178,61,78,39,180,212,2018
105,Gabon,1406,95,1413,395,132,149,114,457,473,2018
106,Azerbaijan,1403,107,1399,251,52,133,66,201,418,2018
107,Congo,1391,77,1493,424,161,161,102,627,581,2018
108,Benin,1390,107,1358,282,65,152,65,293,533,2018
109,Kenya,1388,88,1377,669,252,256,161,930,919,2018
110,Thailand,1382,112,1311,838,319,328,191,1322,1286,2018
111,Réunion,1381,125,1165,125,50,52,23,214,241,2018
112,Namibia,1379,140,1256,228,57,104,67,228,331,2018
113,Palestine,1376,124,1229,221,58,106,57,285,371,2018
114,Zanzibar,1372,147,1091,200,37,124,39,168,431,2018
115,Burundi,1364,122,1289,180,57,80,43,201,243,2018
116,Togo,1361,86,1450,433,139,187,107,472,604,2018
117,Sierra Leone,1359,102,1373,276,81,125,70,259,382,2018
118,Mauritania,1357,159,1086,222,35,137,50,157,431,2018
119,Luxembourg,1347,107,1244,393,34,312,47,240,1090,2018
120,Liberia,1344,110,1343,280,75,140,65,269,427,2018
121,Madagascar,1341,101,1369,284,113,111,60,408,428,2018
122,Cuba,1339,81,1434,441,170,166,105,622,593,2018
123,Lithuania,1338,85,1316,343,93,185,65,356,624,2018
124,Vietnam,1335,121,1287,440,180,171,89,790,682,2018
125,Curaçao,1334,94,1383,424,175,147,102,756,669,2018
126,C African Rep,1332,121,1300,117,25,68,24,131,243,2018
127,Kazakhstan,1330,99,1426,195,46,102,47,206,326,2018
128,Tanzania,1328,116,1286,547,160,236,151,640,828,2018
129,Angola,1325,85,1467,377,134,114,129,440,398,2018
129,Moldova,1325,101,1422,223,44,123,56,184,357,2018
131,French Guiana,1321,121,1248,154,46,78,30,230,274,2018
132,Botswana,1314,154,1136,283,76,125,82,231,374,2018
133,Guinea-Bissau,1313,124,1280,147,41,72,34,149,225,2018
134,Niger,1312,132,1239,223,48,121,54,213,398,2018
135,Gambia,1306,116,1313,229,57,106,66,231,337,2018
136,Lesotho,1300,151,1179,262,53,134,75,215,436,2018
137,Mozambique,1298,119,1323,325,101,145,79,329,422,2018
137,Latvia,1298,79,1413,385,111,182,92,465,634,2018
139,Equat Guinea,1295,158,1133,129,30,73,26,107,212,2018
140,Kyrgyzstan,1288,160,1179,130,38,73,19,125,237,2018
141,Nicaragua,1280,144,1010,182,31,135,16,165,525,2018
142,Sudan,1279,84,1465,452,159,185,108,541,605,2018
143,Rwanda,1268,144,1199,237,74,105,58,248,318,2018
144,Dominican Rep,1265,160,1022,132,47,67,18,204,234,2018
145,Ethiopia,1262,94,1407,402,147,170,85,570,603,2018
146,Suriname,1258,80,1410,475,206,157,112,861,658,2018
147,Chad,1255,131,1250,142,31,80,31,138,269,2018
147,Faroe Islands,1255,119,1251,210,33,153,24,151,518,2018
149,Malawi,1253,112,1329,584,198,220,166,706,764,2018
150,St Kitts/Nevis,1247,134,1177,197,84,76,37,352,291,2018
151,Turkmenistan,1246,112,1375,145,58,60,27,237,212,2018
152,Tahiti,1222,95,1412,227,122,72,33,634,347,2018
153,New Caledonia,1221,97,1371,253,124,98,31,664,380,2018
154,Mayotte,1219,158,1194,33,10,14,9,46,52,2018
154,India,1219,113,1319,520,193,227,100,744,878,2018
156,Hong Kong,1212,118,1299,448,163,198,87,735,763,2018
157,Tajikistan,1209,120,1340,144,54,64,26,213,235,2018
157,Fiji,1209,125,1253,239,107,89,43,551,387,2018
159,Vanuatu,1207,154,1103,184,57,101,26,332,402,2018
160,Solomon Isl,1206,144,1187,180,75,73,32,386,354,2018
161,Guadeloupe,1203,85,1425,249,106,96,47,425,362,2018
161,Eswatini,1203,149,1183,238,50,121,67,197,412,2018
163,Indonesia,1199,97,1369,703,265,301,137,1175,1147,2018
164,Yemen,1188,141,1218,242,55,143,44,246,491,2018
165,Guyana,1184,100,1298,391,115,194,82,478,674,2018
166,Bermuda,1183,125,1290,178,60,82,36,284,291,2018
167,Malta,1178,115,1329,383,46,271,66,234,879,2018
168,Antigua/Barb,1171,141,1189,241,84,110,47,353,390,2018
168,Philippines,1171,131,1067,329,78,203,48,336,899,2018
170,Belize,1156,135,1115,85,18,50,17,87,168,2018
171,Afghanistan,1149,166,889,121,30,65,26,122,255,2018
172,Saint Lucia,1140,121,1252,207,67,106,34,296,396,2018
173,Liechtenstein,1138,163,1133,188,15,150,23,84,534,2018
174,Barbados,1133,115,1256,316,100,131,85,402,496,2018
175,Malaysia,1127,120,1290,840,311,332,197,1337,1246,2018
176,Gibraltar,1103,178,1087,46,10,32,4,37,150,2018
177,Papua N Guinea,1091,163,1086,132,42,67,23,301,293,2018
178,Comoros,1089,194,877,71,8,44,19,43,134,2018
179,Andorra,1081,183,1039,156,6,131,19,44,406,2018
180,Singapore,1080,130,1236,690,211,338,141,920,1247,2018
181,St Vincent/Gren,1079,102,1348,296,104,122,70,465,534,2018
182,Eritrea,1078,161,1169,75,12,45,18,48,125,2018
183,São Tomé/Pr,1076,172,1060,48,7,35,6,35,126,2018
184,Mauritius,1072,99,1364,292,86,142,64,386,477,2018
185,Grenada,1070,93,1398,246,86,101,59,416,442,2018
186,Myanmar,1057,126,1257,477,199,190,88,810,779,2018
187,Dominica,1044,125,1214,197,46,108,43,232,405,2018
188,South Sudan,1022,181,1081,33,4,23,6,21,71,2018
189,Puerto Rico,1008,161,929,155,26,105,24,141,427,2018
190,Somaliland,1002,189,998,2,1,0,1,4,3,2018
191,Western Sahara,996,189,996,1,0,1,0,0,6,2018
192,Maldives,979,190,880,192,54,104,34,245,442,2018
193,Taiwan,974,138,1197,297,86,164,47,417,689,2018
193,Bonaire,974,144,1047,71,14,49,8,72,194,2018
195,Seychelles,969,179,987,135,21,93,21,112,279,2018
196,Greenland,963,183,978,20,5,14,1,33,42,2018
197,Cayman Islands,945,178,1032,93,16,59,18,93,235,2018
198,Pakistan,936,146,1137,254,60,147,47,250,560,2018
199,Aruba,931,118,1221,167,41,87,39,243,372,2018
200,Monaco,903,199,899,9,4,2,3,11,15,2018
201,Nepal,879,189,883,231,53,139,39,203,549,2018
202,Bahamas,856,186,883,47,9,33,5,43,169,2018
203,Somalia,848,160,1099,116,12,90,14,63,317,2018
204,San Marino,836,191,942,156,1,150,5,23,664,2018
205,Saint Martin,829,183,1008,47,17,26,4,65,127,2018
206,Sint Maarten,816,183,922,40,10,24,6,48,113,2018
207,Guam,794,204,690,105,24,69,12,132,522,2018
208,Cambodia,792,154,1078,258,56,167,35,294,678,2018
208,Djibouti,792,174,872,83,4,75,4,53,331,2018
210,Bangladesh,791,178,996,254,67,134,53,234,478,2018
211,Turks & Caicos,779,209,779,23,4,18,1,17,95,2018
211,Tuvalu,779,202,745,26,7,16,3,37,133,2018
213,Chagos Islands,776,210,799,3,0,2,1,4,10,2018
214,Montserrat,732,189,612,41,7,31,3,39,174,2018
215,US Virgin Isl,715,216,695,47,5,36,6,23,228,2018
216,Sri Lanka,708,174,928,231,46,147,38,228,608,2018
216,Mongolia,708,186,855,67,15,44,8,83,208,2018
218,Wallis and Futuna,701,197,699,24,5,19,0,23,109,2018
219,St Barthélemy,699,217,696,6,2,4,0,13,21,2018
220,Laos,693,181,921,200,37,135,28,205,657,2018
221,Vatican,692,216,699,5,0,3,2,1,6,2018
222,Samoa,691,209,652,61,17,40,4,84,229,2018
223,Cook Islands,687,202,683,47,11,32,4,44,247,2018
224,St Pierre/Miquel,677,221,680,7,0,7,0,2,78,2018
225,Macao,676,166,986,151,23,112,16,136,465,2018
226,Br Virgin Islands,645,201,824,99,19,66,14,91,311,2018
227,East Timor,644,223,622,62,7,49,6,61,195,2018
228,Tibet,630,204,671,10,0,9,1,8,38,2018
229,Brunei,615,196,799,120,18,90,12,94,386,2018
230,Anguilla,586,220,554,68,6,57,5,42,272,2018
231,Falkland Islands,580,225,589,3,0,3,0,0,21,2018
232,FS Micronesia,564,226,575,8,1,7,0,8,64,2018
233,Bhutan,556,214,603,89,7,76,6,52,349,2018
234,Tonga,546,208,676,59,14,39,6,70,218,2018
235,Kiribati,545,215,585,11,0,10,1,7,126,2018
236,Niue,496,221,496,2,0,2,0,0,33,2018
237,Eastern Samoa,463,221,473,46,4,41,1,28,304,2018
238,N Marianas,409,227,546,26,3,21,2,31,116,2018
239,Palau,403,232,403,2,0,2,0,3,27,2018
1,Argentina,2143,5,1984,1068,577,226,265,2016,1115,2022
2,Brazil,2134,4,1999,1031,657,162,212,2238,915,2022
3,France,2082,16,1784,897,446,263,188,1605,1247,2022
4,Netherlands,2073,15,1844,858,441,230,187,1784,1094,2022
5,Portugal,1999,19,1789,656,320,184,152,1124,748,2022
6,Spain,1996,7,1941,741,432,136,173,1487,665,2022
7,Italy,1974,8,1915,862,458,168,236,1502,845,2022
8,England,1967,4,1979,1115,649,210,256,2602,1094,2022
9,Germany,1956,8,1910,1006,582,214,210,2265,1184,2022
10,Croatia,1951,13,1876,363,189,76,98,626,368,2022
11,Belgium,1948,23,1751,837,370,295,172,1516,1325,2022
12,Colombia,1919,50,1605,608,241,200,167,768,711,2022
13,Uruguay,1905,12,1878,974,429,310,235,1546,1204,2022
14,Denmark,1883,20,1798,867,401,290,176,1591,1180,2022
15,Switzerland,1879,27,1684,855,303,366,186,1262,1437,2022
16,Morocco,1867,44,1654,677,324,160,193,996,592,2022
17,Peru,1851,34,1676,676,223,288,165,841,952,2022
18,Japan,1850,62,1453,788,376,249,163,1383,946,2022
19,Ecuador,1842,65,1511,561,167,248,146,680,880,2022
20,Serbia,1835,20,1785,825,388,254,183,1573,1133,2022
21,Hungary,1825,20,1836,1000,474,314,212,2039,1481,2022
22,Ukraine,1822,33,1734,298,134,79,85,413,300,2022
23,United States,1819,41,1639,769,339,268,162,1142,1010,2022
24,Mexico,1813,20,1778,970,502,246,222,1736,1001,2022
25,Poland,1802,29,1711,882,382,283,217,1502,1189,2022
26,South Korea,1788,35,1687,1008,551,212,245,1828,921,2022
27,Czech Republic,1779,13,1858,845,406,254,185,1556,1055,2022
27,Iran,1779,40,1654,634,356,129,149,1187,497,2022
29,Australia,1772,34,1671,593,304,165,124,1210,663,2022
30,Sweden,1758,16,1797,1085,532,322,231,2159,1428,2022
31,Norway,1754,38,1616,852,313,348,191,1284,1408,2022
32,Russia,1753,23,1742,751,388,168,195,1317,742,2022
33,Scotland,1752,20,1809,826,347,304,175,1474,1286,2022
33,Austria,1752,14,1879,831,396,253,182,1433,1017,2022
35,Tunisia,1747,52,1603,712,300,216,196,1009,781,2022
35,Senegal,1747,56,1588,644,282,181,181,862,624,2022
37,Costa Rica,1737,35,1693,741,338,226,177,1282,849,2022
38,Paraguay,1726,23,1756,757,266,291,200,974,1082,2022
39,Wales,1717,22,1667,701,223,324,154,867,1137,2022
40,Turkey,1712,42,1610,623,241,234,148,865,896,2022
40,Canada,1712,47,1599,440,169,172,99,560,567,2022
42,Algeria,1707,51,1630,633,280,186,167,948,653,2022
43,Chile,1697,28,1677,817,306,331,180,1150,1172,2022
44,Greece,1690,49,1552,613,229,234,150,758,850,2022
45,Finland,1689,62,1497,789,205,420,164,929,1640,2022
46,Venezuela,1684,85,1417,443,115,232,96,480,829,2022
47,Cameroon,1679,52,1605,619,270,162,187,896,677,2022
48,Ireland,1676,23,1627,705,248,271,186,935,1113,2022
49,Ivory Coast,1670,44,1647,628,315,152,161,1013,635,2022
50,Slovenia,1667,55,1615,278,98,109,71,343,333,2022
51,Egypt,1662,35,1669,813,413,206,194,1417,855,2022
52,Georgia,1652,71,1547,280,91,129,60,341,384,2022
53,Panama,1646,100,1349,544,172,238,134,661,849,2022
54,Saudi Arabia,1643,76,1496,757,365,217,175,1190,809,2022
55,Nigeria,1631,40,1666,663,303,172,188,988,679,2022
56,Mali,1620,69,1528,569,228,192,149,748,666,2022
56,Israel,1620,49,1619,492,185,194,113,759,710,2022
58,Bolivia,1618,59,1505,495,111,267,117,518,977,2022
59,Bosnia and Herzegovina,1616,51,1638,246,94,94,58,349,327,2022
60,Romania,1610,27,1719,757,336,234,187,1232,964,2022
61,Burkina Faso,1604,97,1406,436,149,170,117,533,599,2022
62,Ghana,1596,43,1655,723,351,194,178,1162,746,2022
63,Jordan,1590,114,1306,507,177,192,138,611,604,2022
64,Slovakia,1580,39,1682,335,132,122,81,472,428,2022
65,Qatar,1578,93,1412,632,263,208,161,901,734,2022
66,Uzbekistan,1573,61,1589,318,152,106,60,556,365,2022
67,Iraq,1572,48,1620,706,330,175,201,1122,655,2022
68,Jamaica,1556,82,1409,663,253,255,155,876,881,2022
69,Oman,1553,130,1192,533,197,202,134,691,723,2022
70,South Africa,1543,29,1724,463,205,129,129,631,485,2022
70,Iceland,1543,80,1420,488,148,242,98,576,817,2022
70,Albania,1543,75,1493,370,98,194,78,340,567,2022
73,Montenegro,1540,57,1615,134,44,52,38,159,170,2022
73,North Ireland,1540,40,1653,579,159,276,144,601,884,2022
75,Haiti,1536,80,1413,524,227,188,109,872,717,2022
76,N Macedonia,1534,75,1528,271,83,120,68,324,362,2022
77,New Zealand,1527,63,1506,407,167,167,73,703,613,2022
78,Bulgaria,1522,39,1637,736,272,284,180,1030,1086,2022
79,Kosovo,1507,106,1403,76,27,34,15,107,111,2022
80,Bahrain,1494,109,1347,581,205,220,156,721,739,2022
81,Gabon,1490,95,1415,421,143,156,122,490,502,2022
82,UAE,1488,99,1389,611,240,219,152,852,769,2022
83,Cape Verde,1485,123,1286,206,74,85,47,215,235,2022
84,El Salvador,1484,70,1474,639,215,285,139,820,958,2022
85,Honduras,1472,61,1499,625,245,216,164,904,806,2022
86,China,1468,47,1587,702,349,203,150,1343,759,2022
87,Zambia,1466,59,1560,804,365,231,208,1282,845,2022
88,DR Congo,1458,61,1561,496,197,162,137,768,610,2022
89,North Cyprus,1457,84,1463,17,9,6,2,30,23,2022
90,Armenia,1452,102,1416,249,60,138,51,246,467,2022
91,Guatemala,1450,67,1486,575,208,214,153,816,783,2022
92,Luxembourg,1443,108,1249,434,44,335,55,279,1159,2022
93,Equat Guinea,1434,154,1152,157,41,82,34,136,243,2022
94,Palestine,1430,123,1237,251,73,115,63,331,404,2022
94,Estonia,1430,92,1350,504,127,265,112,502,888,2022
96,Kurdistan,1425,101,1425,4,3,0,1,12,3,2022
97,Syria,1424,87,1422,540,200,208,132,779,695,2022
97,Gambia,1424,116,1316,260,71,115,74,262,363,2022
99,Azerbaijan,1423,108,1395,291,60,156,75,234,476,2022
100,Belarus,1415,78,1516,269,81,122,66,306,384,2022
101,Angola,1407,88,1458,406,146,123,137,474,423,2022
102,Uganda,1394,72,1490,680,285,214,181,1037,809,2022
103,Vietnam,1393,120,1293,476,195,184,97,838,717,2022
104,Benin,1392,107,1363,315,78,163,74,329,563,2022
104,Mauritania,1392,156,1104,261,47,153,61,190,480,2022
106,Kazakhstan,1391,101,1418,233,57,122,54,242,388,2022
107,Martinique,1387,77,1461,340,155,104,81,641,452,2022
108,Guinea,1386,71,1522,563,208,188,167,792,701,2022
109,Guinea-Bissau,1383,124,1283,177,50,84,43,183,265,2022
110,North Korea,1375,59,1594,402,174,117,111,632,420,2022
110,Kenya,1375,88,1377,697,263,264,170,959,954,2022
112,Thailand,1373,112,1313,879,337,342,200,1380,1329,2022
113,Namibia,1369,137,1267,262,69,119,74,263,373,2022
113,Réunion,1369,125,1174,130,53,53,24,224,243,2022
115,Curaçao,1364,95,1384,452,184,158,110,800,704,2022
115,Botswana,1364,152,1149,313,84,139,90,252,401,2022
117,Cyprus,1355,100,1382,395,77,250,68,349,858,2022
118,Libya,1352,79,1480,412,148,170,94,564,556,2022
118,Latvia,1352,84,1403,426,122,200,104,512,699,2022
118,Ethiopia,1352,96,1401,434,155,183,96,610,644,2022
121,French Guiana,1349,122,1250,169,53,82,34,253,293,2022
122,Trinidad and Tobago,1340,59,1510,819,358,284,177,1374,1029,2022
123,Sierra Leone,1338,103,1372,301,86,136,79,279,418,2022
124,Zanzibar,1328,146,1104,203,37,126,40,169,434,2022
125,Cuba,1327,83,1428,470,181,179,110,659,644,2022
126,Tajikistan,1325,124,1329,176,65,77,34,249,268,2022
127,Mozambique,1322,120,1322,364,110,162,92,361,465,2022
127,Suriname,1322,82,1407,501,220,166,115,915,692,2022
129,Lebanon,1320,109,1320,355,97,163,95,424,555,2022
129,Togo,1320,89,1443,460,144,199,117,498,637,2022
131,Zimbabwe,1318,80,1468,489,193,159,137,665,568,2022
132,Kuwait,1315,83,1470,685,290,218,177,1085,770,2022
132,Tanzania,1315,117,1287,583,169,253,161,671,870,2022
134,Liberia,1311,111,1343,305,81,157,67,283,461,2022
135,Faroe Islands,1308,120,1251,250,42,176,32,186,600,2022
136,Sudan,1305,87,1455,498,171,203,124,587,667,2022
137,Madagascar,1303,101,1369,315,119,126,70,442,478,2022
138,Congo,1302,79,1485,446,165,172,109,645,614,2022
139,Eswatini,1299,150,1183,271,59,131,81,236,454,2022
140,Malawi,1296,113,1329,624,210,236,178,739,811,2022
141,Rwanda,1280,144,1205,262,81,115,66,273,337,2022
142,Indonesia,1271,100,1360,736,280,314,142,1242,1206,2022
143,C African Rep,1265,121,1301,137,28,80,29,145,276,2022
144,Kyrgyzstan,1264,157,1191,154,47,85,22,168,274,2022
145,Malta,1260,117,1322,423,57,294,72,272,956,2022
146,Nicaragua,1258,144,1019,219,42,152,25,212,574,2022
147,Burundi,1257,123,1288,212,65,97,50,239,288,2022
148,Turkmenistan,1249,116,1360,161,63,69,29,255,241,2022
148,Fiji,1249,126,1252,258,117,93,48,594,407,2022
150,Lithuania,1248,88,1316,384,100,212,72,382,708,2022
151,Comoros,1247,191,907,107,22,61,24,86,185,2022
152,Niger,1244,133,1241,255,54,139,62,244,458,2022
153,Moldova,1233,107,1399,267,51,156,60,210,456,2022
154,Mayotte,1225,157,1200,38,13,16,9,54,56,2022
155,Papua N Guinea,1223,164,1091,142,49,69,24,325,299,2022
155,Lesotho,1223,150,1185,294,58,146,90,237,483,2022
157,India,1217,115,1314,553,203,240,110,783,925,2022
158,Guadeloupe,1215,88,1415,267,115,104,48,461,384,2022
159,Malaysia,1213,122,1284,876,331,346,199,1407,1294,2022
160,Solomon Isl,1208,145,1186,195,83,78,34,434,379,2022
161,Bermuda,1205,126,1288,203,67,95,41,321,339,2022
162,Chad,1189,133,1247,155,32,89,34,146,289,2022
163,Guyana,1184,102,1294,421,126,209,86,521,735,2022
164,St Kitts/Nevis,1177,135,1178,215,91,84,40,379,316,2022
165,Dominican Rep,1176,160,1031,155,53,77,25,227,262,2022
166,New Caledonia,1172,99,1366,265,129,105,31,689,398,2022
167,Antigua/Barb,1164,142,1188,260,93,119,48,378,433,2022
168,Tahiti,1158,99,1399,236,125,77,34,655,360,2022
169,Eritrea,1144,163,1163,84,15,50,19,57,136,2022
170,Hong Kong,1139,121,1292,470,167,212,91,746,804,2022
171,Grenada,1136,96,1387,271,94,112,65,440,479,2022
172,Singapore,1127,132,1231,721,222,352,147,961,1302,2022
173,Vanuatu,1126,155,1107,194,60,107,27,361,419,2022
174,Andorra,1108,183,1044,196,13,158,25,66,483,2022
175,South Sudan,1104,181,1076,54,9,36,9,36,98,2022
176,Yemen,1098,143,1215,265,57,159,49,256,543,2022
177,Afghanistan,1095,167,901,139,33,74,32,138,289,2022
178,Philippines,1093,132,1069,352,85,216,51,366,935,2022
179,Puerto Rico,1088,162,933,169,33,111,25,167,448,2022
180,Belize,1077,136,1116,103,22,61,20,103,199,2022
181,São Tomé/Pr,1071,173,1061,62,10,45,7,49,165,2022
182,Gibraltar,1069,178,1086,84,14,60,10,53,256,2022
183,St Vincent/Gren,1064,105,1339,323,114,134,75,495,586,2022
184,Saint Lucia,1049,124,1243,226,73,116,37,314,424,2022
185,Barbados,1007,118,1249,344,108,147,89,430,547,2022
186,Somaliland,1002,189,1000,2,1,0,1,4,3,2022
187,Western Sahara,996,190,996,1,0,1,0,0,6,2022
188,Dominica,991,128,1206,219,53,119,47,258,436,2022
189,Liechtenstein,978,164,1130,225,17,180,28,95,637,2022
190,Bonaire,974,147,1043,84,20,54,10,96,214,2022
191,Montserrat,965,189,626,56,13,36,7,61,197,2022
192,Greenland,963,184,977,20,5,14,1,33,42,2022
193,Aruba,959,121,1208,184,44,99,41,262,424,2022
194,Mauritius,951,103,1349,315,89,155,71,407,513,2022
195,Nepal,933,190,886,268,62,159,47,231,625,2022
196,Myanmar,928,130,1244,504,204,209,91,830,859,2022
197,Maldives,927,190,886,219,62,120,37,273,498,2022
198,Monaco,903,199,900,9,4,2,3,11,15,2022
199,Taiwan,900,142,1181,313,89,175,49,429,730,2022
200,Somalia,899,163,1086,127,14,97,16,68,331,2022
201,Seychelles,884,181,981,164,22,111,31,128,345,2022
202,Pakistan,870,149,1123,257,60,150,47,251,565,2022
203,Djibouti,864,176,872,102,8,86,8,68,377,2022
204,Bahamas,861,187,883,67,15,44,8,65,209,2022
205,Cambodia,845,157,1064,282,62,182,38,314,750,2022
206,Bangladesh,844,181,983,291,76,152,63,263,532,2022
207,Cayman Islands,840,181,1018,109,20,67,22,105,269,2022
207,Saint Martin,840,186,989,61,21,34,6,83,151,2022
209,Mongolia,803,188,848,83,19,54,10,92,241,2022
210,San Marino,784,193,928,194,1,184,9,28,798,2022
211,Sint Maarten,780,185,912,51,13,29,9,72,139,2022
212,Chagos Islands,776,211,788,3,0,2,1,4,10,2022
213,Tuvalu,738,203,745,31,7,20,4,39,175,2022
214,Turks & Caicos,730,209,779,39,8,29,2,39,164,2022
215,St Barthélemy,715,217,702,8,3,4,1,18,25,2022
216,Guam,705,205,694,120,27,81,12,145,563,2022
217,Wallis and Futuna,701,199,700,24,5,19,0,23,109,2022
218,Macao,698,169,971,152,24,112,16,137,465,2022
219,Vatican,692,216,697,5,0,3,2,1,6,2022
220,Cook Islands,683,204,683,48,11,33,4,44,249,2022
221,Samoa,678,210,655,64,18,42,4,86,246,2022
222,St Pierre/Miquel,677,222,679,7,0,7,0,2,78,2022
223,Sri Lanka,675,177,914,257,47,167,43,246,674,2022
224,US Virgin Isl,662,216,695,64,8,48,8,33,262,2022
225,Laos,653,183,905,212,40,142,30,215,681,2022
226,Tibet,630,206,668,10,0,9,1,8,38,2022
227,East Timor,623,224,624,75,8,60,7,71,241,2022
228,Anguilla,621,221,556,87,10,69,8,52,342,2022
229,Br Virgin Islands,616,204,802,114,19,78,17,102,362,2022
230,Brunei,615,199,785,128,21,95,12,105,402,2022
231,Falkland Islands,580,226,587,3,0,3,0,0,21,2022
232,FS Micronesia,564,227,573,8,1,7,0,8,64,2022
233,Bhutan,563,216,599,93,8,79,6,54,360,2022
234,Kiribati,545,216,581,11,0,10,1,7,126,2022
235,Tonga,528,210,662,62,14,42,6,70,242,2022
236,Niue,496,222,496,2,0,2,0,0,33,2022
237,Eastern Samoa,472,223,473,51,4,45,2,30,340,2022
238,N Marianas,404,229,523,28,3,23,2,33,121,2022
239,Palau,403,233,403,2,0,2,0,3,27,2022
